ClWzaEHRSM4,17,Clube de Regatas do Flamengo|Flamengo|Mengão|Mengo|Fla|Fla TV|TV Fla|canal oficial do flamengo|nação|nação rubro-negra|rubro-negro|fla tv|flamengo|mengão|pelé|pelé homenagem flamengo|futebol|pelé fifa|pelé fifa 22|fifa|rei|rei do futebol|edson arantes do nascimento|rei pelé|pelé no flamengo|pelé lenda|pele|zico|zico e pelé|zico e pelé no flamengo|zico e pelé em 79|zico e pelé em amistoso beneficente|vítor pereira no flamengo|chegada vitor pereira no mengão,False,False
uaeSm6_IdcM,20,107 fatos que você queria saber antes|queria saber antes|107 fatos|107|minecraft|onerb|0nerb|nerb|breno|curiosidades minecraft|dicas minecraft,False,False
MaYv8w-SZc0,24,Enaldinho|Enaldo Lopes|Desafio|elo team,False,False
30MwQj_oL9M,17,Donos da Bola|Pelé|neto|neto band|craque neto|craque neto band|craque neto donos da bola|cortes do neto|cortes do craque neto|cortes donos da bola|neto abertura donos da bola|velloso donos da bola|souza donos da bola|carque neto|donos da bola band|reações do neto|reações do craque neto|neto reagindo|reacts do craque neto|reacts do neto|neto falando do pelé|neto pelé|video do neto bravo|neto pistola|craque neto sobre pele|neto kaka|neto no velorio,False,False
idqusI62chw,22,flávia calina|flavia calina|maternidade|victória calina|reality flávia calina|reality show|reality|reality show momentos|por trás das câmeras|flávia calina viagem brasil|flávia calina aeroporto|flávia calina vovo|flavia calina vovo janete|flavia calina surpresa|flavia calina tour pela casa|casamento irmao flavia calina|tour do apartamento|flavia calina viagem|família calina|reality show americano|mae de quatro filhos|família grande,False,False
GNrP3TuIodw,25,Rede Record|Jornalismo|Record|Fala Brasil|Notícias|jornalismo|Jornalismo Record|Mariana Godoy|Eduardo Ribeiro|pelé|caixão pelé|filhos carregam o caixão de pelé|vila belmiro,True,False
KgLGOdl_e8k,17,jogo aberto|jogo aberto ao vivo|velorio pele ao vivo|band ao vivo|ao vivo band|jogo aberto band|renata fan|denilson|denilson show|pelé|despedida do pelé|vila belmiro|santos|santos fc|cobertura do velorio do pelé|rei pelé|denilson band|renata fan band|renata fan jogo aberto|luto pelé|funeral pelé|enterro do pelé|noticias do pelé|debate jogo aberto|debate do jogo aberto|debate do jogo aberto ao vivo|jogo aberto pelé,False,False
9OWaqjqNjKE,20,maniqueft|lego|problems|probrems|probres|pobrems|problemas|problema|pobrema|mainequeft|minecraft|video do problema|video do problems|video do pobrems|minecraft survival|minecraft mitos|minecraft fatos|curiosidades minecraft,False,False
tF2TowG0DD8,20,micro|micro carreira|micro carreira aleatória|carreira aleatória|fifa aleatório|aleatória|aleatório|carreira|modo carreira|modo carreira fifa|fifa modo carreira|01|#01|o início|início|futebol enlouqueceu,False,False
o8w__pnJ9x4,17,mauro|cezar|pereira|futebol|espn|football|mauro cezar pereira|mauro cezar|uol|espn brasil|mauro cesar|mauro cesar pereira|mauro césar|mauro césar pereira|flamengo|corinthians|vitor pereira,False,False
qHFr3rQpNCk,20,minecraft|athos|athos gamer|minecraft pe|bedrock|java|pocket edition|maniqueft|virei casa trollar amigo|trolei meu amigo minecraft|estruturas minecraft,False,False
0P7UpPf-5Oc,17,nfl|futebol americano|antony curti|curti|nfl pt br|nfl em português,False,False
nXm2Jd2L1bE,20,[None],False,False
kUOLeYBY0gM,24,franzinha|francijapa|franjapa|fran japa|daily vlog|vlog|diario|franciele|divertido|engraçado|wiizinho|mãe|virei mãe|ayla|por um dia|um dia|loucura,False,False
CZ7dPGBCQFE,24,NBA|NBA Brasil|NBA Brasil melhores momentos|NBA Brasil jogos|Rodada NBA|NBA ao vivo|donovan mitchell|71 points|donovan mitchell 71|lebron james|luka doncic|klay thompson|klay thompson record|ja morant|onde assistir nba|nba youtube|nba brasil youtube|nba ao vivo|resumo nba|nba amazon prime video|nba league pass|cleveland cavaliers|golden state warriors|maiores pontuações nba|nba records|nba recordes,False,False
gGmkQojUKNk,17,esporte interativo|tnt sports|tnt sports brasil|nba|nba na tnt sports|jogos nba ao vivo|jogos nba na tnt sports brasil|onde assistir nba|nba brasil|nba ao vivo|onde assistir golden state warriors x atlanta hawks|jogos nba atlanta hawks|jogos nba golden state warriors|klay thompson|stephen curry|trae young|dejounte murray|warriros x hawks|jogos nba|onde ver nba,False,False
EeyAqPysazA,17,esporte interativo|tnt sports|tnt sports brasil|pelé|pelé morreu|morte pelé|pelé santos|pelé eterno|rei do futebol|rei pelé|luto pelé|pelé brasil|velório pelé|pelé vila belmiro|velório pelé ao vivo|tnt sports pelé|pelé camisa aposentada|camisa 10 pelé|santos camisa 10|pelé camisa 10|pelé 10|pelé neto|neto|craque neto|kaká pelé|pelé neymar|neymar|neymar pelé|jogadores homenagens pelé|jogadores pelé|jogadores velório pelé,False,False
l7poldHF6lw,25,bbc brasil|bbcbrasil|notícias internacionais|bbc news brasil|bbc,False,False
jX9JpB7-l6U,17,SPFC|tricolor|São Paulo|Morumbi|sao paulo|spfctv|Made in Cotia|tricolorpaulista|São Paulo Futebol Clube|VamosSãoPaulo,False,False
bmAndArhD8Q,17,palmeiras|tv palmeiras|sociedade esportiva palmeiras|gols do palmeiras|bastidores do palmeiras,False,False
ZvE-OKSHdxQ,25,posse lula|lula subiu a rampa|lula ja tomou posse|ministros do governo lula|posse bolsonaro posse lula|lula discurso posse|lula subindo a rampa|cerimônia de posse do lula|lula assume a presidencia|quando o lula vai tomar posse|bolsonaro vai ser preso|jair bolsonaro|posse bolsonaro|bolsonaro posse lula|eduardo bolsonaro|carlos bolsonaro|presidente bolsonaro|posse de bolsonaro|bolsonaro hoje|jair bolsonaro presidente|bolsonaro eua,False,False
dmVB4qVXs90,25,Lula|PT|Eleições 2022|Bolsonaro|auxílio emergencial|entrevista lula|discurso lula|eleições 2022|lula presidente|lula inocente|lula e dilma rousseff|fala lula 7 de setembro|lula fala ao brasiil|fora bolsonaro|lula critica bolsonaro|Lula na Bahia|Lula em Salvador|A TARDE FM|FM 103.9,False,False
fs_cU_mUiaU,26,novo ciclo remix|um novo ciclo|camila zen|contos camila zen|ano novo|reflexao|reflexão|reflexões|começo do ano|o passaro|passaro|pedras|as pedas|carregar pedras|pedras no caminho|novo ciclo|jean cabelera|lourena|historias camila zen|camila zen historias,False,False
3-DhMUpocrQ,22,[None],False,False
ahLcP2b9Dyo,20,RAINBOW FRIENDS CHAPTER 2!!,False,False
JYacsbhT6B0,17,ESPN|ESPN Brasil|pelé|pelé entrevista|pelé no hospital|pelé jogando|pelé no mundo|pelé no brasil|pelé best moments|pelé bicicleta|pelé copa de 70|pelé copa do mundo|pelé comemorando gol|pelé copa de 58|pelé chora|pelé dribles|pelé documentario|Pelé ao vivo|Pelé velorio|Pelé enterro|Pelé Santos|Pelé Brasil|velorio pelé|velório pelé ao vivo|velorio|pelé ao vivo,False,False
dBAl5wtQeIM,20,brancoala|brancoala games|marcos|brancoala roblox|roblox|brancoala jogando roblox|brancoala games roblox|marcos jogando roblox|stinky roblox|roblox mr stink|escape mr stinky roblox|roblox professor|roblox jogo do professor|roblox escape do professor|brancoala games roblox professor|MR STINKY'S|roblox mr stinkys detention obby|mr stinky obby|mr stinky obby roblox,False,False
q2GM0T4jolw,17,Flamengo|Fla|Mengo|Mengão|Fla Noticias|Noticias do Flamengo|Globo Esporte|Fox Sports|Flamengo 2022|Reforços do Flamengo|Treino do Flamengo|Ultimas Noticias do Flamengo|Vitor Pereira|Vitor Pereira Flamengo|Primeiro treino de Vitor Pereira|Primeiro treino de Vitor Pereira no Flamengo|Absurdo com o Flamengo|Marcos Braz|Mercado da bola|Contrato assinado no Flamengo|Gerson|Gerson Flamengo|Gerson assina com o Flamengo|Apresentação de Vitor Pereira no Flamengo|CRF,False,False
maNl7_tfW6s,2,Acelerados|Rubens Barrichello|Cassio Cortes|Gerson Campos|Carros|Automobilismo|Auto|automotiva|velocidade|velocidade final|potencia|torque|review|dicas|teste|motor|rubinho|pilotagem|piloto|rapido|turbo|Toyota GR Yaris|GR Yaris|Toyota Yaris|Yaris|O TOYOTA YARIS MAIS INSANO DO MUNDO NA VOLTA RÁPIDA! Rubinho acelera o esportivo preparado na pista!|Gazoo Racing|Toyota Gazoo Racing|Toyota GR Yaris Volta Rápida|GR Yaris Volta Rápida|Yaris Volta Rápida|Velocitta,False,False
K0xeQ_woedA,17,cr7|cristiano|cristiano ronaldo|al nassr|cr7 na arabia|united|ronaldo|champions league|messi|neymar|psg|real madrid|benzema|vini jr,False,False
Zb8_I-Dwp8g,24,Enaldinho|Enaldo Lopes|Desafio|elo team,False,False
Qj64NaDyc9Q,2,Carro Com Tudo|Vitor Fogassa|CARRO BARATO,False,False
JL0zYuWg3KE,17,Clube de Regatas do Flamengo|Flamengo|Mengão|Mengo|Fla|Fla TV|TV Fla|canal oficial do flamengo|nação|nação rubro-negra|rubro-negro,False,False
azwIrsINIIg,22,me poupe|mepoupenaweb|finanças pessoais|educação financeira|canal de finanças|nathalia arcuri|como ganhar dinheiro na internet|finanças para mulheres|investimento para iniciantes|tesouro selic|tesouro direto|renda extra|investimento|nath arcuri|como investir dinheiro|renda fixa|como começar a investir|ideias para ganhar dinheiro|metas|metas 2023|criar metas|dinheiro 2023|ano novo 2023|sonhos 2023|metas de ano novo|realizar metas|definir metas,False,False
_ZAgIHmHLdc,10,HYBE|HYBE LABELS|하이브|하이브레이블즈,False,False
ouli1MEgh-4,20,Clash Royale|Clash Royale Game|Supercell|Supercell Game|Clash Royale Supercell|Mobile Game,False,False
GR0mNoplVeY,20,maniqueft|lego|problems|probrems|probres|pobrems|problemas|problema|pobrema|mainequeft|minecraft|video do problema|video do problems|video do pobrems|minecraft survival|minecraft mitos|minecraft fatos|curiosidades minecraft,False,False
Vr21sKRLWyw,25,folha|jornalismo|folha de s.paulo|tv folha|notícias|folha de sao paulo|brasil|são paulo|rio de janeiro|tarcisio de freitas|posse do governador|governador de sp|governo de sp|alesp|tarcisio|republicanos|bolsonaro|assembleia de sp,False,False
cp4kWvgrNUQ,24,[None],False,False
IKkExS4O1Lo,17,ESPN|ESPN Brasil|Liverpool|Darwin Núñez|Darwin|Premier League|Mbeumo|brentford|Jogos|Futebol ao vivo|Golaço|alisson|City|Arsenal|Chelsea|Klopp|Salah,False,False
tUCT82t1Y8Q,22,got the beat|갓더비트|보아|boa|소녀시대|girls' generation|snsd|태연|taeyeon|효연|hyoyeon|hyo|레드벨벳|red velvet|슬기|seulgi|웬디|wendy|에스파|aespa|카리나|karina|윈터|winter|girls on top|stamp on it|choreography|stage|video|dance|스탬프온잇|안무|무대|라이브|smcu|smtown|2023,False,False
rDw-YyQ4Drc,24,willou|watson|oque não dizer|o que não dizer|humor|engraçado|POBRES|pobreza,False,False
129dQTbJh3s,20,minecraft|tutorial|repeater|repeaters|repetidor|repetidores|piston|pistons|pistao|pistoes|redstone|red|stone|pedra|vermelha|po|vermelho|stick|slime|viniccius13|vinicios13|vinicius13|viniccius|13|vinicius|vinicios|pt-br|pt|br|brasil|brazil|em|busca|da|casa|automatica|impressora 3D|colorida|print|printer|ep348|348|#348,False,False
-TbQWOWA_nM,24,natan|natan por aí|Desafio Braves,False,False
ea4DDShw6ns,20,[None],False,False
SZPfmGOJE_8,25,folha|jornalismo|folha de s.paulo|tv folha|notícias|folha de sao paulo|brasil|são paulo|rio de janeiro|mourao|presidente|pronunciamento mourao|vice presidente|bolsonaro|lula|eleiçoes 2022|posse lula|quem vai passar a faixa|posse|brasilia|lula e bolsonaro,False,False
jSduk8pyYqQ,25,[None],True,False
daD1QSAG7Oo,19,[None],False,False
ImAMULXMLw4,24,Enaldinho|Enaldo Lopes|Desafio|elo team,False,False
2sNDP8yYXuQ,20,cr3at1VEsq&ad|minecraft 1.18|minecraft caves and cliffs|minecraft|minecraft nova versão|minecraft atualização|banido|maior servidor de minecraft|obsidian,False,False
fa1VrIhunzE,20,[None],False,False
D5MUh6-Rn54,17,ESPN|ESPN Brasil|Lens x PSG|Lens|PSG|Paris Saint Germain|futebol|melhores momentos|PSG hoje|Pelé|Mbappé|Marquinhos|domingo|Star+|gols|França|Francês|Campeonato Francês|Ligue 1|Openda|3x1,False,False
X4Bxg3sacQY,20,minecraft|athos|athos gamer|minecraft pe|bedrock|java|pocket edition|maniqueft|esconder diamantes minecraft|minecraft wandinha|mod da wandinha minecraft,False,False
SEdAFDl_2g4,24,new years eve|nbc|mileys new years eve party|miley cyrus|dolly parton|nye|new years eve on nbc|2023|wrecking ball|i will always love you|NBC|nbc network|miley cyrus new year's eve party|miley cyrus new year's eve 2022,False,False
RiZ6QhaPZZE,22,minecraft|eu criei o Minecraft|Minecraft mas|Minecraft real|Minecraft realístico,False,False
xGd_HhPYX4A,20,brawl stars|mobile game|mobile strategy game|mobile rpg|mobile battle royale|battle royale|supercell game|brawlies|2022|community award|award show|best,False,False
epKRJ6xSZWo,20,clash of clans|COC|Clash of Clans Gameplay|Clash of Clans Strategy|Clash of Clans Animation|Clash of Clans Commercial|Clash of Clans Attacks|Clash of Clans Town Hall|Hog Rider|PEKKA|Clan Wars|season challenges|clan war leagues|clash on|clan game|clan games|clash-a-rama|clasharama|warrior champion|royal champion skin|lunar new year|happy new year|lny|new scenery,False,False
fBtMFKTh1-Y,17,gremiotv|gremio tv|pré-jogo|grêmio|grêmio tv|grêmiotv|gremio|futebol|esporte|brasileirão|libertadores|copa|fifa|santos tv|conexão tricolor|gremista|grenal|gol|gols|time de futebol|time|renato gaúcho|ducker|avalanche tricolor|torcida geral|live|soccer|campeão|campeão do mundo|arena do grêmio|olímpico|estádio olímpico|olímpico monumental|bandeira|torcedor gremista|torcida fanática|canal oficial|canal|oficial|channel|sport,False,False
YK08FnhI3vk,20,NOVA|SÉRIE|MULTIPLAYER|SÉRIE MULTIPLAYER|NOVA SÉRIE MULTIPLAYER EM DUPLA|NOVA SÉRIE MULTIPLAYER|MULTIPLAYER EM DUPLA|minecraft|dupla de dois minecraft|minecraft survival em dupla|nova serie modpack|minecraft 1.17|NOVA SERIE MULTIPLAYER EM DUPLA MODPACK|LIGONZ|LIGONS|LINGONZ|LINGONS|LIGOZ|LINGOZ|LIGONZ E GELEIA|CREATIVE SQUAD,False,False
gWAsCo1aaJY,17,Futebol|FutParodias|Paródia|futparodia|futeparodia|parodia|fut parodia|fut parodias|Paródia com Jogadores|musica|musica de futebol|musica futparodias|musica esporte|Pelé|Pelé eterno|morte do Pelé|Pelé morreu|Pelé FutParodias|Pelé música|Demons|parodia Demons|Demons imagine Dragons|futparodias imagine Dragons|edson Arantes do Nascimento|Pelé Brasil|Pelé santos|Pelé seleção brasileira|paródia pelé,False,False
7nmqd5RoUjU,17,mauro|cezar|pereira|futebol|espn|football|mauro cezar pereira|mauro cezar|uol|espn brasil|mauro cesar|mauro cesar pereira|mauro césar|mauro césar pereira|flamengo|olympique de marseille|gerson|corinthians|vitor pereira|coringa,False,False
hIrAsMmlQzg,17,ohio state vs georgia|georgia|ohio state|cfp|college football playoff|peach bowl|Peach Bowl: Ohio State Buckeyes vs. Georgia Bulldogs | Full Game Highlights|ncaa|college football|2022 college football|college football highlights|2022 college football highlights|ncaa football|football highlights|cfb 2022|college football 2022|espn|college football on espn|espn college football|ncaaf|espn cfb|football,False,False
6yzRr3SGuv0,24,Felipe Castanhari|Canal Nostalgia|Castanhari|Nostalgia,False,False
5bBEyiIQB-M,10,gloria groove|a queda|lady leste|pop|rap|bumbum de ouro|bonekinha|funk|clipe oficial|official music video|radar|ludsession|affair|show dos famosos|gloria groove e ludmilla|gloria groove a tua voz|gloria groove clipe oficial|gloria groove bonekinha|gloria groove a queda o video|gloria groove coisa boa|leilao|blackfriday|vai comecar o leilao|gloria groove homem|trap|gloria groove leilao clipe oficial|VERMELHO|vermelho gloria groove|LADY LESTE|LADY LESTE GG|sfm,False,False
JDHWP71catw,20,Davi|David|Davy|Davis|Canal do Davi|Canal do David|Davi Gamer|Davi Games|David Games|Minecraft|CraftGames|Como fazer|Tutorial|Survival|Construções|Jogos|Divertido|Editado|Invenções|Redstone|Gameplay|ano novo|fim de ano|canhão|areia|concreto|pistão|slime|sistema redstone|viniccius13|viniccius|13,False,False
x7-d2R2PlpQ,24,new years eve|nbc|mileys new years eve party|miley cyrus|dolly parton|nye|new years eve on nbc|2023|jolene|walkin' after midnight|patsy cline|NBC|nbc network|miley cyrus new year's eve party|miley cyrus new year's eve 2022,False,False
Dhc5PP4lXe8,24,Tata Estaniecki|Tata|Canal|Comédia|Moda|Namoro|Maquiagem|Roupas|Look|Snapchat|Instagram|Tataestaniecki|Nosso Canal|gravidez|gravida|mae|filha|tag|cocielo|namorada|namorado|dicas|Bia tacielo|Mãe e filha|Recebidos|Presentes|Abrindo recebido|Neném fofo|Bebê|Blogueira|Família|Tiktok|Vídeos,False,False
eGcCHHosy7k,10,kamaitachi|darksong|historia|history|videoclipe|musica|brasil|kamatachi|camaitachi|Alice|alice no pais|pais da maravilha|alice no pais da maravilha|Mpb|mpb|indie|rock|alternative|sol|lua|sol e a lua|sol e lua|astros|nova musica|tiktok|Priska|Final de ano|Retrospectiva,False,False
LW3t_B2iFEc,24,Brenner mariano|Brenner|Mariano|Enaldinho|Enaldo lopes,False,False
yNEFiOdxRyM,10,leo chaves|leo victor e leo|leo chavez|deixa eu mentir|henrique e juliano|nova música|vitor e leo|novo dvd|musica nova|fotos|leo chaves fotos|leo chaves deixa eu mentir|henrique e juliano deixa eu mentir|leo chaves part henrique e juliano|leo chaves feat henrique e juliano|henrique e juliano 2022|deixa eu mentir leo chaves|henrique e juliano e leo chaves|leo e henrique e juliano,False,False
2VLxQiD5PJs,20,porkinbr|porkin|porkin br|minecraft|mine|craft|K1sFRIJSDFPISDI3Jdi3jdj4ALh10sB|eu criei um MUNDO PERFEITO...|nova versão minecraft|atualização minecraft|terra 5|mundo perfeito minecraft|mundo minecraft|mundo no minecraft,False,False
bL-sbwy-g1U,22,[None],False,False
VItX332jp_I,17,PELÉ|pelé morreu|pelé morte|pelé cancer|pelé causa da morte|pelé morreu do que|pelé lances|pelé gols|pelé maior jogador da história|pelé rei do futebol|futebol|pelé santos|pelé melhores momentos|pelé jogadas|pelé copa do mundo|maradona pelé|pele morreu entenda o caso|pele eterno|pele morreu mesmo?|morte de pele hoje|pelé morre|pelé hoje|homenagem ao rei pelé|homenagem pelé|homenagem pele|pele|cancer pelé,False,False
WaQMD3sYZiw,17,liga|laliga|laliga santander|football|resumen|goles|highlights|goal|gol|penalty|expulsión|expulsion|Sergio Leon|Sergio León|VAR|Ancelotti|Pacheta|Javi Sánchez|Javi Sanchez|header|cabezazo|Kroos|Vini Jr.|Vinicius Jr|Vinícius Jr|Fresneda|Fede Valverde|Joaquín Fernández|Joaquin Fernandez|Escudero|Roque Mesa|Masip|Courtois|paradon|paradón|top save|Monchu|Aguado|Ivan Sanchez|Oscar Plano|Óscar Plano|Asensio|Ceballos|Carvajal|Rudiger|brace|double|Alaba|Mendy|Camavinga,False,False
SszP3hlQ55Y,10,KQ|케이큐|에이티즈|ATEEZ|HONGJOONG|SEONGHWA|YUNHO|YEOSANG|SAN|MINGI|WOOYOUNG|JONGHO|홍중|성화|윤호|여상|민기|우영|종호|에이티즈 영상|에이티즈 세계관|에이티즈 티저|ATEEZ 티저|KPOP Music video|ATEEZ MV|ATEEZ TEASER|KQ엔터테인먼트|KQ Entertainment|에이티즈 더월드 시리즈 뮤비|에이티즈 뮤비|에이티즈 뮤직비디오|에이티즈 할라티즈|ATEEZ HALATEEZ|HALAZIA|할라지아|ATEEZ 스핀오프|에이티즈 스핀오프|ATEEZ SPINOFF|에이티즈 할라지아 티저|에이티즈 할라지아|에이티즈 뮤비 티저|에이티즈 스핀오프 티저|할라지아 뮤비|할라지아 뮤직비디오|에이티즈 할라지아 뮤직비디오,False,False
wh8junlbsFQ,24,falaidearo|fala ai dearo|gabriel dearo|manu digilio|engraçado|comédia,False,False
u-PYbsQBK_c,20,MINECRAFT|UTOPIA|APUH,False,False
0GVQX3D3V5c,20,clash of clans|COC|Clash of Clans Gameplay|Clash of Clans Strategy|Clash of Clans Animation|Clash of Clans Commercial|Clash of Clans Attacks|Clash of Clans Town Hall|Hog Rider|PEKKA|Clan Wars|season challenges|clan war leagues|clash on|clan game|clan games|clash-a-rama|clasharama,False,False
F9x4upVwrug,24,geleia|geleia tv|geleiatv|geleia vlogs|geleia youtube|canal do geleia,False,False
bnkam9YZPhM,25,bolsonaro agora ao vivo|live bolsonaro agora|bolsonaro discurso agora|bolsonaro discurso hoje|live bolsonaro ao vivo agora|live presidente bolsonaro|live do presidente bolsonaro|discurso de bolsonaro|youtube live bolsonaro hoje|live de bolsonaro agora,False,False
H3GVIlqjaSc,24,TV|reality|talent|Brasil|Brazil|The Voice Brasil|The Voice|La Voz|La Voix|Vocea|O Ses|Голос|Blind Auditions|Audition|Globo|Rodadas de Fogo|final the voice brasil|semifinal|keila junia|keilla junia|keila junia the voice rise up|keilla junia final the voice|final the voice|the voice brasil 2022|the voice ontem|final the voice brasil 2022|keilla junia vence the voice|quem venceu o the voice brasil 2022|keilla junia the voice final,False,False
4vNYYFO65iA,10,Prefeitura Salvador|PrefSalvador|SSA|Salvador|Virada|Virada Salvador|Ano Novo|Ano Novo Salvador|Reveillon|Reveillon Salvador|Live|Lives|Ao Vivo|Ao Vivo Virada|Reveillon Bahia|Vamo Virar|#Vamovirar|#VIRADASALVADOR,False,False
yosc2eccgc8,10,ze neto e cristiano|zé neto e cristiano|novo dvd|nova música|você beberia ou não beberia|ela e ela|zé neto e cristiano ela e ela|ela e ela zé neto e cristiano|nova do zé neto e cristiano|vamo toma uma|zé neto e cristiano vamo toma uma|vamo toma uma zé neto e cristiano|Música country|música sertaneja|beijou meia cidade|alimentando vontade|batendo os dentes|melhor ser saudade|numero restrito|pior dos piores|waze|dvd escolhas|escolhas|ensaio de felicidade,False,False
b5Dgt_IV1u8,24,TV|reality|talent|Brasil|Brazil|The Voice Brasil|The Voice|La Voz|La Voix|Vocea|O Ses|Голос|Blind Auditions|Audition|Globo|final the voice brasil|semifinal|keila junia|keilla junia|keila junia the voice rise up|keilla junia final the voice|final the voice|the voice brasil 2022|the voice ontem|final the voice brasil 2022|keilla junia vence the voice|quem venceu o the voice brasil 2022|keilla junia the voice final|keilla junia rise up|rise up,False,False
CAFHl5B4wUY,10,Todah Music|Gravadora Todah Music|Todah|musica gospel|musica pentecostal|gravadora pentecostal|lançamento Todah Music|Todah Choir|Sempre Foi Assim,False,False
3pvnep5Nvx0,17,Pelé|Pele|Pelé morte|morre Pelé|morte|morte Pelé|edson arantes do nascimento|gols Pelé|Pelé skills|Pelé dribles|drible|ge|ge.globo|globo|Pelé globo|sportv|galvão bueno|pelé galvao|globo esporte|pele skills|pelé copas|copa do mundo|copa|copa 1970|copa 1958|copa 1962|santos|1962|1958|1970|edson arantes do nacimento|futebol|seleção brasileira|brasil|seleção|seleção 1970|pelé seleção|pelé brasil|campeão mundial|pelé gols|gols|gol|mil|melhores gols,False,False
0T_FHufHP_Q,17,Santos|Santos Futebol Clube|Santos FC|Santos TV|Notícias do Santos|Jogos do Santos|TV Santos|Santos canal oficial|Santos ao vivo|pelé|edson|arantes|nascimento|morte|falecimento|rei pelé|rei|vila belmiro|rei do futebol|king|goat|maior da história|soccer|football|futebol|copa do mundo|world cup|brasil|brazil,False,False
fTCcTGINj44,23,henrique nemes|nemes|marivalda|a vida de marivalda|capotei um carro|cpotei o smart|henrique lemes|henrique nunes|videos engraçados|serie|terceira temporada|menino de pano na cabeça,False,False
u6MaxFCS6uo,10,#PrefeituradeSalvador|VIRADA|REVEILLON|SALVADOR|ANO NOVO|MUSICA|LIVE|LIVES|SSA|VIRADA SALVADOR|REVEILLON SALVADOR|VIRADA SSA|VAMOVIRAR,False,False
eKwFB5qCCAc,20,jake|pudding|jake pudding|jakepudding|jake pudim|pc|steam|xbox one|xbox one s|xbox|ps3|ps4|ps5|2020|lançamento|pt-br|pt|br|hd|4k|1080p|anime|animes|banido|roblox|conta apagada|sumiço|cade|video do rosto|rosto|treta|genshin impact|2023|2022|kimetsu|naruto|dragon ball z|starcode|videostar|star|pudim|anime fighters|minigames|sonic|sonic frontiers|youtuber|youtubers|voltei|jujutsu|snk|shingeki|boku no hero|ban|tower defense|blox fruits|gpo|cantinho do jake|dbz|dbs|top,False,False
OEPqF8fWdWM,10,maria marçal ao vivo|maria marçal covers|maria marçal apresentações|maria marçal deserto|maria marçal só as melhores|hinos evangélicos maria marçal deserto|músicas gospel 2022 maria marçal deserto|hinos maria marçal deserto|musicas gospel mais tocadas|Maria Marçal - Eu Sei Que Não Estou Só|eu sei que não estou só|louvores de adoração 2022|Eu Sei Que Não Estou Só #MKNetwork|eu sei que não estou só maria marçal|musica gospel 2022|melhores músicas gospel|mknetwork,False,False
aaDg6xHETyc,24,RETROSPECTIVA 2022|O que aconteceu em 2022|principais acontecimentos do ano|voce sabia|eleicoes 2022|copa do mundo|lula|bolsonaro|russia e ucrania|jo soares|nft|lula meme|chuva em petropolis|bbb|brasileirao|vampiro|anitta|podcast|por que|como fazer|receitas|musicas|principais memes,False,False
x4jThKRFCKg,20,minecraft|athos|athos gamer|minecraft pe|bedrock|java|pocket edition|maniqueft|enganei amigo virando professor|virei professor da escola|professor athos,False,False
RQJ5xrqEM4c,20,maniqueft|lego|problems|probrems|probres|pobrems|problemas|problema|pobrema|mainequeft|minecraft|video do problema|video do problems|video do pobrems|minecraft survival|minecraft mitos|minecraft fatos|curiosidades minecraft,False,False
iJ8pnsCZbPc,20,dudaberud|duda|marcelo|marcelodrv|minecraft|menina|maniqueft|engraçado|meio coração|meio|coração|1 coração|desafio,False,False
GLu8PNGA_-I,17,jogo das estrelas|arthur aguiar|bbb|bbb 22|bbb 23|DG|éverton ribeiro|diego ribas|david luiz|zico|jogo das celebridades|artur aguiar|mayra cardi|esporte|esportes|ge|ge.globo|globo esporte|globo|globoesporte.com|sportv|futebol|canal do ge|gol|gols|brasil|central do ge|jogo do zico|sportv ao vivo|adriando imperador|mc poze|pa|paulo andré|pedro scooby|douglas silva|mc cabelinho|negrete|mc daniel|shorts|#shorts|melhores momentos|melhores gols|Maracanã,False,False
K-6rzpTZ4KI,25,Lula|PT|Eleições 2022|Bolsonaro|auxílio emergencial|entrevista lula|discurso lula|eleições 2022|lula presidente|lula inocente|lula e dilma rousseff|fala lula 7 de setembro|lula fala ao brasiil|fora bolsonaro|lula critica bolsonaro|Lula na Bahia|Lula em Salvador|A TARDE FM|FM 103.9,False,False
-14hlkq7zzU,24,falaidearo|fala ai dearo|gabriel dearo|manu digilio|engraçado|comédia,False,False
y0F0FgwGA0s,24,NerdOffice|Filmes 2022|Melhor Filme|Everything Everywhere All at Once|Tudo em todo lugar ao mesmo tempo,False,False
MPnl7uTSfmM,17,CazéTV|Cazé TV|Casimiro ao vivo|Casimiro|Copa do Mundo 2022|Copa do Mundo ao vivo|Copa do Mundo Catar|CazéTV ao vivo|Cazé ao vivo|Pelé Brasil|Pelé Copa do Mundo|Gols do Pelé|Pelé golaços|Lances pelé|Filme do Pelé,False,False
DpJdStecXhA,17,CHAMPIONS|CHAMPIONS LEAGUE|LIGA DOS CAMPEÕES|FUTEBOL|MANCHESTER|MANCHESTER UNITED|CRISTIANO RONALDO|ERIK TEN HAG|ANTONY|POGBA|ANTOURNY|ISABELA PAGLIARI|ENTREVISTA|EXCLUSIVA|BOLA DE OURO,False,False
g3l3UVPffAU,17,futebol|barolo|blog do barolo|barolo vídeos|spfc|notícias do são paulo|informações do são paulo|são paulo|tricolor|reforço confirmado|atacante|marcos paulo|atacante confirmado|panelinha|rogerio ceni|ceni|rogério|rogerio|treinador|casares|belmonte|copinha|copasp2023|copinha23|paulistão|campeonatopaulista|paulista|mercado|novidades|informações|pardal|nbb|futebol feminino|iron maiden|cartão de natal|patrick|igor gomes|saídas|chegadas|vai e vem|estrangeiros|arboleda,False,False
ZpT35-h-rAY,20,[None],False,False
U08-ycz9aj0,17,[None],False,False
Egho2y4nolU,20,Eu Sobrevivi 100 DIAS|Eu Sobrevivi|100 dias minecraft|100 dias|sobrevivi|minecraft 100 dias|sobrevivi 100 dias|sobrevivendo 100 dias|100 dias en minecraft|minecraft|minecraft brazil,False,False
Z0E2RQjlbww,17,jogo das estrelas|arthur aguiar|bbb|bbb 22|bbb 23|DG|éverton ribeiro|diego ribas|david luiz|zico|jogo das celebridades|artur aguiar|mayra cardi|esporte|esportes|ge|ge.globo|globo esporte|globo|globoesporte.com|sportv|futebol|canal do ge|gol|gols|brasil|central do ge|jogo do zico|sportv ao vivo|adriando imperador|mc poze|pa|paulo andré|pedro scooby|douglas silva|mc cabelinho|negrete|mc daniel|shorts|#shorts|melhores momentos|melhores gols|Maracanã,False,False
6WInAqswPXw,20,[None],False,False
LLRXuHsIyLw,24,rafaella|baltar|luiz|phellipe|K.FUN|passamos|noite|caa|festas|24|hpras|madrugada,False,False
pPQVJQiu-Eg,24,canal gnt|GNT|canal gnt online|assistir gnt|TV Globo|gnt ao vivo|Lucio Mauro Filho|Fábio Porchat|Luis Lobianco|Dani Calabresa|Gabriel Louchard|comediantes|especial final de ano|histórias de Reveillon|Ano Novo na trilha|Chapada das Diamantinas|Cíntia Oliveira|Cíntia e Lúcio|melhor história|Que História é Essa?|risadas|trilha de Ano Novo|Trilha de casal|acampamento|perrengues no ano novo,False,False
aEFZQMz5xko,17,desimpedidos|futebol humor|futebol comedia|engraçado|futebol|zueira|gol|golaço|mitagem|dibre|drible|time|desimpididos|fala brasolho|fred|fred +10|fred mais 10|fred mais dez|fred + dez|fred palmeiras|fred supercopa|chico desimpedidos|chicungunha desimpedidos|chico narrador|danilo desimpedidos|bira desimpedidos|bira camisa 21|podcast fred|podcast fred desimpedidos|natal|ano novo|paulo desimpedidos|quiz|castigo|desafio futebol,False,False
P7EA1GeJCYs,24,canal gnt|GNT|canal gnt online|assistir gnt|TV Globo|gnt ao vivo|Dani Calabresa|comediantes|Que História é Essa?|risadas|Lúcio Mauro Filho|Luis Lobianco|Gabriel Louchard|especial de final de ano|amigos|risadas com Porchat|depilação feminina|depilação com cera quente|cera quente|perrengues de depilação|passar vergonha|Rio de Janeiro|São Paulo|situação desconfortável,False,False
KUDLzCGD4kM,24,familia|thais carla|casa|utilidades para o lar|mansão|vlog|recebidos|tour|tutorial|compras|comprinhas|dinheiro|dicas|panelas|louças|copos|faqueiro|construção|obra,False,False
Y8eB_G9_l_s,20,minecraft|hurtig|hurtig minecraft|hurting|hurt|minecraft|hurtig|hurtig minecraft|hurting|hurt|minecraft|hurtig|hurtig minecraft|hurting|hurt,False,False
nNKs95PVw6Q,20,bauers|minecraft|trolagem|xinglau|bauergang|xing lau|trolagem minecraft|amigo minecraft|meus amigos no minecraft|meus amigos me prenderam|vingança minecraft|trolei meu amigo|trolei meu amigo minecraft|sandega,False,False
1M96EtGoZw4,27,Pavê de limão|Sobremesa de limão|Pavê com limão|Sobremesa fácil com limão|Como fazer pavê|Pavê fácil|Pavê fácil de limão|Pavê de limão fácil|Pavê de limão no liquidificador,False,False
bRNKb_p-hGo,17,Clube de Regatas do Flamengo|Flamengo|Mengão|Mengo|Fla|Fla TV|TV Fla|canal oficial do flamengo|nação|nação rubro-negra|rubro-negro|flamengo|fla tv|mengão|treino do flamengo|clube de regatas do flamengo|tv fla|elenco se reapresenta|elenco|treino|temporada 2023|mundial de clubes|treino flamengo|noticias do flamengo hoje|noticias do flamengo de hoje|ninho do urubu,False,False
8dVsWd6cw4M,20,[None],False,False
3xWTdKnqsDM,17,SPFC|tricolor|São Paulo|Morumbi|sao paulo|spfctv|Made in Cotia|tricolorpaulista|São Paulo Futebol Clube|VamosSãoPaulo,False,False
IJ79zPu4fqo,10,Now United|Nowunited|New united|one united|now united episode|the now united show|bailey may|now united bailey may|summer in the city|now united members|now united show|we are now united|nowunited philippines|now united any|now united sina|josh beauchamp|noah urrea|now united|mame|diarra|فرقة now united|ناو يونايتد,False,False
cTAfM1IB21I,20,breno|bruno|brenor|brunor|bren0rj|brenorj|bren0rj7|brenorj7|brunorj|brunorj7|bren0|anime|animes|roblox,False,False
X70s8fKI3xw,19,motorhome|kombi|kombihome|volkswagen kombi|viagem|volta ao mundo|viver viajando|mundo afora|vanlife|viagem em casal|turismo de aventura|henriqueta vai|viagem de carro|dicas de viagem|viagem de kombi|viagem com pet|viajar com cachorro|turismo de carro|vlog|casal viajante|vlog viagem|daily vlog|motorhome brasil|La Paz|valvula termostatica,False,False
nYAbyvSi97Y,20,hidro|jogando|gameplay|minecraft|mine|craft|br|hidrobr|hidrojp|anime|pocket edition|jp|hydro|roblox|hydrojp|idro|idrojp|hidro roblox|novo|novo canal|roblox games|divertido|legal|engraçado|blox fruits|one piece|blox fruit|natal|presente|presentes|capa mítica|capa|24 horas|24|horas|muitos|muita|vários|varios presentes,False,False
vrJJdp1L3RA,20,MINECRAFT|UTOPIA|APUH,False,False
UU-Db9y25Fw,22,[None],False,False
KB_Juijt1nM,24,[None],False,False
xR-9IMQuEyo,24,History|History Channel|historia|brasil|dublado|américa segredos de estado|américa segredos de estado completo|américa segredos de estado dublado|américa segredos de estado assistir on-line|américa segredos de estado brasil|segredos de estado|segredos da américa|History 2|segredos do governo|governo|casa branca|brasília,False,False
YtGF9P57tPw,24,paty|paty caetano|joão caetano|familia caetano|youtuber feminina|gabriel caetano|dede campos|namoro paty caetano,False,False
RXG88oFZtIA,24,falha na matrix|voce sabia|glitch|A Glitch in the Matrix|filmadas por cameras|capturadas por cameras|falha na matrix carros|falha matrix ceu|glitch matrix sky,False,False
QnzumS6endI,23,Piada|Reclamação do Dia|Chico Da Tiana|humor|Cleber Rosa,False,False
8AGzCKYdzMY,20,MINECRAFT|UTOPIA|APUH,False,False
uSPKsuFD_I8,22,pudim|sobremesa|sobremesa rápida|sobremesa para o final de ano|sobremesa fácil|sobremesa sem forno|sobremesa sem gelatina|sobremesa prática|pudim de leite condensado|pudim tradicional|pudim na boca do fogão|pudim rápido|pudim fácil e rápido|pudim perfeito|pudim sem furinhos|receita de pudim|como fazer pudim perfeito|como fazer pudim gostoso,False,False
Fu4gB_w0Gpg,20,Games EduUu,False,False
0n6Am1OFzLs,20,[None],False,False
XiteJLMKsEU,24,leon|coisadenerd|coisa de nerd|português|brasil|pt-br|br|presentes|natal|presentes de natal|papai noel|cachorro|feliz natal|surpresa|2022,False,False
hAcZhZc0VAk,24,Casa|Mansão|Compras|Panelas|Panela|Comprei|Tour|Vlog|Tutorial|Dicas|Thais Carla|Panelas de|Indução|Gastei|Cozinha|Panela de pressão|Família,False,False
---Pt7XVuOk,22,sarakellen|mãedetrês|vidanaroça|youtuberdaroça|vidanocampo|famíliafeliz|familia|virginia|mariaalice|anavitória|joãolucas|willkerribeiro|coisasdadoça|senhorémeupastor|gloriaaopai|sara kellen stories|stories da sara kellen|stories sara kellen|quanto ganha sara kellen,False,False
rUW7ev79fTA,10,ana castela|dona de mim|dona de mim ana castela|sertanejo|top sertanejo|ana castela palhaço|ana|castela|eu criei filha minha para ser boiadeira|decepção em cima de decepção|eita amor que dá coice no coração|dona|de|mim|lançamento|eu|criei|filha|minha|pra|ser|boiadeira|E no dia que eu saí de casa minha mãe me disse|não|vai|ter|frescurinha|para|abrir|porteira|e nunca|nessa vida|vai depender|de macho,False,False
JYExQPOqfB0,10,manu batidao|manu batidão 2022|garrafa de gin|manu|maquina do tempo|banda batidao|manu batidao garrafa de gin|par perfeito|sem ti|batidao|melody marcantes|eu juro|nem o sol nem a lua|melody|como num filme triste chorei|tiro certo|manu garrafa de gin|mari fernandez|musicas|manu batidão par perfeito|melody 2022|ta com saudade de mim|maquina do tempo manu batidão|Manu Dependente|Infelizmente eu virei dependente|Manu infelizmente|Prefiro ser,False,False
s_E2V1E55FI,24,kk13|karol kaepstick|kaepstick|kaepstick 13|karol kaepstick terror|terror e make|kah13|terror e make kaepstick|lendo histórias de terror dos inscritos|terror podcast|terror e make podcast|histórias reais de terror|testando maquiagens|tutoriais de maquiagem|histórias de natal|natal terror|historias de terror de natal|natal halloween|natal assustador,False,False
VPZ_xNl4JK4,10,José|Augusto|Fantasias|Sábado|(Ao|Vivo|Rio|Janeiro|2008)|Universal|Music|Ltda.|Pop,False,False
SQabYf2u-qQ,10,[None],False,False
_y5lb6DFzbo,20,cr3at1VEsq&ad|Mine|Craft|Minecraft 1.19|PS5|Minecraft de Celular|Minecraft PE|MCPE|Minecraft|Minecraft PC|Minecraft Java|MucaHD|Muca|Survival|Survival 1.18|Sobrevivência|Sobrevivendo|Minecraft Survival|Minecraft 1.18|viniccius13|Forever|Farm|Ligonz|FEURIPE|Tonigon|Fixz|Onerb|Caduxinn|Obsidian|muca hd|Fui descoberto|desmascarado|espião|chocar|ovo|de|dragão|dragões|Dragon|Egg|Máquina do Tempo|Viagem|Temporal|Espaço|Tempo|Chip|Geleia|Mendrake|Kang|O Conquistador|Marvel,False,False
1b_W5gfQyWQ,23,natal|feliz natal|dona Sônia|DiCaprio|Glauber Cunha|humor|comédia,False,False
CBj9sB97gv4,10,vitor fernandes|clipe oficial|ai ce liga|só pra bagunça|minha mente|ai voce vem|forro 2023|piseiro 2023|piseiro apaixonado|musica nova do vitor|vitor piseiro|rei do piseiro|sua musica|clipe de forro|clipe de piseiro|eu to bem|ja tenho alguem|mais tocadas|musica de forro|ouvir forro|ouvir piseiro|musica de piseiro|playlist forro|video de piseiro|video do vitor|show do vitor|mirela|mirela janis|atriz forro|dvd|forro romantico,False,False
ZDdWFYRb_2Y,10,gica|pagode da gica|lagrimas vao e vem|gica maria|pagode|gica lagrimas vao e vem|gica pagode|lágrimas vão e vem|gica oficial|fica lagrimas vao e vem|pagode gica|gicaoficial|fica lagrimas vão e vem|giga|lagrimas vao e vem pagode|eu sei que as lagrimas vao e vem|as lagrimas vão e vem|pagode da gica completo|gica lagrimas vão e vem|lagrimas vao e vem gica|gika|pagode da gica lagrimas|pagode da gica lagrimas vao e vem|jica|gica da rocinha|pagode 2022,False,False
7IKab3HcfFk,24,[None],False,False
AC2gsX04u5o,10,clipe|cover|covergirl|luisa sonza|sonza|souza|sousa|oficial|single|música|musica|Luisa Sonza|luisa|luiza|lu|lu sonza,False,False
7SElKJuXYgs,24,leon|coisadenerd|coisa de nerd|português|brasil|pt-br|br|natal presente|presente de natal|presentes|presentes de natal|comprando|christmas,False,False
Gm5dWGLMvcQ,10,clayton e romario|cleiton e romario|claiton e romario|cleyton e romario|agua nos zoi|agua no zoi|jorge e mateus|sertanejos|sertanejo universitario|dupla sertaneja|clayton e romario no churrasco 2|sertanejo|sertanejando|sertanejinho|sertanejin|sertanejao|novo dvd|ai eu chorei|no mineirao|mineirao|faculdade|que faculdade voce faz|que faculdade ce faz|desanimo demais,False,False
n-5kTv2jQ90,24,porta dos fundos|comedia|humor|engraçado|parodia|satira|humor inteligente|videos de humor|humor acido|canais de humor|comedia brasileira|esquetes engraçadas|Reunião|Religião|Estacionamento|Fé|Escolha|assembleia|judeu|testemunha de jeová|adventista|católico,False,False
rxLEL7xxCD8,10,sereia|eu não queria te ligar|eu não queria te ligar de madrugada|rasgou minha blusa|filha da puta rasgou minha blusa|final de semana do um toque|hoje vai rolar bailão|temperamento forte|sereia orochi|sereia ryan sp|tubarão vai te pegar|eu nao queria te ligar de madrugada|oruam orochi|orochi ryan|xamã sereia|ryan sereia|sereia oruam|tchakabum|mainstreet|sereia que temperamento forte|tubarao,False,False
6Vl1BMPqGyA,10,hungria|hip hop|legacy|made in favela|best producoes|dubai|estilo dub|mrv|workshow|hip hop brasil|lançamento|hungria hip hop|hip hop goiania|trap|caio passos|trap funk|andré nine|amor e fé|um brinde pra nós|love funk|matuê|tribo da periferia|poesia acustica|jovem dex|haikaiss|orochi|mainstreet|mc poze do rodo|gr6|kondzilla|Bonde do estronda|Costa Gold|Gaab|1Kilo|Filipe Ret|Projota|Borges|Pineapple StormTV|l7nnon|Major RD|MC Lipi|Krawk|DJ GM,False,False
WKnnsGZFwXk,10,[None],False,False
QH4mCEanwKI,10,방탄소년단|BTS|BANGTAN|알엠|RM|슈가|SUGA|제이홉|jhope|지민|정국|k-pop|방탄|j-hope|Jung Kook|Jimin|BTS V|Jin,False,False
mOxjSicjZmY,22,[None],False,False
RuXFXp4zQlM,10,luísa sonza 2023|luísa sonza musica nova|luísa sonza coreografia|cachorrinhas luísa sonza|luísa sonza e xamã|luísa e xamã|mamacita|mama.cita|mamacita luísa sonza e xamã|hasta la vista luísa sonza|mamacita luísa sonza letra|mamacita luísa e xamã clipe|mamacita luísa coreografia|mamacita luísa sonza dança|mamacita luísa sonza status|mamacita xamã|mamacita mama que é uma delicia|funk light|pop brasil 2023|luísa sonza as melhores|luísa sonza rock in rio,False,False
XAw-GSQrdF8,10,Israel e Rodolffo|Sertanejo|Moda do Netflix|Fecha o porta mala|Música sertaneja|trident de menta|lets bora|rodolffo|bbb|batom de cereja|marca evidente|bombonzinho|sertanejo 2022|melhor sertanejo|top sertanejo|playlist sertaneja|lançamento|lançamento sertanejo|só de sacanagem|dar uma namorada|dá intimidade pra ver|lançamento 2022|faz amor comigo só hoje|Bença Pai Bença Mãe|Ao Vivo em Brasília|Ex Alcoolizado|Som Livre|Perdoou Nada|Perdão no Escuro,False,False
4YZrDnLi2ek,10,mussoumano|batalha de youtubers|mussoumano vs|mussa|batalha mussa|rap mussa|musicas mussa|mussa musicas|rainbow friends|mussoumano vs rainbow friends|mussoumano vs rosa|mussoumano vs roxo|batalha rainbow friends,False,False
lwkR19huwzg,20,fixz|craft fixz|creative squad 2|creative squad II|fix creative squad|creative squad|creative squad 3|minecraft|base secreta|base secreta dentro da base secreta deles|roubei tudo|roubo|secreto|passagem secreta,False,False
umTYZO3XWRs,10,ze neto e cristiano|zé neto e cristiano|novo dvd|nova música|você beberia ou não beberia|ela e ela|zé neto e cristiano ela e ela|ela e ela zé neto e cristiano|nova do zé neto e cristiano|vamo toma uma|zé neto e cristiano vamo toma uma|vamo toma uma zé neto e cristiano|Música country|música sertaneja|beijou meia cidade|alimentando vontade|batendo os dentes|melhor ser saudade|numero restrito|pior dos piores|waze|dvd escolhas|escolhas|ensaio de felicidade,False,False
moX5JoTI68A,24,jully|molinna|jully molinna|vloger|youtuber|entretenimento|desafios|tags|daily vlog|mully house|mully loja|mully|juli molina,False,False
nUXgfLQagNQ,20,creative squad 2|creativesquad tonigon|tonigon minecraft|tonigon|tony gordom|toni minecraft|CREATIVE SQUAD 3,False,False
YD1UblIUEe4,24,NewJeans|뉴진스|Ditto|DITTO|NewJeans_Ditto|디토 뮤비|Ditto Mv|Ditto 뮤비|뉴진스 선공개곡|뉴진스 선공개|OMG|Attention|김민지|하니|다니엘|해린|이혜인|뉴진스 어텐션|NewJeans Attention|NewJeans KPOP|NewJeans member|뉴진스 멤버|뉴진스 김민지|뉴진스 하니|뉴진스 다니엘|뉴진스 해린|뉴진스 이혜인|뉴진스 MV|NewJeans MV|NewJeans Hurt|Hype Boy|NewJeans Hype Boy|하입보이|Cookie|Hurt|어텐션|뉴진스 노래 모음|뉴진스 무대|크리스마스 노래|민희진|하이브|하이브 걸그룹|민희진 걸그룹|뉴진스 민희진|Hybe|Minji|Danielle|Haerin|Hanni|Hyein|잇츠라이브|itsLive|Band|Band LIVE|밴드|밴드라이브|콘서트|온라인콘서트|온콘,False,False
auj13FWoOuk,22,compras do mês|mudei o cabelo|iluminada|cabelo|mechas|viagem|niver|festa|dona de casa|rotina,False,False
nqWcd4lVSP8,24,guarana|guarana antarctica|memes|zuera|brasil|coisa nossa|a coisa é nossa|coisa nossa escolinha|especial de natal|coisa nossa especial de natal|coisa nossa especial|escolinha do robertinho|coisa nossa igor guimarães|coisa nossa gaga de ilheus|coisa nossa big jaum|coisa nossa yasmin yassine|coisa nossa matheus canella|coisa nossa laura seraphim|coisa nossa robertinho|coisa nossa natal|escolinha coisa nossa|guaraná|amigo secreto|coisa nossa amigo secreto|naná,False,False
kVKmxpvKyGg,24,vlog|daily vlog|lifestyle|família|canal dos caçadores|canal caçadores|dos cacadores|caçadores de hamburgueres|caçadores de hamburguer|caçador de hamburguer|casal engraçado|VLOG|natal|fácil|gastronomia|receitas de natal|casal youtuber|ceia|ceia de natal|ceia de natal com 50 reais|dicas de economia|ceia de natal simples|ideias de receitas para o natal|receitas para o natal|ceia simples|ceia economica|ceia para quatro pessoas|receitas|desafio|farofa,False,False
GZWYonaMoHw,20,Games EduUu,False,False
FvSrvxsUPp4,20,mussoumano game|mussoumano jogando|jogo do mussoumano|papai noel|jogo de natal|jogo do papai noel|natal|musica de natal|natal mussoumano|feliz natal,False,False
vmV-FYucRsk,22,[None],False,False
Kh9fYUUMK9U,10,Cabelinho|MC Cabelinho|MC Cabelinho Oficial|MC Cabelinho Video Clipe Oficial|Ainda|CD Cabelinho|CD do Cabelinho|CD MC Cabelinho|150bpm|funk consciente|funk carioca|mc poze|kevin o chris|mc rebecca|mc maneirinho|ma manerinho|rebecca|fogo e gasolina|mc cabelinho|mc cabelinho fogo e gasolina|little hair|little hair fogo e gasolina,False,False
s6Ub6lD76ZU,24,Sobremesas|NATAL|SOBREMESA DE NATAL|SOBREMESA DE GELATINA COM NINHO|SOBREMESA ECONOMICA,False,False
F36HBFGxWkg,24,90s Show Netflix|Ashley Aufderheide|Ashton Kutcher|Callie Haverda|Comedy|Coming of Age|Debra Jo Rupp|Donna Pinciotti|Eric Forman|Feel Good Comedy|Fez|Hello Wisconsin|Jackie Burkhart|Kitty Forman|Kurtwood Smith|Laura Prepon|Leo|Mace Coronel|Max Donovan|Michael Kelso|Mila Kunis|Point Place|Red & Kitty|Red Forman|Reyn Doi|Sam Morelos|Sitcom|That 70s Show|That 90s Show|Tommy Chong|Topher Grace|Wilmer Valderrama,False,False
AWUMbVKr8r8,10,mainstreet|mainstreet records|poze|orochi|a cara do crime|bin|chefin|oruam|assault|filipe ret|matue|borges|bielzin|cabelinho|mc cabelinho|trap rj|rap|menino ney|chefinho|mc chefin|chefin menino ney|menino ney chefin|chefin menor ney|chefinho menino ney|minino ney|meno tody|caio lucas|chefin neymar|música do chefinho|chefim|menino|música|menino ney chefinho|veigh|cheffin|música nova do chefinho|poze do rodo|mestrite|ney|little love|mc chefinho|neymar,False,False
bHojmNePprQ,24,falaidearo|fala ai dearo|gabriel dearo|manu digilio|engraçado|comédia|natal|especial de natal,False,False
LNFoSoaectw,10,rQrT45Z65MAniRap|%/AniRap/ Rap de animes/%|rap|geek|anirap|ani|anime|rap geek|sad geek|desabafo|rap itadori|desabafo itadori|rap mahito|rap todou|rap gojo|shibuya|rap shibuya|ani rap shibuya|shibuya arco|mahito|Jujutsu Kaisen,False,False
HbcCpeFm2FY,10,funk|love funk|mc|funk 2022|love funk 2022|love funk oficial|DJ GM|Oldilla|Polo Branca 2|MC Cebezinho|MC Vinny|MC Lipi|MC Leozinho ZS|MC Piedro|MC Magal|MC Ryan SP|Gabb MC|MC Kako|MC Paiva|DJ GM e Oldilla|polo branca|polo branca 2|polo branca cebezinho|oldilla|mc lipi|lipi|mc leozinho|leozinho zs|mc piedro|mc magal|ryan sp|gaab mc|kako|mc kako|mc ryan|vinny|piedro|funk 2023|funk final de ano,False,False
Ir9iaqANu2I,20,[None],False,False
wPab3AvmSEE,22,[None],False,False
hiB3geOn25s,24,felipe neto|irmãos neto|faceapp|mistura de rosto|genética|filho|gkay|celebridades|cristiano ronaldo|messi|equipe netolab|anitta|pabllo vittar|faustão|selena gomez|engraçado|comedia,False,False
4kJwcFcUSCw,20,Challenge|desafio|desafio pokémon|pokemon|monotype|um tipo só|zerando|Pokemon Challenge|zerar com um pokémon|Dá pra zerar?|É possivel|Inicial|Charizard|Blastoise|Venusaur|Venosauro|Pikachu|Krookodile|Ash|Gba|Retro gaming|randomizer|Gyarados|Kaidou|Switch|Cynthia|Lendário|Scarlet|Violet|Greninja|Gengar|Dragao|Dragapult|Anime|Mega|Remake|Ash x Leon|como fazer|Monocolor|Ceruledge|Geração 9|Team Star|Turo|Sada|Miraidon|Koraidon|Rayquaza|Fuecoco|Sprigatitto|Quaxly|Armarouge,False,False
To2MAzO0VEE,10,Cabelinho|MC Cabelinho|MC Cabelinho Oficial|MC Cabelinho Video Clipe Oficial|Ainda|CD Cabelinho|CD do Cabelinho|CD MC Cabelinho|150bpm|funk consciente|funk carioca|mc poze|kevin o chris|mc rebecca|mc maneirinho|ma manerinho|rebecca|quem sou eu?|mc cabelinho e bela campos|mc cabelinho|little hair quem sou eu|little hair|mc cabelinho quem sou eu|little love|álbum little love|little hair little love,False,False
R8gg1a-fWBs,20,cr3at1VEsq&ad|minecraft 1.18|minecraft caves and cliffs|minecraft|minecraft nova versão|minecraft atualização,False,False
bKrGxDqMm3U,10,mari fernandes|marilia mendonca|marilia mendonça|cd|cd novo|dvd|ao vivo|show|musica|forro|piseiro|sertanejo|2022|2023|repertorio|album|intuicao|comunicacao falhou|a gente ainda tem pouco tempo|trocar vida de farra|maiara e maraisa|ana castela|boiadeira|pode apostar|so de imaginar|cao sem dono|clipe|video|oficial|gusttavo lima|henrique e juliano|melhores|selecionadas|joao gomes|nattan|nathanzinho|natanzinho|wesley safadao|paredao,False,False
aPRv2BLXyOg,24,funbabe|funbaby|fanbaby|tilteddy|tio teddy|vifun|casal vifun|canal vifun|funbabe e tilteddy|baby vifun|funbabe gravida|canal de família|vlogs|vlog de família|Compras da Baby VIFUN nos EUA|comprar enxoval de bebê nos eua|vale a pena comprar coisas de bebê nos eua|preço de carrinho de bebê nos eua|enxoval nos eua|enxoval estados unidos|enxoval em orlando|enxoval buy buy baby|buy buy baby|enxoval macrobaby|macrobaby,False,False
Dna_UihOuGQ,20,jazzghost|jazz|failman|trollface quest,False,False
A_w7Kn8JSII,10,Stray Kids|SKZ|スキズ|ストレイキッズ,False,False
4CgFpJ1tM38,24,filme|operação cinema|filmes|cinema|easter eggs|gabriel dearo|série|séries|wandinha|netflix|série wandinha,False,False
U0LGdFGTmJY,23,cia barbixas de humor|humor|comédia|barbixas|engraçado|funny|comedy|esquete|sketch|anderson bizzocchi|daniel nascimento|elidio sanna|Stund|up,False,False
arrVQd8ug68,22,familia landim|landim|landimas|estados unidos|morando nos estados unidos|vivendo nos Estados unidos|imigrando para os estados unidos|imigrantes nos estados unidos|morando na florida|casa na florida|furacão na florida|furacōes na florida|Caminhao americano|caminhoneiro nos estados unidos|como ser caminhoneiro nos estados unidos|paulo landim|paulo do caminhao,False,False
2eND_8tktvo,24,natan|natan por aí,False,False
VfUjHhh8z-s,17,conmebol libertadores|libertadores|liberta|copa libertadores|gols|goles|goals|golaços|highlights|resumen|melhores momentos|futebol|fútbol|soccer,False,False
ptgomKYNgIY,10,música|multishow|assistir multishow|multishow online|música multishow|músicas|multishow youtube|youtube do multishow|música boa ao vivo|música boa|gloriagroove|musicaboaaovivo|gloriagroovemúsicaboa|gloriagroovemultishow|buttons|thepussycatdolls|cover|luisasonza|shallow,False,False
YHnInSxwl6E,20,robin hood|minecraft|robin hood gamer|maniqueft|lego|minecraft robin hood|robin|beto|heydavi,False,False
aZg24Ty9_xw,24,masterchef|erik|jaquin|fogaça|falindo|restaurantes|corbucci|desafio|challenge|comida|food|mcdonalds|noodles|burger|ifood|miojo|macarrão|gordo|feiojoada|churrascaria|carne|rodízio|pizza|outback|batata|frita|PASTEL|pastéis|páscoa|chocolate|pudim|padoca|gula|picanha|sanduíche|mc donalds|bacon|nutella|milk|shake|milkshake|sorvete|coxinha|fritura|massa|queijo|presunto|calabresa|fries|french|bodybuilder|natal|chester|ceia|nescau|cereal|leite|yakut|yakult|HOTDOG|cachorro|quente|onion|cebola|empanada,False,False
nnlALGKjXs4,24,rafaella|baltar|luiz|phellipe|K.FUN|PASSAMOS|NOITE|LUGARES|MAIS|ALEATÓRIOS|SHOPPING,False,False
vRpQBcXX2oc,1,underverse|underverse 0.7|underverse 07|underverse 0.7 part 1|underverse animation|underverse reaction|undertale|undertale au|animation|jael penaloza|jael peñaloza|jakei95|jakeinimation|xtale|frisk|xchara|cross chara|cross sans|ink sans|fresh ink|fresh sans|true fresh|error sans|geno sans|geno underverse|xgaster|xtale mettaton|xtale muffet|xmettaton|xmuffet|xasriel|undyne|xundyne|xtale undyne|papyrus|xtale papyrus|xpapyrus|asgore|core frisk,False,False
kIMx3ms7dMM,24,guarana|guarana antarctica|memes|zuera|brasil|estudando o brasileiro|raio brasilizante|coisa nossa|a coisa é nossa|coisa nossa escolinha|especial de natal|coisa nossa especial de natal|coisa nossa especial|escolinha do robertinho|coisa nossa igor guimarães|coisa nossa gaga de ilheus|coisa nossa big jaum|coisa nossa yasmin yassine|coisa nossa matheus canella|coisa nossa laura seraphim|coisa nossa robertinho|coisa nossa natal|escolinha coisa nossa|guaraná|naná,False,False
Mi5yFTpgHfc,10,Cabelinho|MC Cabelinho|MC Cabelinho Oficial|MC Cabelinho Video Clipe Oficial|Ainda|CD Cabelinho|CD do Cabelinho|CD MC Cabelinho|150bpm|funk consciente|funk carioca|mc poze|kevin o chris|mc rebecca|mc maneirinho|ma manerinho|rebecca|SEXY|sexy mc cabelinho|sexy little love|Little love|mc cabelinho little love|little hair|little hair little love,False,False
TrGZ8o2jFGw,20,Jogos|Costa|Gamercosta|costa|gamer|gamercosta|GTA|Online|Gta|gta5|GTA 5|gta 5|Costa gta 5|Gamer Costa|gamer costa|gamercosta gta 5|costa gamer|costa gamer gta 5|costa gta|costa gta 5|costa mod|homem aranha gta 5|r$ 1 para 1 milhão|spider man gta 5|de 1 real para 1 milhão gta 5|r$1 para r$1.000.000,False,False
n0uDZXDxmd0,20,copa|copa do mundo|destaque da copa,False,False
