ClWzaEHRSM4,Treino do Flamengo | 02/01/2023,2023-01-03T01:58:55Z,UCOa-WaNwQaoyFHLCDk7qKIw,FLA TV,2023-01-04T00:00:00Z,349886,34041,0,1118,https://i.ytimg.com/vi/ClWzaEHRSM4/default.jpg
uaeSm6_IdcM,107 FATOS do Minecraft Que Voc√™ Queria Saber Antes,2023-01-02T14:01:00Z,UCHkLdUqjUct7f4iskfqQzWQ,Onerb,2023-01-04T00:00:00Z,497592,13256,0,344,https://i.ytimg.com/vi/uaeSm6_IdcM/default.jpg
MaYv8w-SZc0,GANHEI O CAMPEONATO DE BEYBLADE DA ELO COM A T√âCNICA SECRETA!,2023-01-03T15:00:08Z,UC2bYhAHyaqfWlPXWBVk4BcA,Enaldinho,2023-01-04T00:00:00Z,752557,28291,0,1283,https://i.ytimg.com/vi/MaYv8w-SZc0/default.jpg
30MwQj_oL9M,"Senti vergonha, diz Neto sobre aus√™ncia de craques do futebol no vel√≥rio de Pel√©",2023-01-03T16:34:55Z,UCjlcZ5YIXlBTaob0BkS_gDg,Os Donos da Bola,2023-01-04T00:00:00Z,763358,38588,0,7093,https://i.ytimg.com/vi/30MwQj_oL9M/default.jpg
idqusI62chw,"A VIAGEM - REALITY FL√ÅVIA CALINA, MOMENTOS POR TR√ÅS DAS C√ÇMERAS",2023-01-02T21:00:57Z,UCrqpB7Kvh4qao8VtxwuJKkQ,Flavia Calina,2023-01-04T00:00:00Z,282967,34852,0,2214,https://i.ytimg.com/vi/idqusI62chw/default.jpg
GNrP3TuIodw,Filhos de Pel√© carregam o caix√£o com o corpo do craque na Vila Belmiro,2023-01-02T15:03:36Z,UCwVmZjJwkCUCOes5_eAIebg,Fala Brasil,2023-01-04T00:00:00Z,782654,8713,0,0,https://i.ytimg.com/vi/GNrP3TuIodw/default.jpg
KgLGOdl_e8k,JOGO ABERTO ESPECIAL: O ADEUS AO REI PEL√â - 02/01/2023 - PROGRAMA COMPLETO,2023-01-02T16:10:22Z,UCZaOZdn-Y-I5ikrofkWBLgQ,Jogo Aberto,2023-01-04T00:00:00Z,736978,14543,0,87,https://i.ytimg.com/vi/KgLGOdl_e8k/default.jpg
9OWaqjqNjKE,Eu Morri e Virei um Fantasma!,2023-01-03T13:00:05Z,UCrcBZDofBltcgGxphNia2tw,Problems,2023-01-04T00:00:00Z,752073,31705,0,787,https://i.ytimg.com/vi/9OWaqjqNjKE/default.jpg
tF2TowG0DD8,FUTEBOL ENLOUQUECEU ‚Äî micro Carreira Aleat√≥ria #01 ‚Äî O IN√çCIO,2023-01-03T13:00:28Z,UClJ3ZVn2upHmGdUfq1cakVg,Bit Fut,2023-01-04T00:00:00Z,168681,21121,0,409,https://i.ytimg.com/vi/tF2TowG0DD8/default.jpg
o8w__pnJ9x4,"Vitor Pereira dar√° entrevista no Flamengo, mas j√° deu pista do motivo que o fez sair do Corinthians",2023-01-03T13:52:09Z,UCRcRAyb5Y4x3HVNKBZ9SMLA,Mauro Cezar,2023-01-04T00:00:00Z,164265,15062,0,347,https://i.ytimg.com/vi/o8w__pnJ9x4/default.jpg
qHFr3rQpNCk,Virei CASA para Enganar Amigo...,2023-01-03T13:30:15Z,UC6P6SvP2arhEdJ9Pg8qwP2A,Athos,2023-01-04T00:00:00Z,546925,16433,0,325,https://i.ytimg.com/vi/qHFr3rQpNCk/default.jpg
0P7UpPf-5Oc,Damar Hamlin segue em estado cr√≠tico ap√≥s sofrer parada card√≠aca em campo,2023-01-03T13:19:46Z,UC0zqi2PTcVaI_9ZtDtnzO8w,Antony Curti,2023-01-04T00:00:00Z,63474,4674,0,136,https://i.ytimg.com/vi/0P7UpPf-5Oc/default.jpg
nXm2Jd2L1bE,TODOS CONTRA UM PLAYER NA CREATIVE SQUAD 3,2023-01-03T12:30:30Z,UCJIl6Ahgkfwg1DRYcg-kY3g,Mendrake,2023-01-04T00:00:00Z,262469,15424,0,1388,https://i.ytimg.com/vi/nXm2Jd2L1bE/default.jpg
kUOLeYBY0gM,VIREI M√ÉE DA AYLA POR UM DIA! FOI LOUCURA ü§™- Fran Japa,2023-01-02T22:00:18Z,UCEhM0eu3Y95XnVjDpTd4Jgg,Fran Japa,2023-01-04T00:00:00Z,131762,5978,0,0,https://i.ytimg.com/vi/kUOLeYBY0gM/default.jpg
CZ7dPGBCQFE,71 PONTOS para Donovan Mitchell! - Rodada NBA 02/01,2023-01-03T12:39:42Z,UCsiCOcr5SZAWlJMfcw9P__w,NBA Brasil,2023-01-04T00:00:00Z,119732,9551,0,226,https://i.ytimg.com/vi/CZ7dPGBCQFE/default.jpg
gGmkQojUKNk,ATUAL CAMPE√ÉO EM QUADRA! GOLDEN STATE WARRIORS X ATLANTA HAWKS | NBA AO VIVO E COM IMAGENS,2023-01-03T06:20:07Z,UCs-6sCz2LJm1PrWQN4ErsPw,TNT Sports Brasil,2023-01-04T00:00:00Z,481819,37934,0,88,https://i.ytimg.com/vi/gGmkQojUKNk/default.jpg
EeyAqPysazA,AUS√äNCIA DE JOGADORES E DIRIGENTES NO VEL√ìRIO DE PEL√â CAUSA REVOLTA! DISCUSS√ÉO PEGOU FOGO!,2023-01-03T17:40:00Z,UCs-6sCz2LJm1PrWQN4ErsPw,TNT Sports Brasil,2023-01-04T00:00:00Z,254467,11545,0,1889,https://i.ytimg.com/vi/EeyAqPysazA/default.jpg
l7poldHF6lw,Posse de Lula: faixa presidencial √© entregue por cidad√£os,2023-01-01T20:41:30Z,UCthbIFAxbXTTQEC7EcQvP1Q,BBC News Brasil,2023-01-04T00:00:00Z,615461,10866,0,5674,https://i.ytimg.com/vi/l7poldHF6lw/default.jpg
jX9JpB7-l6U,DIRETO DO CT: 02/01/2023 | SPFC PLAY,2023-01-03T01:42:48Z,UCX3zTAsEoZ61rQMYb_08Tow,S√£o Paulo FC,2023-01-04T00:00:00Z,66856,6985,0,197,https://i.ytimg.com/vi/jX9JpB7-l6U/default.jpg
bmAndArhD8Q,NOVIDADES NA REAPRESENTA√á√ÉO DO ELENCO,2023-01-03T01:15:12Z,UCBKc-rPDivvwFiWdG-81wxw,TV Palmeiras/FAM,2023-01-04T00:00:00Z,86147,8152,0,359,https://i.ytimg.com/vi/bmAndArhD8Q/default.jpg
ZvE-OKSHdxQ,"Posse presidencial: compare a posse de Lula, em 2023, com a posse de Bolsonaro, em 2019",2023-01-02T11:20:12Z,UCVFbXI6Gu8U2f9Gjtxw4A-Q,UOL,2023-01-04T00:00:00Z,801191,17674,0,7871,https://i.ytimg.com/vi/ZvE-OKSHdxQ/default.jpg
dmVB4qVXs90,Posse de Lula na Presid√™ncia do¬†Brasil,2023-01-02T10:28:52Z,UCvO2BExvkAbGMsTGnEnI_Ng,Lula,2023-01-04T00:00:00Z,1277425,55615,0,554,https://i.ytimg.com/vi/dmVB4qVXs90/default.jpg
fs_cU_mUiaU,Uma Reflex√£o Sobre o come√ßo do Ano | O P√°ssaro e as Pedras ‚ú® Camila Zen,2023-01-02T22:38:07Z,UCp73CurZ5DWdCPExp8pP9Vw,Camila Zen,2023-01-04T00:00:00Z,49550,8252,0,259,https://i.ytimg.com/vi/fs_cU_mUiaU/default.jpg
3-DhMUpocrQ,PODECHEGAR A PORTEIRA T√Å ABERTA! ENTRA BORA CONHECER!,2023-01-02T18:59:33Z,UCVt1lwzcGKRY10RQAerY2MQ,Joana Fernandes Doce Lar no Sert√£o,2023-01-04T00:00:00Z,113556,13502,0,1983,https://i.ytimg.com/vi/3-DhMUpocrQ/default.jpg
ahLcP2b9Dyo,RAINBOW FRIENDS CHAPTER 2!!,2023-01-02T23:31:49Z,UCUztWvZqBRHtUFdCl7Azhgw,CeloBlox,2023-01-04T00:00:00Z,107173,4368,0,465,https://i.ytimg.com/vi/ahLcP2b9Dyo/default.jpg
JYacsbhT6B0,"Pel√© Eterno: Homenagens, vel√≥rio e o cortejo no √∫ltimo adeus ao Rei do Futebol",2023-01-03T17:59:04Z,UCw5-xj3AKqEizC7MvHaIPqA,ESPN Brasil,2023-01-04T00:00:00Z,337389,7200,0,34,https://i.ytimg.com/vi/JYacsbhT6B0/default.jpg
dBAl5wtQeIM,FUGA DO PROFESSOR STINKY NO ROBLOX  - Brancoala Games,2023-01-02T20:45:02Z,UCqg4qrLaf7VQ_QJw_RLCs1Q,Brancoala Games,2023-01-04T00:00:00Z,123463,2658,0,116,https://i.ytimg.com/vi/dBAl5wtQeIM/default.jpg
q2GM0T4jolw,ABSURDO COM FLAMENGO! PRIMEIRO TREINO DE VITOR PEREIRA NO MENG√ÉO! CONTRATO ASSINADO! APRESENTA√á√ÉO E+,2023-01-03T12:40:29Z,UCIpylxq_JDl2YpvTpN11p9Q,FLAZOEIRO,2023-01-04T00:00:00Z,214668,29452,0,935,https://i.ytimg.com/vi/q2GM0T4jolw/default.jpg
maNl7_tfW6s,O TOYOTA YARIS MAIS INSANO DO MUNDO NA VOLTA R√ÅPIDA! Rubinho acelera o esportivo preparado na pista!,2023-01-02T21:00:07Z,UCGBIIPnw0AYM3BFsmTsjeAw,Acelerados,2023-01-04T00:00:00Z,102287,9023,0,342,https://i.ytimg.com/vi/maNl7_tfW6s/default.jpg
K0xeQ_woedA,CRISTIANO RONALDO chega ao Al Nassr - Melhor Futebol do Mundo (03/01/2022),2023-01-03T17:37:53Z,UCs-6sCz2LJm1PrWQN4ErsPw,TNT Sports Brasil,2023-01-04T00:00:00Z,247786,13472,0,457,https://i.ytimg.com/vi/K0xeQ_woedA/default.jpg
Zb8_I-Dwp8g,PASSEI A NOITE NA ESCOLA QUE EU ESTUDEI SEM NINGU√âM VER!,2023-01-02T15:11:51Z,UC2bYhAHyaqfWlPXWBVk4BcA,Enaldinho,2023-01-04T00:00:00Z,1438921,50405,0,2314,https://i.ytimg.com/vi/Zb8_I-Dwp8g/default.jpg
Qj64NaDyc9Q,"üî•PAGUEI R$ 6250,00 EM UM CARRO RARO E COLECION√ÅVELüòç",2023-01-02T22:00:11Z,UCw1sIHJhvS_M7Kg6baW4JUQ,CARRO COM TUDO,2023-01-04T00:00:00Z,61140,7328,0,769,https://i.ytimg.com/vi/Qj64NaDyc9Q/default.jpg
JL0zYuWg3KE,Plant√£o FlaTV | Chegada V√≠tor Pereira,2023-01-02T10:01:29Z,UCOa-WaNwQaoyFHLCDk7qKIw,FLA TV,2023-01-04T00:00:00Z,223752,20598,0,446,https://i.ytimg.com/vi/JL0zYuWg3KE/default.jpg
azwIrsINIIg,COMO REALIZAR METAS EM 2023! FERRAMENTA IN√âDITA (Eu uso e sei que funciona),2023-01-02T15:00:03Z,UC8mDF5mWNGE-Kpfcvnn0bUg,Me Poupe!,2023-01-04T00:00:00Z,124677,17489,0,386,https://i.ytimg.com/vi/azwIrsINIIg/default.jpg
_ZAgIHmHLdc,NewJeans (Îâ¥ÏßÑÏä§) 'OMG' Official MV,2023-01-02T09:00:00Z,UC3IZKseVpdzPSBaWxBxundA,HYBE LABELS,2023-01-04T00:00:00Z,9657255,860823,0,41896,https://i.ytimg.com/vi/_ZAgIHmHLdc/default.jpg
ouli1MEgh-4,Freeze the Whole Arena ‚ùÑÔ∏è (New Season),2023-01-02T09:00:49Z,UC_F8DoJf9MZogEOU51TpTbQ,Clash Royale,2023-01-04T00:00:00Z,1030798,32376,0,699,https://i.ytimg.com/vi/ouli1MEgh-4/default.jpg
GR0mNoplVeY,A M√°scara do Stick se voltou contra a gente...,2023-01-02T13:05:21Z,UCrcBZDofBltcgGxphNia2tw,Problems,2023-01-04T00:00:00Z,988007,44189,0,1555,https://i.ytimg.com/vi/GR0mNoplVeY/default.jpg
Vr21sKRLWyw,Tarc√≠sio agradece a Bolsonaro em discurso de posse,2023-01-01T13:23:32Z,UCmYuiV9wAR3i8p19Ygc7izg,Folha de S.Paulo,2023-01-04T00:00:00Z,583733,19457,0,2613,https://i.ytimg.com/vi/Vr21sKRLWyw/default.jpg
cp4kWvgrNUQ,2022 EM UMA M√öSICA,2022-12-31T15:00:10Z,UCdTWvzwNIeZxSNZ_oWvnBbQ,Inutilismo,2023-01-04T00:00:00Z,4050226,834970,0,41362,https://i.ytimg.com/vi/cp4kWvgrNUQ/default.jpg
IKkExS4O1Lo,"DARWIN N√ö√ëEZ TEM NOVO PESADELO COM GOL PERDIDO, E LIVERPOOL CAI PARA O BENTFORD | Melhores Momentos",2023-01-02T19:47:38Z,UCw5-xj3AKqEizC7MvHaIPqA,ESPN Brasil,2023-01-04T00:00:00Z,916946,34819,0,1976,https://i.ytimg.com/vi/IKkExS4O1Lo/default.jpg
tUCT82t1Y8Q,GOT the beat 'Stamp On It' Stage Video,2023-01-01T13:00:24Z,UCcdX97nVNsZgAA0NxvHnU9w,Girls On Top,2023-01-04T00:00:00Z,3755687,249268,0,9264,https://i.ytimg.com/vi/tUCT82t1Y8Q/default.jpg
rDw-YyQ4Drc,FRASES DE POBRE NO √îNIBUS,2023-01-01T18:00:19Z,UC19aAr6UojQesIVCBsXJGIw,O Que N√£o Dizer Oficial,2023-01-04T00:00:00Z,255691,29326,0,392,https://i.ytimg.com/vi/rDw-YyQ4Drc/default.jpg
129dQTbJh3s,IMPRESSORA 3D no Minecraft - Em busca da casa autom√°tica #348,2022-12-31T17:27:48Z,UCiIZY89KwQkxAW-4Le7U7zg,viniccius13,2023-01-04T00:00:00Z,1504943,197176,0,8501,https://i.ytimg.com/vi/129dQTbJh3s/default.jpg
-TbQWOWA_nM,SOBREVIVI NO EX√âRCITO POR 24 HORAS!,2023-01-01T21:28:00Z,UCjaxmdb_gTWbz9XF5rzvgGg,Natan por A√≠,2023-01-04T00:00:00Z,834814,21492,0,401,https://i.ytimg.com/vi/-TbQWOWA_nM/default.jpg
ea4DDShw6ns,ATHOS APAGOU O FOGO NO MINECRAFT!,2023-01-01T19:16:35Z,UC1TRVdOZcI2_6lYgVvFkfqQ,Hiig,2023-01-04T00:00:00Z,149202,4664,0,37,https://i.ytimg.com/vi/ea4DDShw6ns/default.jpg
SZPfmGOJE_8,Veja o pronunciamento do presidente em exerc√≠cio Hamilton Mour√£o,2022-12-31T23:41:10Z,UCmYuiV9wAR3i8p19Ygc7izg,Folha de S.Paulo,2023-01-04T00:00:00Z,701008,19576,0,8056,https://i.ytimg.com/vi/SZPfmGOJE_8/default.jpg
jSduk8pyYqQ,Loterias CAIXA | Mega da Virada 2022,2022-12-31T23:31:41Z,UCPbhr02AfVb2nd5pm12BxTw,CAIXA,2023-01-04T00:00:00Z,448222,4352,0,0,https://i.ytimg.com/vi/jSduk8pyYqQ/default.jpg
daD1QSAG7Oo,TUDO PARADO de NOVO no MAIOR PERRENGUE DA VIAGEM AT√â AGORA | SP a NATAL de G8 LD DA CATEDRAL (Ep 4),2023-01-01T20:30:09Z,UCZB8qkXkg3eGDbyKuXgkDOQ,Viajante Explorador,2023-01-04T00:00:00Z,197920,6303,0,311,https://i.ytimg.com/vi/daD1QSAG7Oo/default.jpg
ImAMULXMLw4,COMPREI TODOS OS PACOTINHOS DA COPA QUE EXISTE!,2023-01-01T15:00:10Z,UC2bYhAHyaqfWlPXWBVk4BcA,Enaldinho,2023-01-04T00:00:00Z,1964698,76325,0,3840,https://i.ytimg.com/vi/ImAMULXMLw4/default.jpg
2sNDP8yYXuQ,ISSO vai ME BANIR do MAIOR SERVER DE YOUTUBERS no Minecraft!! üö®‚ö†Ô∏è,2023-01-01T01:47:23Z,UCIRseertPt5kAzr40COpH6A,FEURIPE,2023-01-04T00:00:00Z,343568,18887,0,810,https://i.ytimg.com/vi/2sNDP8yYXuQ/default.jpg
fa1VrIhunzE,TUGUIM VERMELHO VOLTOU... DA PIOR FORMA POSS√çVEL,2023-01-01T17:25:01Z,UC7-J6JGN4wXd7UHA4xOn1hw,Tuguim,2023-01-04T00:00:00Z,100247,8180,0,370,https://i.ytimg.com/vi/fa1VrIhunzE/default.jpg
D5MUh6-Rn54,"MBAPP√â VAI MAL, PSG √â DOMINADO PELO LENS E PERDE INVENCIBILIDADE NA TEMPORADA | MELHORES MOMENTOS",2023-01-01T22:03:25Z,UCw5-xj3AKqEizC7MvHaIPqA,ESPN Brasil,2023-01-04T00:00:00Z,892127,34083,0,2752,https://i.ytimg.com/vi/D5MUh6-Rn54/default.jpg
X4Bxg3sacQY,7 Jeitos de Esconder Diamantes da WANDINHA,2023-01-01T13:30:07Z,UC6P6SvP2arhEdJ9Pg8qwP2A,Athos,2023-01-04T00:00:00Z,985320,26416,0,899,https://i.ytimg.com/vi/X4Bxg3sacQY/default.jpg
SEdAFDl_2g4,Miley Cyrus & Dolly Parton Sing Wrecking Ball & I Will Always Love You | Miley‚Äôs New Year‚Äôs Eve,2023-01-01T05:58:45Z,UCccjdJEay2hpb5scz61zY6Q,NBC,2023-01-04T00:00:00Z,2894914,75114,0,3875,https://i.ytimg.com/vi/SEdAFDl_2g4/default.jpg
RiZ6QhaPZZE,TRANSFORMEI OS MOBS EM BOSSES NO MINECRAFT,2022-12-31T13:00:13Z,UCz5rOLDOocCMGb7HBYSqaow,Panda Espacial,2023-01-04T00:00:00Z,411763,35420,0,581,https://i.ytimg.com/vi/RiZ6QhaPZZE/default.jpg
xGd_HhPYX4A,The Brawlies 2022 - Brawl Stars Community Award Show!,2022-12-31T11:00:28Z,UCooVYzDxdwTtGYAkcPmOgOw,Brawl Stars,2023-01-04T00:00:00Z,6375035,242171,0,12878,https://i.ytimg.com/vi/xGd_HhPYX4A/default.jpg
epKRJ6xSZWo,Yield To Warrior Champion's Shield! Clash of Clans Season Challenges,2023-01-01T08:00:28Z,UCD1Em4q90ZUK2R5HKesszJg,Clash of Clans,2023-01-04T00:00:00Z,1619566,30817,0,970,https://i.ytimg.com/vi/epKRJ6xSZWo/default.jpg
fBtMFKTh1-Y,üá∫üáæ Uruguaio com sangue gaucho. Sou Gr√™mio! üá™üá™,2022-12-31T16:38:34Z,UCHKbUAiKHsWCCZrkDY_PZ8Q,Gr√™mio FBPA,2023-01-04T00:00:00Z,225332,14282,0,1344,https://i.ytimg.com/vi/fBtMFKTh1-Y/default.jpg
YK08FnhI3vk,EU SOU O ULTIMO MEMBRO DO TIME E ENT√ÉO FIZ VINGAN√áA,2023-01-01T21:00:11Z,UCmhx7Q1WRB85e7bF-MHcehA,Ligonz,2023-01-04T00:00:00Z,237852,14870,0,370,https://i.ytimg.com/vi/YK08FnhI3vk/default.jpg
gWAsCo1aaJY,‚ô´ PEL√â ETERNO! NOSSO ADEUS AO MAIOR DE TODOS üëë | Par√≥dia Demons - Imagine Dragons,2022-12-31T15:21:50Z,UCGFNp4Pialo9wjT9Bo8wECA,FutPar√≥dias,2023-01-04T00:00:00Z,1413527,130533,0,5543,https://i.ytimg.com/vi/gWAsCo1aaJY/default.jpg
7nmqd5RoUjU,Volta de Gerson refor√ßa o Flamengo. Fica mais f√°cil entender a escolha de Vitor Pereira para 2023,2022-12-31T16:20:49Z,UCRcRAyb5Y4x3HVNKBZ9SMLA,Mauro Cezar,2023-01-04T00:00:00Z,204568,20732,0,418,https://i.ytimg.com/vi/7nmqd5RoUjU/default.jpg
hIrAsMmlQzg,Peach Bowl: Ohio State Buckeyes vs. Georgia Bulldogs | Full Game Highlights,2023-01-01T05:12:55Z,UCzRWWsFjqHk1an4OnVPsl9g,ESPN College Football,2023-01-04T00:00:00Z,3202144,21919,0,5467,https://i.ytimg.com/vi/hIrAsMmlQzg/default.jpg
6yzRr3SGuv0,RETROSPECTIVA ANIMADA 2022 ‚ô´ - Canal Nostalgia,2022-12-29T15:00:07Z,UCH2VZQBLFTOp6I_qgnBJCuQ,Canal Nostalgia,2023-01-04T00:00:00Z,3558030,608695,0,25068,https://i.ytimg.com/vi/6yzRr3SGuv0/default.jpg
5bBEyiIQB-M,GLORIA GROOVE feat PRISCILLA ALCANTARA - SOBREVIVI,2022-12-30T21:00:02Z,UCLoL96fSeaLOen3mpDYeqtA,Gloria Groove,2023-01-04T00:00:00Z,271780,25807,0,1160,https://i.ytimg.com/vi/5bBEyiIQB-M/default.jpg
JDHWP71catw,Festival de CANH√ïES de AREIA! - Craft Games 301,2022-12-30T15:04:24Z,UCtKndmEnQyqkhOQfpi5CgvQ,Davi,2023-01-04T00:00:00Z,493364,83111,0,2090,https://i.ytimg.com/vi/JDHWP71catw/default.jpg
x7-d2R2PlpQ,Dolly Parton and Miley Cyrus' Iconic Jolene Performance and More | Miley‚Äôs New Year‚Äôs Eve on NBC,2023-01-01T06:09:42Z,UCccjdJEay2hpb5scz61zY6Q,NBC,2023-01-04T00:00:00Z,2251042,37542,0,1562,https://i.ytimg.com/vi/x7-d2R2PlpQ/default.jpg
Dhc5PP4lXe8,ABRINDO OS √öLTIMOS RECEBIDOS DE 2022!!!,2022-12-30T21:38:21Z,UCFXxOuIv9vHSRwP9kGEoO5g,Tata Estaniecki,2023-01-04T00:00:00Z,202179,17645,0,109,https://i.ytimg.com/vi/Dhc5PP4lXe8/default.jpg
eGcCHHosy7k,K a m a i t a c h i - As Viagens Inimagin√°veis De Priska,2022-12-30T15:00:19Z,UCOgK2xOEXxCr6GnvRyXejqw,k a m a i t a c h i,2023-01-04T00:00:00Z,304048,58805,0,3777,https://i.ytimg.com/vi/eGcCHHosy7k/default.jpg
LW3t_B2iFEc,GANHEI TODAS AS LEND√ÅRIAS DO FIGURITALO NO BAFO!! (CAMPE√ÉO MUNDIAL),2022-12-30T15:15:00Z,UC7dN8lVhi2FPM9eZbMDrepw,Brenner Mariano,2023-01-04T00:00:00Z,230287,8096,0,166,https://i.ytimg.com/vi/LW3t_B2iFEc/default.jpg
yNEFiOdxRyM,Leo Chaves - DEIXA EU MENTIR part.  Henrique e Juliano,2022-12-30T15:00:22Z,UCLc0buO0074-gShmYg-LiUA,Leo Chaves,2023-01-04T00:00:00Z,2565727,15602,0,698,https://i.ytimg.com/vi/yNEFiOdxRyM/default.jpg
2VLxQiD5PJs,eu finalmente criei o MUNDO PERFEITO...,2022-12-30T21:00:01Z,UCrty1Tce9UBFwpkAF_f56Yg,porkinbr,2023-01-04T00:00:00Z,140237,12196,0,2955,https://i.ytimg.com/vi/2VLxQiD5PJs/default.jpg
bL-sbwy-g1U,VAMOS NOS MUDAR! ALUGAMOS UMA FAZENDA üêÑ * maior casa que j√° moramos *,2022-12-30T23:26:06Z,UCnz120SUyIH3wzZc5IyvPdw,Leticia Santos,2023-01-04T00:00:00Z,79001,9446,0,489,https://i.ytimg.com/vi/bL-sbwy-g1U/default.jpg
VItX332jp_I,PEL√â MORRE AOS 82 ANOS; VEJA HOMENAGEM AO REI DO FUTEBOL,2022-12-29T19:29:19Z,UCF453hXTROcm9CfCERYUjtQ,R√°dio Bandeirantes,2023-01-04T00:00:00Z,729412,8553,0,679,https://i.ytimg.com/vi/VItX332jp_I/default.jpg
WaQMD3sYZiw,Resumen de Real Valladolid vs Real Madrid (0-2),2022-12-30T22:48:14Z,UCTv-XvfzLX3i4IGWAm4sbmA,LaLiga Santander,2023-01-04T00:00:00Z,2342698,42439,0,1396,https://i.ytimg.com/vi/WaQMD3sYZiw/default.jpg
SszP3hlQ55Y,ATEEZ(ÏóêÏù¥Ìã∞Ï¶à) - 'HALAZIA' Official MV,2022-12-30T05:00:02Z,UCQdq-lqPEq_yZ_wP_kuVB9Q,KQ ENTERTAINMENT,2023-01-04T00:00:00Z,26719906,496245,0,73286,https://i.ytimg.com/vi/SszP3hlQ55Y/default.jpg
wh8junlbsFQ,QUANDO O ANO NOVO CHEGA ... I Falaidearo,2022-12-30T15:00:39Z,UCCJC7YIZytEccbU0AWQIBHA,Falaidearo,2023-01-04T00:00:00Z,339311,17051,0,785,https://i.ytimg.com/vi/wh8junlbsFQ/default.jpg
u-PYbsQBK_c,EU SOU O PREFEITO DE UTOPIA!!,2022-12-30T22:30:04Z,UCAu_v9w-BXFtg1NAnB-JgVg,Apuh,2023-01-04T00:00:00Z,212119,21431,0,1285,https://i.ytimg.com/vi/u-PYbsQBK_c/default.jpg
0GVQX3D3V5c,Clash of Clans - 2022 Year in Review,2022-12-30T13:00:00Z,UCD1Em4q90ZUK2R5HKesszJg,Clash of Clans,2023-01-04T00:00:00Z,2701028,107775,0,2914,https://i.ytimg.com/vi/0GVQX3D3V5c/default.jpg
F9x4upVwrug,Atravessei a Cidade INTEIRA de Bicicleta!,2022-12-30T21:32:56Z,UCYHHnvH-xho74M6h4vzED5w,Geleia TV,2023-01-04T00:00:00Z,602131,20346,0,525,https://i.ytimg.com/vi/F9x4upVwrug/default.jpg
bnkam9YZPhM,"Bolsonaristas choram, rezam e abandonam QG do Ex√©rcito ap√≥s discurso de Bolsonaro em live",2022-12-30T15:56:08Z,UCVFbXI6Gu8U2f9Gjtxw4A-Q,UOL,2023-01-04T00:00:00Z,814340,13836,0,5031,https://i.ytimg.com/vi/bnkam9YZPhM/default.jpg
H3GVIlqjaSc,Keilla J√∫nia canta 'I Will Always Love You' na final! | The Voice | 11¬™ Temporada,2022-12-30T14:00:16Z,UCkWdjLOUwdZTbWecnD6X7lQ,The Voice Brasil,2023-01-04T00:00:00Z,61215,624,0,77,https://i.ytimg.com/vi/H3GVIlqjaSc/default.jpg
4vNYYFO65iA,VIRADA SALVADOR 29/12/2022 - ALOK ‚Ä¢ XAND AVI√ÉO ‚Ä¢ DILSINHO ‚Ä¢ SIMONE MENDES ‚Ä¢ E MUITO MAIS,2022-12-30T10:29:26Z,UCoP5vjV2LJ2f1pC-3qeb7VA,Prefeitura do Salvador,2023-01-04T00:00:00Z,249461,3824,0,0,https://i.ytimg.com/vi/4vNYYFO65iA/default.jpg
yosc2eccgc8,Z√© Neto e Cristiano - Ressaca de Ontem - GUIA NOVO DVD Escolhas,2022-12-29T20:59:29Z,UCRRu9OXVYd5clj2Bs29gUVQ,Z√© Neto e Cristiano,2023-01-04T00:00:00Z,188405,6655,0,198,https://i.ytimg.com/vi/yosc2eccgc8/default.jpg
b5Dgt_IV1u8,Keilla J√∫nia canta 'Rise Up' na final! | The Voice | 11¬™ Temporada,2022-12-30T16:30:04Z,UCkWdjLOUwdZTbWecnD6X7lQ,The Voice Brasil,2023-01-04T00:00:00Z,52372,731,0,38,https://i.ytimg.com/vi/b5Dgt_IV1u8/default.jpg
CAFHl5B4wUY,Todah Choir | Sempre Foi Assim [Clipe oficial],2022-12-29T15:00:10Z,UCpf5YXmzGHC4m5uLCdlrrfA,Todah Music,2023-01-04T00:00:00Z,585095,25830,0,1098,https://i.ytimg.com/vi/CAFHl5B4wUY/default.jpg
3pvnep5Nvx0,PEL√â: MELHORES MOMENTOS DO REI NA HIST√ìRIA DO FUTEBOL MUNDIAL | Originais | ge.globo,2022-12-29T19:00:48Z,UCgCKagVhzGnZcuP9bSMgMCg,ge,2023-01-04T00:00:00Z,694235,21723,0,1543,https://i.ytimg.com/vi/3pvnep5Nvx0/default.jpg
0T_FHufHP_Q,PEL√â ETERNO üëë,2022-12-29T20:36:11Z,UC0uRT_armQXqds_rjTjqJ0g,Santos Futebol Clube,2023-01-04T00:00:00Z,150123,10267,0,1042,https://i.ytimg.com/vi/0T_FHufHP_Q/default.jpg
fTCcTGINj44,O NATAL DE MARIVALDA!,2022-12-28T15:00:30Z,UC-4TwmWQShd0R6YZ_HJ0NfA,Henrique Nemes,2023-01-04T00:00:00Z,787803,24334,0,483,https://i.ytimg.com/vi/fTCcTGINj44/default.jpg
u6MaxFCS6uo,VIRADA SALVADOR 28/12/2022 -  IVETE ‚Ä¢ GUSTTAVO LIMA ‚Ä¢ NATTAN ‚Ä¢ BELL MARQUES ‚Ä¢ E MUITO MAIS,2022-12-29T10:18:46Z,UCoP5vjV2LJ2f1pC-3qeb7VA,Prefeitura do Salvador,2023-01-04T00:00:00Z,376951,6522,0,218,https://i.ytimg.com/vi/u6MaxFCS6uo/default.jpg
eKwFB5qCCAc,FUI BANIDO DO ROBLOX?,2022-12-29T00:01:12Z,UCys8N87zzpNgeR9yfSjDS3g,Jake Pudding,2023-01-04T00:00:00Z,408481,35063,0,5296,https://i.ytimg.com/vi/eKwFB5qCCAc/default.jpg
OEPqF8fWdWM,Maria Mar√ßal - Eu Sei Que N√£o Estou S√≥ #MKNetwork,2022-12-28T16:00:08Z,UCRd1LNVq7Bu8yvNEJDt3MEA,Maria Mar√ßal,2023-01-04T00:00:00Z,503998,24097,0,1142,https://i.ytimg.com/vi/OEPqF8fWdWM/default.jpg
aaDg6xHETyc,RETROSPECTIVA 2022 - Os PRINCIPAIS ACONTECIMENTOS de 2022,2022-12-28T21:36:01Z,UCj0O6W8yDuLg3iraAXKgCrQ,Voc√™ Sabia?,2023-01-04T00:00:00Z,1292968,123066,0,2466,https://i.ytimg.com/vi/aaDg6xHETyc/default.jpg
x4jThKRFCKg,ENGANEI MEU AMIGO VIRANDO PROFESSOR DA ESCOLA,2022-12-29T13:30:14Z,UC6P6SvP2arhEdJ9Pg8qwP2A,Athos,2023-01-04T00:00:00Z,752560,24501,0,390,https://i.ytimg.com/vi/x4jThKRFCKg/default.jpg
RQJ5xrqEM4c,Disfarcei de Professora pra dar 0 Pro Meu Amigo!,2022-12-29T13:00:12Z,UCrcBZDofBltcgGxphNia2tw,Problems,2023-01-04T00:00:00Z,768399,31406,0,854,https://i.ytimg.com/vi/RQJ5xrqEM4c/default.jpg
iJ8pnsCZbPc,TENTE SOBREVIVER com MEIO CORA√á√ÉO no MINECRAFT,2022-12-28T21:30:05Z,UCoU1JKG3dVHiwX_SULxCTxg,Dudaberud,2023-01-04T00:00:00Z,197512,7724,0,359,https://i.ytimg.com/vi/iJ8pnsCZbPc/default.jpg
GLu8PNGA_-I,"SHOW DE GOLS COM MC DANIEL, PA E NETO DE ZICO |JOGO DAS ESTRELAS DO ZICO |MELHORES MOMENTOS |sportv",2022-12-28T23:59:13Z,UCgCKagVhzGnZcuP9bSMgMCg,ge,2023-01-04T00:00:00Z,793333,12527,0,493,https://i.ytimg.com/vi/GLu8PNGA_-I/default.jpg
K-6rzpTZ4KI,Lula anuncia novos ministros,2022-12-29T16:16:10Z,UCvO2BExvkAbGMsTGnEnI_Ng,Lula,2023-01-04T00:00:00Z,110546,9582,0,982,https://i.ytimg.com/vi/K-6rzpTZ4KI/default.jpg
-14hlkq7zzU,RETROSPECTIVA MEMES 2022 üóøüç∑ I Falaidearo,2022-12-28T14:00:07Z,UCCJC7YIZytEccbU0AWQIBHA,Falaidearo,2023-01-04T00:00:00Z,599981,27310,0,2585,https://i.ytimg.com/vi/-14hlkq7zzU/default.jpg
y0F0FgwGA0s,Os Melhores (e Piores) Filmes de 2022,2022-12-28T20:04:46Z,UCmEClzCBDx-vrt0GuSKBd9g,Jovem Nerd,2023-01-04T00:00:00Z,263908,27652,0,733,https://i.ytimg.com/vi/y0F0FgwGA0s/default.jpg
MPnl7uTSfmM,AO VIVO: LIVE ESPECIAL EM HOMENAGEM AO REI¬†PEL√â,2022-12-30T02:44:10Z,UCZiYbVptd3PVPf4f6eR6UaQ,Caz√©TV,2023-01-04T00:00:00Z,505276,37380,0,215,https://i.ytimg.com/vi/MPnl7uTSfmM/default.jpg
DpJdStecXhA,ANTONY ME ENSINOU O DRIBLE DELE. VEM APRENDER COMIGO!,2022-12-28T15:14:38Z,UCw-AFkDcuPbRfiKUgDtQDcw,Isabela Pagliari,2023-01-04T00:00:00Z,319414,18975,0,452,https://i.ytimg.com/vi/DpJdStecXhA/default.jpg
g3l3UVPffAU,ATACANTE CONFIRMADO! E ROG√âRIO CENI ACABOU COM A PANELINHA NO S√ÉO PAULO?,2022-12-28T23:00:07Z,UC0GUaQ6lVzvu0FWklbsKFhg,BAROLO V√çDEOS,2023-01-04T00:00:00Z,146873,12390,0,562,https://i.ytimg.com/vi/g3l3UVPffAU/default.jpg
ZpT35-h-rAY,FUI DE POBRE A MILION√ÅRIO EM 24 HORAS no minecraft,2022-12-28T15:00:15Z,UC9Qu6o04oTf-b2acahQVk1g,Kass e KR,2023-01-04T00:00:00Z,361208,38451,0,1164,https://i.ytimg.com/vi/ZpT35-h-rAY/default.jpg
U08-ycz9aj0,CRAQUE NETO LAMENTA A MORTE DO REI PEL√â: √çDOLO EST√Å AO LADO DE DEUS!,2022-12-29T19:45:12Z,UCg4y0neDAbTFqkcWQtBnWsA,Craque Neto 10,2023-01-04T00:00:00Z,166096,5848,0,877,https://i.ytimg.com/vi/U08-ycz9aj0/default.jpg
Egho2y4nolU,Eu Sobrevivi 100 DIAS como O GRINCH no Minecraft¬†HARDCORE!,2022-12-29T14:11:01Z,UCHfIAz2fjd68e917zxagysA,Zozo Em Portugu√™s,2023-01-04T00:00:00Z,258637,12165,0,595,https://i.ytimg.com/vi/Egho2y4nolU/default.jpg
Z0E2RQjlbww,"S√ì ESTRELAS! GOLS DO JOGO COM ENDRICK, √âVERTON RIBEIRO E J√öNIOR | JOGO DAS ESTRELAS DO ZICO | sportv",2022-12-29T02:04:07Z,UCgCKagVhzGnZcuP9bSMgMCg,ge,2023-01-04T00:00:00Z,542979,10441,0,552,https://i.ytimg.com/vi/Z0E2RQjlbww/default.jpg
6WInAqswPXw,Criei CENAS de Poppy PlayTime da VIDA REAL no Minecraft,2022-12-28T00:45:00Z,UCoulj9DH4WTKlwrjWbGIJbQ,Jakinho,2023-01-04T00:00:00Z,416424,12543,0,423,https://i.ytimg.com/vi/6WInAqswPXw/default.jpg
LLRXuHsIyLw,PASSAMOS A NOITE EM UMA SUPER CASA DE FESTAS! - MUITO INCR√çVEL!,2022-12-28T21:00:07Z,UC6paX0kLA8D81aYogceMufw,Rafa & Luiz,2023-01-04T00:00:00Z,754774,43242,0,1604,https://i.ytimg.com/vi/LLRXuHsIyLw/default.jpg
pPQVJQiu-Eg,"L√∫cio Mauro Filho e os perrengues no Reveillon para o ano 2000! | Que Hist√≥ria √â Essa, Porchat?",2022-12-28T22:00:25Z,UC0f866RMRdL5mSVnipiOHxg,Canal GNT,2023-01-04T00:00:00Z,432211,23940,0,634,https://i.ytimg.com/vi/pPQVJQiu-Eg/default.jpg
aEFZQMz5xko,"O FRED+10 MAIS INSANO DO ANO - ERROU, PAGA CASTIGO!",2022-12-28T20:59:49Z,UCFjrDmEnxrG5TRGVO0TPHLA,Desimpedidos,2023-01-04T00:00:00Z,472807,48343,0,565,https://i.ytimg.com/vi/aEFZQMz5xko/default.jpg
P7EA1GeJCYs,"Dani Calabresa passou um sufoco na depila√ß√£o com cera üò¨!  | Que Hist√≥ria √â Essa, Porchat?",2022-12-28T15:00:22Z,UC0f866RMRdL5mSVnipiOHxg,Canal GNT,2023-01-04T00:00:00Z,469833,27172,0,721,https://i.ytimg.com/vi/P7EA1GeJCYs/default.jpg
KUDLzCGD4kM,COMPREI TUDO ISSO PARA A MANS√ÉO?!! - THA√çS CARLA,2022-12-28T23:00:22Z,UCkDbKaH6CWE32PRzmGx6wbQ,Tha√≠s Carla,2023-01-04T00:00:00Z,100341,13058,0,729,https://i.ytimg.com/vi/KUDLzCGD4kM/default.jpg
Y8eB_G9_l_s,N√ÉO PISE NA COR ERRADA,2022-12-28T20:00:10Z,UC8SwIcGiOz6FRUmOl-xzodw,Hurtig,2023-01-04T00:00:00Z,165218,4141,0,67,https://i.ytimg.com/vi/Y8eB_G9_l_s/default.jpg
nNKs95PVw6Q,FUI PEGO...,2022-12-27T13:41:01Z,UCQEUV7le_zYKNKGmUJOwvBw,Bauers,2023-01-04T00:00:00Z,438750,14023,0,134,https://i.ytimg.com/vi/nNKs95PVw6Q/default.jpg
1M96EtGoZw4,COMO FAZER PAV√ä DE LIM√ÉO F√ÅCIL E DELICIOSO | Nandu Andrade,2022-12-27T17:00:01Z,UCtSZ2y5Ey8G6tENraiW0Pig,Nandu Andrade,2023-01-04T00:00:00Z,424975,11994,0,353,https://i.ytimg.com/vi/1M96EtGoZw4/default.jpg
bRNKb_p-hGo,Treino do Flamengo | 28/12/2022,2022-12-29T01:00:09Z,UCOa-WaNwQaoyFHLCDk7qKIw,FLA TV,2023-01-04T00:00:00Z,121992,11151,0,266,https://i.ytimg.com/vi/bRNKb_p-hGo/default.jpg
8dVsWd6cw4M,Usei WANDINHA PRONTA na BATALHA DE CONSTRU√á√ÉO do MINECRAFT,2022-12-27T21:00:03Z,UCbWYmIdZ2hpVMpPhRI9pI5Q,Cadres,2023-01-04T00:00:00Z,990236,20468,0,495,https://i.ytimg.com/vi/8dVsWd6cw4M/default.jpg
3xWTdKnqsDM,"BEM-VINDO, MARCOS PAULO! | SPFC PLAY",2022-12-29T00:25:16Z,UCX3zTAsEoZ61rQMYb_08Tow,S√£o Paulo FC,2023-01-04T00:00:00Z,41580,3486,0,168,https://i.ytimg.com/vi/3xWTdKnqsDM/default.jpg
IJ79zPu4fqo,Now United - Holiday (Official Music Video),2022-12-26T18:00:06Z,UColnnUYyz7CWjhzpF1kASnw,NOW UNITED,2023-01-04T00:00:00Z,8135664,46886,0,70049,https://i.ytimg.com/vi/IJ79zPu4fqo/default.jpg
cTAfM1IB21I,AS NOVAS FRUTAS DA ATUALIZA√á√ÉO DE NATAL DO BLOX FRUITS!!,2022-12-26T22:30:04Z,UChly4JLxUacQ-LgT8yR2DgA,BREN0RJ,2023-01-04T00:00:00Z,224869,12118,0,334,https://i.ytimg.com/vi/cTAfM1IB21I/default.jpg
X70s8fKI3xw,A VOLTA DOS QUE N√ÉO FORAM (EL ALTO/BOL√çVIA),2022-12-27T22:00:17Z,UCAglMI9fZEVGYYUSq7nEskA,Henriqueta Vai,2023-01-04T00:00:00Z,91040,6631,0,398,https://i.ytimg.com/vi/X70s8fKI3xw/default.jpg
nYAbyvSi97Y,24 HORAS ABRINDO PRESENTE PRA PEGAR A NOVA CAPA MITICA DE NATAL NO BLOX FRUITS!!!!,2022-12-28T01:02:00Z,UCYDZsRrVuSdf3HCfpAokjGA,Hidro,2023-01-04T00:00:00Z,219751,7443,0,835,https://i.ytimg.com/vi/nYAbyvSi97Y/default.jpg
vrJJdp1L3RA,O PODER SUPREMO DOS PETS!!,2022-12-27T23:00:31Z,UCAu_v9w-BXFtg1NAnB-JgVg,Apuh,2023-01-04T00:00:00Z,218950,21235,0,776,https://i.ytimg.com/vi/vrJJdp1L3RA/default.jpg
UU-Db9y25Fw,RICO VS POBRE NA ESCOLA !,2022-12-26T22:00:07Z,UCqRSlH24d49U9fQPlXCubDg,Lopers ,2023-01-04T00:00:00Z,1024568,29089,0,285,https://i.ytimg.com/vi/UU-Db9y25Fw/default.jpg
KB_Juijt1nM,CASAMENTO JAPA E DANILO - FILME COMPLETO üíç,2022-12-26T16:15:31Z,UCSsadEMAlRA_az9L_I6pyIQ,Japa Chimenes,2023-01-04T00:00:00Z,257497,25509,0,1708,https://i.ytimg.com/vi/KB_Juijt1nM/default.jpg
xR-9IMQuEyo,EPIS√ìDIO COMPLETO: AM√âRICA SEGREDOS DE ESTADO - Dentro da √Årea 51 | HISTORY,2022-12-25T23:00:11Z,UCRP5p2RfxJgnKyWgve5pJ-Q,Canal History Brasil,2023-01-04T00:00:00Z,765003,24780,0,713,https://i.ytimg.com/vi/xR-9IMQuEyo/default.jpg
YtGF9P57tPw,A MADU VAI MORAR COM O GABRIEL,2022-12-26T22:00:09Z,UCBvrgT7nHO680B3VPJOjhJA,Paty,2023-01-04T00:00:00Z,524182,29437,0,1374,https://i.ytimg.com/vi/YtGF9P57tPw/default.jpg
RXG88oFZtIA,FALHAS NA MATRIX CAPTURADAS POR C√ÇMERAS,2022-12-25T23:05:09Z,UCj0O6W8yDuLg3iraAXKgCrQ,Voc√™ Sabia?,2023-01-04T00:00:00Z,1465619,102656,0,1489,https://i.ytimg.com/vi/RXG88oFZtIA/default.jpg
QnzumS6endI,TOP 5 2022 - Rodrigo Hilbert Ataca Novamente,2022-12-27T13:30:13Z,UCBi24ZUXnSzpDJOPQS4djsQ,Reclama√ß√£o do Dia,2023-01-04T00:00:00Z,112901,13788,0,296,https://i.ytimg.com/vi/QnzumS6endI/default.jpg
8AGzCKYdzMY,ESSE √â O PODER ABSOLUTO,2022-12-26T22:00:02Z,UCAu_v9w-BXFtg1NAnB-JgVg,Apuh,2023-01-04T00:00:00Z,206912,19823,0,845,https://i.ytimg.com/vi/8AGzCKYdzMY/default.jpg
uSPKsuFD_I8,Fiz em 20 minutos SEM FORNO SEM GELATINA pudim de leite condensado r√°pido#natal#sobremesa,2022-12-24T18:14:13Z,UCKmsIxW7qawmDZZBmyG7qZQ,Da Terra,2023-01-04T00:00:00Z,2807251,15385,0,465,https://i.ytimg.com/vi/uSPKsuFD_I8/default.jpg
Fu4gB_w0Gpg,Lendo Coment√°rios Estranhos #28,2022-12-24T22:00:03Z,UCYzp8-P162Em-3uZnCuGJOg,Games EduUu,2023-01-04T00:00:00Z,1157547,264484,0,16782,https://i.ytimg.com/vi/Fu4gB_w0Gpg/default.jpg
0n6Am1OFzLs,[UPDATE] Blox Fruits CHRISTMAS SURPRISE,2022-12-25T03:00:11Z,UC_xlDCBWQPlihORIZLWtpbA,Gamer Robot,2023-01-04T00:00:00Z,1822713,88636,0,15687,https://i.ytimg.com/vi/0n6Am1OFzLs/default.jpg
XiteJLMKsEU,O Melhor Presente de Natal? - 2022,2022-12-24T15:00:10Z,UCuxfOdbKQy0tgGXcm9sjHiw,Coisa de Nerd,2023-01-04T00:00:00Z,891966,124515,0,3335,https://i.ytimg.com/vi/XiteJLMKsEU/default.jpg
hAcZhZc0VAk,N√ÉO PRECISAM DE FOGO ESSAS PANELAS!!! - THA√çS CARLA,2022-12-26T23:03:38Z,UCkDbKaH6CWE32PRzmGx6wbQ,Tha√≠s Carla,2023-01-04T00:00:00Z,77660,9436,0,863,https://i.ytimg.com/vi/hAcZhZc0VAk/default.jpg
---Pt7XVuOk,CH√Å REVELA√á√ÉO MENINO OU MENINA? *Quarta Gravidez*,2022-12-24T20:42:26Z,UC3PGilZDRq6wzd7mURXET2g,Sara Kellen M√£e de Tr√™s,2023-01-04T00:00:00Z,508538,40864,0,2279,https://i.ytimg.com/vi/---Pt7XVuOk/default.jpg
rUW7ev79fTA,ANA CASTELA - DONA DE MIM (OFICIAL),2022-12-23T14:00:09Z,UCRD1ypvmK7e_05Rtu9zHOfQ,Ana Castela,2023-01-04T00:00:00Z,4394465,120874,0,2837,https://i.ytimg.com/vi/rUW7ev79fTA/default.jpg
JYExQPOqfB0,Manu Bahtid√£o - Especial de Natal (Ac√∫stico),2022-12-24T21:49:35Z,UCTa_X-4mmje4Tk0lig9t4Mw,Manu Bahtid√£o,2023-01-04T00:00:00Z,815053,15265,0,1148,https://i.ytimg.com/vi/JYExQPOqfB0/default.jpg
s_E2V1E55FI,Terror & Make ep. 35 | Lendo hist√≥rias de terror dos inscritosüëª,2022-12-24T23:45:00Z,UCrnD_MjvupRr9LPJQRreNEA,Karol Kaepstick,2023-01-04T00:00:00Z,135973,13452,0,382,https://i.ytimg.com/vi/s_E2V1E55FI/default.jpg
VPZ_xNl4JK4,Jos√© Augusto - Fantasias / S√°bado (Ao Vivo No Rio De Janeiro / 2008),2022-12-22T14:00:12Z,UCIfLEj_bUi_kWC3BkyG-Qrw,JoseAugustoVEVO,2023-01-04T00:00:00Z,202039,2556,0,89,https://i.ytimg.com/vi/VPZ_xNl4JK4/default.jpg
SQabYf2u-qQ,Priscila Senna - COMO EU TE AMEI (DVD Ao Vivo Priscila Em Cena),2022-12-24T14:00:10Z,UCbXjjB9GqhWlEja3k10UEgA,Priscila Senna,2023-01-04T00:00:00Z,202651,4790,0,333,https://i.ytimg.com/vi/SQabYf2u-qQ/default.jpg
_y5lb6DFzbo,Eu escondi o meu item mais raro nesse lugar imposs√≠vel de entrar,2022-12-24T13:00:19Z,UCn26TbctVxc6mUTeSZ60_iw,MucaHD,2023-01-04T00:00:00Z,400898,23435,0,1427,https://i.ytimg.com/vi/_y5lb6DFzbo/default.jpg
1b_W5gfQyWQ,DONA S√îNIA  no NATAL  da DICAPRIO,2022-12-24T13:00:03Z,UC1k6oMuW2gKd2QFI5NhmmVw,Glauber Cunha,2023-01-04T00:00:00Z,478897,25030,0,988,https://i.ytimg.com/vi/1b_W5gfQyWQ/default.jpg
CBj9sB97gv4,A√ç C√ä LIGA - Vitor Fernandes (Clipe Oficial),2022-12-23T15:00:11Z,UCRjeI9tHx0nfVLaucEaFbLg,Vitor Fernandes,2023-01-04T00:00:00Z,1899122,42474,0,1649,https://i.ytimg.com/vi/CBj9sB97gv4/default.jpg
ZDdWFYRb_2Y,Pagode da Gica - LaÃÅgrimas V√£o e Vem  (Ao Vivo) ‚ÄúDa Rocinha pro mundo‚Äù,2022-12-23T21:00:07Z,UCq6of5SOdwlMgei640RPzxw,Gica,2023-01-04T00:00:00Z,1029740,32563,0,835,https://i.ytimg.com/vi/ZDdWFYRb_2Y/default.jpg
7IKab3HcfFk,I Survived 50 Hours In Antarctica,2022-12-24T20:59:59Z,UCX6OQ3DkcsbYNE6H8uQQuVA,MrBeast,2023-01-04T00:00:00Z,66815857,3207244,0,114569,https://i.ytimg.com/vi/7IKab3HcfFk/default.jpg
AC2gsX04u5o,"Lu√≠sa Sonza, Xam√£ - MAMA.CITA (hasta la vista) - Coreografia Oficial",2022-12-23T15:00:05Z,UCnJoUTYXU142gxoyDzp-KRQ,Lu√≠sa Sonza,2023-01-04T00:00:00Z,958940,35552,0,690,https://i.ytimg.com/vi/AC2gsX04u5o/default.jpg
7SElKJuXYgs,VOC√äS PEDIRAM! - Especial de Natal 2022,2022-12-24T00:01:39Z,UCuxfOdbKQy0tgGXcm9sjHiw,Coisa de Nerd,2023-01-04T00:00:00Z,406790,62092,0,1194,https://i.ytimg.com/vi/7SElKJuXYgs/default.jpg
Gm5dWGLMvcQ,Clayton & Rom√°rio - Que Faculdade c√™ Faz?  (DVD No Mineir√£o),2022-12-23T14:00:11Z,UCYjeXUFCDs_USmNGjiIzW0A,Clayton e Rom√°rio,2023-01-04T00:00:00Z,2882571,12526,0,356,https://i.ytimg.com/vi/Gm5dWGLMvcQ/default.jpg
n-5kTv2jQ90,O JESUS CERTO,2022-12-24T14:00:24Z,UCEWHPFNilsT0IfQfutVzsag,Porta dos Fundos,2023-01-04T00:00:00Z,1085386,125590,0,4740,https://i.ytimg.com/vi/n-5kTv2jQ90/default.jpg
rxLEL7xxCD8,"Orochi - Eu n√£o queria te ligar ft. Ryan SP, Xam√£, Oruam (prod. Kizzy, Neobeats)",2022-12-22T18:51:55Z,UCDiQ-LZ8dfc3cmoGBxMDS7Q,Mainstreet Records,2023-01-04T00:00:00Z,3240611,121438,0,3188,https://i.ytimg.com/vi/rxLEL7xxCD8/default.jpg
6Vl1BMPqGyA,Hungria Hip Hop - S√≥ era N√≥s (Official Music Video),2022-12-22T23:00:10Z,UCAI8SmRbXgSpP8Zo3xZbxzQ,Hungria Hip Hop,2023-01-04T00:00:00Z,3644930,128032,0,3791,https://i.ytimg.com/vi/6Vl1BMPqGyA/default.jpg
WKnnsGZFwXk,Nunca Mais - Nattan e Xand Avi√£o (DVD AO VIVO),2022-12-22T14:00:09Z,UC3EPFEI1TdOtPdDPS1nRt2w,Nattan,2023-01-04T00:00:00Z,3310790,19507,0,277,https://i.ytimg.com/vi/WKnnsGZFwXk/default.jpg
QH4mCEanwKI,It‚Äôs Beginning To Look A Lot Like Christmas (cover) by V of BTS,2022-12-23T15:30:05Z,UCLkAepWjdylmXSltofFvsYQ,BANGTANTV,2023-01-04T00:00:00Z,13623516,1720942,0,99760,https://i.ytimg.com/vi/QH4mCEanwKI/default.jpg
mOxjSicjZmY,"Thiago Aquino - Thayn√° [DVD Arrocha, Meu Lugar √â Aqui]",2022-12-22T15:00:34Z,UCkcCeIlQk49Qwjuc-__onSQ,Thiago Aquino Oficial,2023-01-04T00:00:00Z,1514983,25259,0,674,https://i.ytimg.com/vi/mOxjSicjZmY/default.jpg
RuXFXp4zQlM,"Lu√≠sa Sonza, Xam√£ - MAMA.CITA (hasta la vista) - Clipe Oficial",2022-12-22T00:00:06Z,UCnJoUTYXU142gxoyDzp-KRQ,Lu√≠sa Sonza,2023-01-04T00:00:00Z,4963796,182559,0,10083,https://i.ytimg.com/vi/RuXFXp4zQlM/default.jpg
XAw-GSQrdF8,Israel & Rodolffo - Trident de Menta (Let's Bora),2022-12-22T15:00:28Z,UCEseiqihkEymhN3AhcxBPxw,Israel e Rodolffo,2023-01-04T00:00:00Z,714497,11665,0,790,https://i.ytimg.com/vi/XAw-GSQrdF8/default.jpg
4YZrDnLi2ek,Amarelo e Rosa (Rainbow Friends) Vs. Mussoumano - Batalha com Games,2022-12-22T21:00:11Z,UC607Gii1uo93qDqiGR6-c3w,Mussoumano,2023-01-04T00:00:00Z,1375294,77910,0,5472,https://i.ytimg.com/vi/4YZrDnLi2ek/default.jpg
lwkR19huwzg,fiz uma BASE SECRETA dentro da casa do meu amigo (E Roubei Tudo),2022-12-22T23:07:46Z,UCgrFZP2B8H6pWgPL1bAqkiQ,Fixz,2023-01-04T00:00:00Z,300358,15902,0,833,https://i.ytimg.com/vi/lwkR19huwzg/default.jpg
umTYZO3XWRs,Z√© Neto e Cristiano - Ensaio de Felicidade - GUIA NOVO DVD Escolhas,2022-12-22T22:00:17Z,UCRRu9OXVYd5clj2Bs29gUVQ,Z√© Neto e Cristiano,2023-01-04T00:00:00Z,168099,6907,0,163,https://i.ytimg.com/vi/umTYZO3XWRs/default.jpg
moX5JoTI68A,"√© isso, chegou ao fim :(",2022-12-22T22:59:29Z,UCjTVNkbx5megxlnl1spy2jg,Jully Molinna,2023-01-04T00:00:00Z,233827,21644,0,1560,https://i.ytimg.com/vi/moX5JoTI68A/default.jpg
nUXgfLQagNQ,A BASE MAIS SECR3TA,2022-12-22T00:00:27Z,UCukwGwBD-pAbGzoJo6ZXPtQ,Tonigon,2023-01-04T00:00:00Z,1430659,57670,0,2789,https://i.ytimg.com/vi/nUXgfLQagNQ/default.jpg
YD1UblIUEe4,[4K] NewJeans (Îâ¥ÏßÑÏä§) -‚ÄúDitto‚Äù Band LIVE Concert ‚îÇDitto HOLIDAY BAND LIVEüéÑ [it‚Äôs KPOP LIVE ÏûáÏ∏†ÎùºÏù¥Î∏å],2022-12-23T08:00:11Z,UCB9e3pof1o83aa0kkaoeJGA,it's Live,2023-01-04T00:00:00Z,6378882,332866,0,9910,https://i.ytimg.com/vi/YD1UblIUEe4/default.jpg
auj13FWoOuk,Pintei o cabelo | Um pouco da nossa viagem em Goi√¢nia | Niver do Dom | Compras do m√™s de Dezembro,2022-12-22T23:17:17Z,UC-qxFWknGepiCS8OVG9rbPQ,Juliana Perdomo,2023-01-04T00:00:00Z,110081,12718,0,495,https://i.ytimg.com/vi/auj13FWoOuk/default.jpg
nqWcd4lVSP8,ESCOLINHA ESPECIAL DE NATAL 2022 - PARTE 2: AMIGO SECRETO,2022-12-22T22:00:31Z,UCbtlMIfdRVxPXZ1nI8NBN2A,Coisa Nossa,2023-01-04T00:00:00Z,238175,22932,0,398,https://i.ytimg.com/vi/nqWcd4lVSP8/default.jpg
kVKmxpvKyGg,"CEIA DE NATAL COMPLETA E F√ÅCIL POR R$ 50,00",2022-12-22T21:30:03Z,UCTunBqvm0o1PsFZEvqp7l1A,Marcela Venancio,2023-01-04T00:00:00Z,139858,13915,0,695,https://i.ytimg.com/vi/kVKmxpvKyGg/default.jpg
GZWYonaMoHw,TOMBEI O TREM DO RUIM! - Choo-Choo Charles,2022-12-21T22:00:04Z,UCYzp8-P162Em-3uZnCuGJOg,Games EduUu,2023-01-04T00:00:00Z,1515555,178239,0,5228,https://i.ytimg.com/vi/GZWYonaMoHw/default.jpg
FvSrvxsUPp4,Mussoumano n√£o vai GANHAR PRESENTE do Papai Noel (Escape Papai Noel Roblox),2022-12-22T21:00:09Z,UCYC7HG92sGQjkcMrs8F4wBA,Mussoumano Game,2023-01-04T00:00:00Z,173602,6794,0,311,https://i.ytimg.com/vi/FvSrvxsUPp4/default.jpg
vmV-FYucRsk,FIZEMOS UMA FESTA SURPRESA PARA O RYAN NOS ESTADOS UNIDOS !!!,2022-12-22T16:00:23Z,UCgJnKtIMg8gv_9jTwW-EFpA,Fam√≠lia Oliveira,2023-01-04T00:00:00Z,282009,16757,0,1675,https://i.ytimg.com/vi/vmV-FYucRsk/default.jpg
Kh9fYUUMK9U,"MC CABELINHO - FOGO E GASOLINA (prod. MELLO, CYCLOPE, RED)",2022-12-20T23:00:10Z,UCjhZqfzCp1aDE0GeugC0GXw,MC Cabelinho,2023-01-04T00:00:00Z,5525347,148599,0,2198,https://i.ytimg.com/vi/Kh9fYUUMK9U/default.jpg
s6Ub6lD76ZU,A SOBREMESA MAIS F√ÅCIL PARA O NATAL! GELATINA COM NINHO - CREMOSONA - SABOR INCR√çVEL,2022-12-22T13:34:14Z,UCF5WzS-iBJRfp_EcFI-GT1w,Receitas de Pai,2023-01-04T00:00:00Z,253658,14083,0,456,https://i.ytimg.com/vi/s6Ub6lD76ZU/default.jpg
F36HBFGxWkg,That '90s Show | Official Trailer | Netflix,2022-12-22T17:00:00Z,UCWOA1ZGywLbqmigxE4Qlvuw,Netflix,2023-01-04T00:00:00Z,8023389,81075,0,10300,https://i.ytimg.com/vi/F36HBFGxWkg/default.jpg
AWUMbVKr8r8,Chefin - Menino Ney (prod. dazz),2022-12-21T15:00:07Z,UCDiQ-LZ8dfc3cmoGBxMDS7Q,Mainstreet Records,2023-01-04T00:00:00Z,1202768,82230,0,10654,https://i.ytimg.com/vi/AWUMbVKr8r8/default.jpg
bHojmNePprQ,O NATAL E AS COISAS QUE ACONTECEM I Falaidearo,2022-12-23T14:55:51Z,UCCJC7YIZytEccbU0AWQIBHA,Falaidearo,2023-01-04T00:00:00Z,308950,12260,0,767,https://i.ytimg.com/vi/bHojmNePprQ/default.jpg
LNFoSoaectw,‚ô™ Desabafo Itadori Yuji | Desconstru√ß√£o do Her√≥i | Feat: @Gabriza e @DaaruiOficial | AniRap,2022-12-21T22:00:08Z,UCXBPFEVfOPPBop4-ICdA0iA,AniRap,2023-01-04T00:00:00Z,688163,58001,0,2050,https://i.ytimg.com/vi/LNFoSoaectw/default.jpg
HbcCpeFm2FY,"DJ GM e Oldilla Polo Branca 2 Cebezinho, Vinny, Lipi, Leozinho, Piedro, Magal Ryan Gabb Kako Paiva",2022-12-21T22:30:09Z,UC9OMsuaqvGdF0MtK3gYYNkA,Love Funk,2023-01-04T00:00:00Z,1424954,53664,0,923,https://i.ytimg.com/vi/HbcCpeFm2FY/default.jpg
Ir9iaqANu2I,O F era do BEM esse Tempo Todo!,2022-12-21T21:00:10Z,UCbWYmIdZ2hpVMpPhRI9pI5Q,Cadres,2023-01-04T00:00:00Z,1384451,29842,0,784,https://i.ytimg.com/vi/Ir9iaqANu2I/default.jpg
wPab3AvmSEE,N√ÉO PULE NO BURACO DO MONSTRO ERRADO !,2022-12-22T22:00:19Z,UCqRSlH24d49U9fQPlXCubDg,Lopers ,2023-01-04T00:00:00Z,524069,15368,0,173,https://i.ytimg.com/vi/wPab3AvmSEE/default.jpg
hiB3geOn25s,COMO SERIAM OS FILHOS DA NETOLAB?,2022-12-22T13:00:21Z,UCV306eHqgo0LvBf3Mh36AHg,Felipe Neto,2023-01-04T00:00:00Z,1080312,130580,0,2115,https://i.ytimg.com/vi/hiB3geOn25s/default.jpg
4kJwcFcUSCw,D√° pra ZERAR Pok√©mon SCARLET S√ì com o Tipo FOGO? - Desafio Pok√©mon (Sem itens em batalha),2022-12-23T13:00:04Z,UCboxFzr0fjaypieZnv0LjCA,REVIROTTO,2023-01-04T00:00:00Z,153921,12244,0,258,https://i.ytimg.com/vi/4kJwcFcUSCw/default.jpg
To2MAzO0VEE,MC CABELINHO - QUEM SOU EU? (prod. ARIEL DONATO),2022-12-20T22:30:08Z,UCjhZqfzCp1aDE0GeugC0GXw,MC Cabelinho,2023-01-04T00:00:00Z,4199327,168432,0,2811,https://i.ytimg.com/vi/To2MAzO0VEE/default.jpg
R8gg1a-fWBs,Eu Convidei 100 Celebridades Pro Meu Anivers√°rio :),2022-12-21T15:00:13Z,UCIRseertPt5kAzr40COpH6A,FEURIPE,2023-01-04T00:00:00Z,691399,34860,0,1913,https://i.ytimg.com/vi/R8gg1a-fWBs/default.jpg
bKrGxDqMm3U,Mari Fernandez - DESISTIU DE MIM [Video Oficial],2022-12-21T14:00:27Z,UC4GQcpSxXmvhjn8bAfUubgg,Mari Fernandez,2023-01-04T00:00:00Z,922232,18657,0,441,https://i.ytimg.com/vi/bKrGxDqMm3U/default.jpg
aPRv2BLXyOg,Fiz Enxoval de Beb√™ nos ESTADOS UNIDOS,2022-12-21T23:29:11Z,UCVbc0VknYtsuZJ8r7oPdIxA,VIFUN,2023-01-04T00:00:00Z,211979,13448,0,378,https://i.ytimg.com/vi/aPRv2BLXyOg/default.jpg
Dna_UihOuGQ,COMO SER O PIOR SUPER HER√ìI DO MUNDO! - Failman,2022-12-22T15:00:12Z,UCIXguhHCl8eDTkXpEuiGPUA,Jazzghost,2023-01-04T00:00:00Z,663214,44666,0,1559,https://i.ytimg.com/vi/Dna_UihOuGQ/default.jpg
A_w7Kn8JSII,Stray Kids JAPAN 1st Album Trailer,2022-12-22T15:00:07Z,UCXhj2pPWvONXmvgHX5wllCA,Stray Kids Japan Official Youtube,2023-01-04T00:00:00Z,874165,149269,0,4318,https://i.ytimg.com/vi/A_w7Kn8JSII/default.jpg
4CgFpJ1tM38,O DIA QUE CRIARAM WANDINHA,2022-12-21T22:00:00Z,UCT-QobdGYczKTSuWAQbQFAA,Opera√ß√£o Cinema,2023-01-04T00:00:00Z,461712,17533,0,662,https://i.ytimg.com/vi/4CgFpJ1tM38/default.jpg
U0LGdFGTmJY,IMPROV√ÅVEL - T√çTULO MEIO #34,2022-12-22T22:00:10Z,UCZbgt7KIEF_755Xm14JpkCQ,Barbixas,2023-01-04T00:00:00Z,200681,23291,0,256,https://i.ytimg.com/vi/U0LGdFGTmJY/default.jpg
arrVQd8ug68,COMPREI O CAMINH√ÉO NOVOüá∫üá∏,2022-12-21T13:18:00Z,UCK5a66xCOjl0i1pG7OiLj_w,Paulo Landim,2023-01-04T00:00:00Z,461031,51883,0,7938,https://i.ytimg.com/vi/arrVQd8ug68/default.jpg
2eND_8tktvo,24 PRESENTES EM 24 HORAS! (DESAFIOS DE NATAL),2022-12-21T21:28:00Z,UCjaxmdb_gTWbz9XF5rzvgGg,Natan por A√≠,2023-01-04T00:00:00Z,1530318,27276,0,492,https://i.ytimg.com/vi/2eND_8tktvo/default.jpg
VfUjHhh8z-s,AO VIVO | SORTEIO FASE PRELIMINAR | CONMEBOL LIBERTADORES 2023,2022-12-21T15:49:15Z,UCyuLjFPzlkMSYJpIpY8M6qA,CONMEBOL Libertadores,2023-01-04T00:00:00Z,403175,11834,0,690,https://i.ytimg.com/vi/VfUjHhh8z-s/default.jpg
ptgomKYNgIY,"Gloria Groove, Luisa Sonza - Shallow (Bradley Cooper e Lady Gaga) | M√∫sica Boa Ao Vivo",2022-12-21T21:00:30Z,UCIzAIM-zatIDHErC0Z23hbQ,M√∫sica Multishow,2023-01-04T00:00:00Z,228657,9226,0,385,https://i.ytimg.com/vi/ptgomKYNgIY/default.jpg
YHnInSxwl6E,ENTRAMOS NO SIMULADOR DE CARROS REALISTA DO ROBLOX!! (Realistic Car Driving),2022-12-22T00:00:03Z,UCYtaoJSk9iIrFxx8eZB15ag,Robin Hood Gamer,2023-01-04T00:00:00Z,813400,40983,0,735,https://i.ytimg.com/vi/YHnInSxwl6E/default.jpg
aZg24Ty9_xw,TORRE DE HAMBURGUER DE 2kg + 3 LITROS DE MILKSHAKE!!!,2022-12-22T14:00:30Z,UCFgDfnoYhWM48p072kjJ8zQ,Corbucci Eats,2023-01-04T00:00:00Z,372258,31498,0,388,https://i.ytimg.com/vi/aZg24Ty9_xw/default.jpg
nnlALGKjXs4,PASSAMOS A NOITE NOS LUGARES MAIS ALEAT√ìRIOS DO SHOPPING E ISSO ACONTECEU!,2022-12-21T21:00:12Z,UC6paX0kLA8D81aYogceMufw,Rafa & Luiz,2023-01-04T00:00:00Z,743047,28232,0,1348,https://i.ytimg.com/vi/nnlALGKjXs4/default.jpg
vRpQBcXX2oc,UNDERVERSE 0.7 Part 1 [By Jakei],2022-12-21T14:00:10Z,UCm6xtTe5SrgjOy3VmRz4PCw,Jael Pe√±aloza,2023-01-04T00:00:00Z,1578418,118004,0,9675,https://i.ytimg.com/vi/vRpQBcXX2oc/default.jpg
kIMx3ms7dMM,ESCOLINHA ESPECIAL DE NATAL 2022 - PARTE 1,2022-12-20T22:00:11Z,UCbtlMIfdRVxPXZ1nI8NBN2A,Coisa Nossa,2023-01-04T00:00:00Z,398602,35421,0,828,https://i.ytimg.com/vi/kIMx3ms7dMM/default.jpg
Mi5yFTpgHfc,"MC CABELINHO - SEXY (prod. MELLO, MATHINVOKER)",2022-12-20T22:00:07Z,UCjhZqfzCp1aDE0GeugC0GXw,MC Cabelinho,2023-01-04T00:00:00Z,2738311,129278,0,2883,https://i.ytimg.com/vi/Mi5yFTpgHfc/default.jpg
TrGZ8o2jFGw,"HOMEM ARANHA DE R$ 1 para R$1.000.000,00 no GTA 5!",2022-12-20T21:15:00Z,UCvp2rct896qzl9qaG20mjNg,GamerCosta,2023-01-04T00:00:00Z,737109,16614,0,226,https://i.ytimg.com/vi/TrGZ8o2jFGw/default.jpg
n0uDZXDxmd0,Destaques desconhecidos da Copa ganham Champions?,2022-12-21T13:00:29Z,UClJ3ZVn2upHmGdUfq1cakVg,Bit Fut,2023-01-04T00:00:00Z,273318,21798,0,606,https://i.ytimg.com/vi/n0uDZXDxmd0/default.jpg
