XHegE9h0ZvA,Center - Day 2 - Listen,2023-01-03T06:00:08Z,UCFKE7WVJfvaHW5q283SxchA,Yoga With Adriene,2023-01-04T00:00:00Z,604097,17963,0,1810,https://i.ytimg.com/vi/XHegE9h0ZvA/default.jpg
PR715VHT8LE,Bills safety Damar Hamlin taken to hospital after Monday Night Football injury,2023-01-03T04:10:31Z,UC9ha3sh4YTCSK83dH6OlWTw,WTVR CBS 6,2023-01-04T00:00:00Z,1015760,4426,0,1389,https://i.ytimg.com/vi/PR715VHT8LE/default.jpg
-MKYlwqi4Mk,"Caly Bevier Wows The Crowd With an Original Song, Head Held High | AGT: All-Stars 2023",2023-01-03T01:30:30Z,UCT2X19JJaJGUN7mrYuImANQ,America's Got Talent,2023-01-04T00:00:00Z,530786,3616,0,208,https://i.ytimg.com/vi/-MKYlwqi4Mk/default.jpg
4weFxATBEiY,Evil Dead Rise ‚Äì Teaser,2023-01-03T17:00:26Z,UCjmJDM5pRKbUlVIzDYYWb6g,Warner Bros. Pictures,2023-01-04T00:00:00Z,348962,12957,0,1150,https://i.ytimg.com/vi/4weFxATBEiY/default.jpg
Lkg6rTBd_po,Tout cuire Sous-Vide c'est possible?,2023-01-03T16:02:04Z,UC71wXCoTvVy63AW2s0jdwvw,Gurky,2023-01-04T00:00:00Z,217212,11132,0,225,https://i.ytimg.com/vi/Lkg6rTBd_po/default.jpg
T70sk6gfQ6c,In Europe My Work Is Done ‚úÖ | Cristiano Ronaldo's FIRST Al-Nassr Press Conference,2023-01-03T16:59:24Z,UCZ7wY7MRDSygp63HIEfdQZA,Sky Sports Football,2023-01-04T00:00:00Z,670156,16574,0,3909,https://i.ytimg.com/vi/T70sk6gfQ6c/default.jpg
dlkG7LQJjY0,Center - Day 1 - Show Up,2023-01-02T06:00:07Z,UCFKE7WVJfvaHW5q283SxchA,Yoga With Adriene,2023-01-04T00:00:00Z,1021278,32659,0,3814,https://i.ytimg.com/vi/dlkG7LQJjY0/default.jpg
Ry_3icwd68o,How Different Spillway Gates Work,2023-01-03T14:00:12Z,UCMOqf8ab-42UUQIdVoKwjlQ,Practical Engineering,2023-01-04T00:00:00Z,709473,24830,0,983,https://i.ytimg.com/vi/Ry_3icwd68o/default.jpg
P03LWtVe9BU,I CAN'T believe Connor Bedard did this...,2023-01-03T04:17:28Z,UCcg171okllPcyT6Sm5iBb7A,Hockey Psychology,2023-01-04T00:00:00Z,175404,1807,0,375,https://i.ytimg.com/vi/P03LWtVe9BU/default.jpg
zSsmsYCxxEE,I Survived 100 Days Inside My Enemy's Base,2023-01-03T05:54:28Z,UCOK98De7_ijD72RhmMEXiJw,Wemmbu,2023-01-04T00:00:00Z,210254,9809,0,647,https://i.ytimg.com/vi/zSsmsYCxxEE/default.jpg
qNpHsPWD3tI,La sombre histoire de la meÃÅthampheÃÅtamine !,2023-01-03T17:00:01Z,UCWnfDPdZw6A23UtuBpYBbAg,Dr Nozman,2023-01-04T00:00:00Z,378393,27377,0,1036,https://i.ytimg.com/vi/qNpHsPWD3tI/default.jpg
Zm1VIGNmPxI,The Smile: Tiny Desk Concert,2023-01-03T10:00:25Z,UC4eYXhJI4-7wSWc8UNRwD4A,NPR Music,2023-01-04T00:00:00Z,332013,19882,0,1119,https://i.ytimg.com/vi/Zm1VIGNmPxI/default.jpg
LjX1Uvs-4RI,Babar Azam Run Out | Pakistan vs New Zealand | 2nd Test Day 2 | PCB | MZ2L,2023-01-03T11:45:00Z,UC-fzWbU1zavz77kP1gPPdSg,Sports Central,2023-01-04T00:00:00Z,1363427,9847,0,1234,https://i.ytimg.com/vi/LjX1Uvs-4RI/default.jpg
_ZAgIHmHLdc,NewJeans (Îâ¥ÏßÑÏä§) 'OMG' Official MV,2023-01-02T09:00:00Z,UC3IZKseVpdzPSBaWxBxundA,HYBE LABELS,2023-01-04T00:00:00Z,9657255,860821,0,41896,https://i.ytimg.com/vi/_ZAgIHmHLdc/default.jpg
LUlDUYmTFCQ,Our Biggest Announcement Yet..,2023-01-03T17:00:26Z,UCfi-mPMOmche6WI-jkvnGXw,Good Good,2023-01-04T00:00:00Z,480508,24167,0,3132,https://i.ytimg.com/vi/LUlDUYmTFCQ/default.jpg
YM3trB-pLyY,Thank You Ken Block,2023-01-03T17:03:44Z,UCkg2ZDee9ZLBCd2LVB6DPHA,AR12Gaming,2023-01-04T00:00:00Z,257866,20083,0,1671,https://i.ytimg.com/vi/YM3trB-pLyY/default.jpg
PdGjALtkXn0,Canada vs. Slovakia - 2023 World Juniors Highlights,2023-01-03T03:55:26Z,UC--i2rV5NCxiEIPefr3l-zQ,TSN,2023-01-04T00:00:00Z,725794,7724,0,1829,https://i.ytimg.com/vi/PdGjALtkXn0/default.jpg
NItL8Muq65Q,YouTube Sensation Ken Block Dies In Snowmobile Accident,2023-01-03T07:03:50Z,UCyri-PL3l4Dn9IooWXQAqfA,editorji,2023-01-04T00:00:00Z,138554,434,0,71,https://i.ytimg.com/vi/NItL8Muq65Q/default.jpg
U8zDGN2Fdt4,"I tried towing 10,000 pounds in freezing weather... My EV Truck Lied!",2023-01-03T15:15:01Z,UCWFKCr40YwOZQx8FHU_ZqqQ,JerryRigEverything,2023-01-04T00:00:00Z,480325,23717,0,2250,https://i.ytimg.com/vi/U8zDGN2Fdt4/default.jpg
G1XL6M5OLfo,1st Find of the Year: Richard Finds The Perfect Muscle Car Duo! - Wheels & Deals,2023-01-02T20:15:00Z,UC9Fj-4oQzaEPkg-XHjqZE0g,Gas Monkey Garage & Richard Rawlings,2023-01-04T00:00:00Z,317381,12941,0,910,https://i.ytimg.com/vi/G1XL6M5OLfo/default.jpg
LP7-4gh_cWo,NOOB vs HACKER: I Cheated In a BOXY BOO Build Challenge!,2023-01-02T16:00:11Z,UCxwlZmsK9bn5he8uu2gkQFA,GEVidsTV,2023-01-04T00:00:00Z,759313,21621,0,2666,https://i.ytimg.com/vi/LP7-4gh_cWo/default.jpg
F3NpwvPorgU,Why I Left YouTube... Life Update GRWM,2023-01-02T20:59:27Z,UCEQi1ZNJiw3YMRwni0OLsTQ,Whitney Simmons,2023-01-04T00:00:00Z,210032,20126,0,3377,https://i.ytimg.com/vi/F3NpwvPorgU/default.jpg
RvYkeTmM1gc,"If You Build It, I'll Pay For It!",2022-12-31T20:00:04Z,UCIPPMRA040LQr5QPyJEbmXA,MrBeast Gaming,2023-01-04T00:00:00Z,10581880,472885,0,20160,https://i.ytimg.com/vi/RvYkeTmM1gc/default.jpg
74-hMv9X2VY,LONDON vlog,2023-01-02T15:00:03Z,UCRE-097LGtx_Zo7LrHvkycA,ÌñâÎ≥µÏßÄÏàò 103%,2023-01-04T00:00:00Z,6166742,890970,0,93843,https://i.ytimg.com/vi/74-hMv9X2VY/default.jpg
EY5zoA_-CMI,Are New Heavy-Duty Trucks Cracking In Half? Here's What Happened To This One!,2023-01-02T19:25:39Z,UCO-85LYfB61OP4SRAgpfncw,The Fast Lane Truck,2023-01-04T00:00:00Z,246022,8348,0,2522,https://i.ytimg.com/vi/EY5zoA_-CMI/default.jpg
lyKHns4Y-ok,2022 Christmas Haul *i got spoiled*,2023-01-02T22:00:21Z,UCvRhblKpR8SH7VHho0KnT0g,More Mia Maples,2023-01-04T00:00:00Z,231236,19273,0,1298,https://i.ytimg.com/vi/lyKHns4Y-ok/default.jpg
nCBVWlNLZ_I,Cotton Bowl: Tulane Green Wave vs. USC Trojans | Full Game Highlights,2023-01-02T22:05:59Z,UCzRWWsFjqHk1an4OnVPsl9g,ESPN College Football,2023-01-04T00:00:00Z,913997,8113,0,2506,https://i.ytimg.com/vi/nCBVWlNLZ_I/default.jpg
p6jXi7wDFIY,Undercover Boss Meets a Single Father of Four Working the Night Shift,2023-01-01T19:00:23Z,UCISglu-JC04IuYH13mfYHzw,Dabl,2023-01-04T00:00:00Z,543294,1121,0,144,https://i.ytimg.com/vi/p6jXi7wDFIY/default.jpg
nIQf5YRk1vc,Lens vs PSG | LIGUE 1 HIGHLIGHTS | 1/1/2023 | beIN SPORTS USA,2023-01-01T21:56:04Z,UC0YatYmg5JRYzXJPxIdRd8g,beIN SPORTS USA,2023-01-04T00:00:00Z,380349,3216,0,875,https://i.ytimg.com/vi/nIQf5YRk1vc/default.jpg
UdCTKR5vhBA,Brentford 3-1 Liverpool | An unreal night under the lights! üî•| Premier League Highlights,2023-01-02T22:10:26Z,UCAalMUm3LIf504ItA3rqfug,Brentford Football Club,2023-01-04T00:00:00Z,2059953,27198,0,1009,https://i.ytimg.com/vi/UdCTKR5vhBA/default.jpg
EOWP5Y7eErE,Saying goodbye is hard..,2023-01-01T16:45:00Z,UC-lHJZR3Gqxm24_Vd_AJ5Yw,PewDiePie,2023-01-04T00:00:00Z,5929582,388753,0,17345,https://i.ytimg.com/vi/EOWP5Y7eErE/default.jpg
ccSOo5TOlvE,Note Fenko - The Karampura Song | Yo Yo Honey Singh | Full Video,2023-01-02T12:45:13Z,UC1KonH1j8WMhc5cT6Bp7NtA,Yo Yo Honey Singh,2023-01-04T00:00:00Z,2215701,292910,0,22818,https://i.ytimg.com/vi/ccSOo5TOlvE/default.jpg
vHCVWzF-fXY,Pope emeritus Benedict XVI's body moved to St. Peter's Basilica,2023-01-02T10:28:21Z,UCxshhzR907v2w6DjICyAgLQ,ROME REPORTS in English,2023-01-04T00:00:00Z,1201270,11103,0,1987,https://i.ytimg.com/vi/vHCVWzF-fXY/default.jpg
E-oA1BWRL2U,Minecraft but there's Only One Modded Block,2023-01-02T18:05:07Z,UC_cvTMeip9po2hZdF3aBXrA,BeckBroJack,2023-01-04T00:00:00Z,251393,19440,0,1087,https://i.ytimg.com/vi/E-oA1BWRL2U/default.jpg
rFZ2hVbvXNs,√âTOIL√â ou SURGEL√â ? (le jeu de d√©gustation IMPOSSIBLE) #3 üá®üá¶,2023-01-01T16:25:00Z,UCgvqvBoSHB1ctlyyhoHrGwQ,Amixem,2023-01-04T00:00:00Z,2512273,190313,0,5441,https://i.ytimg.com/vi/rFZ2hVbvXNs/default.jpg
_3Wah0P7uBM,"I Spent $10,000 on an ABANDONED STORAGE UNIT",2023-01-01T15:30:04Z,UCAM2fyCjEdROyELretVTiiw,HopeScope,2023-01-04T00:00:00Z,1282635,44111,0,3381,https://i.ytimg.com/vi/_3Wah0P7uBM/default.jpg
PpznJj8ZXMY,Rangers 2-2 Celtic | Late Furuhashi Goal Denies Rangers Old Firm Victory | cinch Premiership,2023-01-02T22:00:06Z,UCakRszbIjjGYtFrDPeg5Ieg,SPFL,2023-01-04T00:00:00Z,520908,2708,0,911,https://i.ytimg.com/vi/PpznJj8ZXMY/default.jpg
s473o7fbErM,Extended highlights of Stage 2 presented by Aramco - #Dakar2023,2023-01-02T18:42:13Z,UCJVKwvv58Xo3Rt4rF3NiL9w,Dakar,2023-01-04T00:00:00Z,356899,6732,0,263,https://i.ytimg.com/vi/s473o7fbErM/default.jpg
IHATf7e53hU,Former FBI agent sheds light on Poconos arrest of Idaho murder suspect,2023-01-02T13:08:14Z,UCqdOvfSmM2NKRNE0FSbATuw,FOX 29 Philadelphia,2023-01-04T00:00:00Z,294273,2258,0,936,https://i.ytimg.com/vi/IHATf7e53hU/default.jpg
tUCT82t1Y8Q,GOT the beat 'Stamp On It' Stage Video,2023-01-01T13:00:24Z,UCcdX97nVNsZgAA0NxvHnU9w,Girls On Top,2023-01-04T00:00:00Z,3755687,249264,0,9264,https://i.ytimg.com/vi/tUCT82t1Y8Q/default.jpg
7vZOuClmaxk,Center - Day 0 - Welcome,2023-01-01T06:00:11Z,UCFKE7WVJfvaHW5q283SxchA,Yoga With Adriene,2023-01-04T00:00:00Z,849096,37153,0,2585,https://i.ytimg.com/vi/7vZOuClmaxk/default.jpg
n_DtpY9wbGg,Dude Perfect vs. Luka Doncic (1-on-1),2022-12-31T14:59:56Z,UCRijo3ddMTht_IHyNSNXpNQ,Dude Perfect,2023-01-04T00:00:00Z,7819460,309510,0,7249,https://i.ytimg.com/vi/n_DtpY9wbGg/default.jpg
8DNLvMTxhb8,I Cut My Long Hair SHORT *and surprised my family!*,2023-01-01T18:00:02Z,UCzzOKT1SkE7qdycJvPCR3Gg,Mia Maples,2023-01-04T00:00:00Z,922801,87969,0,16726,https://i.ytimg.com/vi/8DNLvMTxhb8/default.jpg
G8w42dfxNg8,Future - BACK TO THE BASICS (Official Music Video),2023-01-02T20:00:02Z,UCSDvKdIQOwTfcyOimSi9oYA,Future,2023-01-04T00:00:00Z,337374,28487,0,1481,https://i.ytimg.com/vi/G8w42dfxNg8/default.jpg
naQ0RuXB3fI,Uncle Roger Learn To Make Lobster Roll (ft. NICK DIGIOVANNI),2023-01-01T14:00:17Z,UCVjlpEjEY9GpksqbEesJnNA,mrnigelng,2023-01-04T00:00:00Z,1292488,77635,0,3113,https://i.ytimg.com/vi/naQ0RuXB3fI/default.jpg
SEdAFDl_2g4,Miley Cyrus & Dolly Parton Sing Wrecking Ball & I Will Always Love You | Miley‚Äôs New Year‚Äôs Eve,2023-01-01T05:58:45Z,UCccjdJEay2hpb5scz61zY6Q,NBC,2023-01-04T00:00:00Z,2894914,75114,0,3875,https://i.ytimg.com/vi/SEdAFDl_2g4/default.jpg
2FcDNi1HkfI,Happy New Year Live! üéÜ London Fireworks 2023 üî¥ BBC,2023-01-01T00:15:15Z,UCCj956IF62FbT7Gouszaj9w,BBC,2023-01-04T00:00:00Z,4079000,42386,0,4678,https://i.ytimg.com/vi/2FcDNi1HkfI/default.jpg
skO_bVXMWzU,New Year's 2023: Dubai puts on thrilling fireworks show at Burj Khalifa,2022-12-31T20:51:09Z,UChLtXXpo4Ge1ReTEboVvTDg,Global News,2023-01-04T00:00:00Z,4747202,33845,0,2793,https://i.ytimg.com/vi/skO_bVXMWzU/default.jpg
hIrAsMmlQzg,Peach Bowl: Ohio State Buckeyes vs. Georgia Bulldogs | Full Game Highlights,2023-01-01T05:12:55Z,UCzRWWsFjqHk1an4OnVPsl9g,ESPN College Football,2023-01-04T00:00:00Z,3202144,21919,0,5467,https://i.ytimg.com/vi/hIrAsMmlQzg/default.jpg
QaLUbBpcuyY,its time,2023-01-01T23:00:58Z,UC9mBJdNZxwE-La5vX0Kozvg,Failboat,2023-01-04T00:00:00Z,299753,23223,0,1428,https://i.ytimg.com/vi/QaLUbBpcuyY/default.jpg
97ICETWIrW8,I Collected EVERY Block in Minecraft Hardcore,2023-01-01T14:00:52Z,UCJLklPT2rmAF33gVyHYH-QQ,ezY,2023-01-04T00:00:00Z,651820,24778,0,2596,https://i.ytimg.com/vi/97ICETWIrW8/default.jpg
Si8XPw1Z9PE,Extended PL Highlights: Albion 2 Arsenal 4,2023-01-02T00:00:07Z,UCf-cpC9WAdOsas19JHipukA,Official Brighton & Hove Albion FC,2023-01-04T00:00:00Z,571204,6950,0,276,https://i.ytimg.com/vi/Si8XPw1Z9PE/default.jpg
P4aYMnRWzh4,"2022 New Year's Eve Fireworks in Calgary, Alberta, Canada",2023-01-01T07:10:44Z,UCy3Gp6UL_LpxCI9e36DnrGA,City of Calgary,2023-01-04T00:00:00Z,65087,459,0,0,https://i.ytimg.com/vi/P4aYMnRWzh4/default.jpg
E88tnKsq4KA,Signing Off,2023-01-01T18:25:32Z,UCoNRSwYHJdy-yV1b82ZdHfQ,SethEverman,2023-01-04T00:00:00Z,1484252,180037,0,7692,https://i.ytimg.com/vi/E88tnKsq4KA/default.jpg
CAPfNrxklig,We Spent 24 Hours in VR Together,2022-12-31T13:00:12Z,UCrXzMVbjcaVvVtihxNpBvMQ,The Boys,2023-01-04T00:00:00Z,2126730,84213,0,4261,https://i.ytimg.com/vi/CAPfNrxklig/default.jpg
1_4ycOoIvzY,HIGHLIGHTS | SPURS 0-2 ASTON VILLA,2023-01-01T22:00:00Z,UCEg25rdRZXg32iwai6N6l0w,Tottenham Hotspur,2023-01-04T00:00:00Z,527029,6882,0,1442,https://i.ytimg.com/vi/1_4ycOoIvzY/default.jpg
1HKmnriYImE,Fiesta Bowl: TCU Horned Frogs vs. Michigan Wolverines | College Football Playoff,2023-01-01T01:11:58Z,UCzRWWsFjqHk1an4OnVPsl9g,ESPN College Football,2023-01-04T00:00:00Z,1432321,10439,0,3843,https://i.ytimg.com/vi/1HKmnriYImE/default.jpg
pgbNZdrn_2s,NFL Playoff Picture: Steve Kornacki gives a bird's-eye view after Week 17 | FNIA | NBC Sports,2023-01-02T02:03:15Z,UCXn8eue3paGXJyI5UDQIyWg,NFL on NBC,2023-01-04T00:00:00Z,675109,5256,0,778,https://i.ytimg.com/vi/pgbNZdrn_2s/default.jpg
82eU5UZa9No,Miley Cyrus ‚Äì Flowers (Official Teaser #1),2023-01-01T04:27:27Z,UCn7dB9UMTBDjKtEKBy_XISw,Miley Cyrus,2023-01-04T00:00:00Z,318866,16897,0,1231,https://i.ytimg.com/vi/82eU5UZa9No/default.jpg
uc1UlmPcaEw,Nottingham Forest v Chelsea (1-1) | Highlights | Premier League,2023-01-01T22:00:15Z,UCU2PacFf99vhb3hNiYDmxww,Chelsea Football Club,2023-01-04T00:00:00Z,474546,5382,0,694,https://i.ytimg.com/vi/uc1UlmPcaEw/default.jpg
7kKX_bIsTlo,Joining Random People's Minecraft Servers!,2022-12-31T19:43:08Z,UCJOIIJJsFmzZv48NvTuafvw,planetlord,2023-01-04T00:00:00Z,603846,17419,0,1261,https://i.ytimg.com/vi/7kKX_bIsTlo/default.jpg
epKRJ6xSZWo,Yield To Warrior Champion's Shield! Clash of Clans Season Challenges,2023-01-01T08:00:28Z,UCD1Em4q90ZUK2R5HKesszJg,Clash of Clans,2023-01-04T00:00:00Z,1619566,30817,0,970,https://i.ytimg.com/vi/epKRJ6xSZWo/default.jpg
WamFLD7Y2-4,What Elden Ring Is Like For Someone Who Doesn't Play Games,2022-12-31T21:00:08Z,UCfHmyqCntYHQ81ZukNu66rg,Razbuten,2023-01-04T00:00:00Z,783815,43648,0,2505,https://i.ytimg.com/vi/WamFLD7Y2-4/default.jpg
2-QVvzIvsDs,Times Square 2023 Ball Drop in New York City: full video,2023-01-01T05:21:44Z,UCVaXclURQZlakiTMzuwHvRw,News 19 WLTX,2023-01-04T00:00:00Z,913910,7190,0,1615,https://i.ytimg.com/vi/2-QVvzIvsDs/default.jpg
FLE9zOs5PAY,Minecraft YouTuber's Hardest Speedruns,2022-12-31T16:05:08Z,UCwPlekBdyNPnNxLhkp9K--A,MinuteTech,2023-01-04T00:00:00Z,432018,14243,0,482,https://i.ytimg.com/vi/FLE9zOs5PAY/default.jpg
NJIITj3m2tg,"HIGHLIGHTS | Brighton & Hove Albion vs Arsenal (2-4) | Saka, Odegaard, Nketiah, Martinelli",2022-12-31T22:00:17Z,UCpryVRk_VDudG8SHXgWcG0w,Arsenal,2023-01-04T00:00:00Z,2660057,40314,0,1393,https://i.ytimg.com/vi/NJIITj3m2tg/default.jpg
hWUHR6np0_k,Terry Fator Performs Unforgettable Ventriloquism | AGT: All-Stars 2023,2023-01-01T18:00:22Z,UCT2X19JJaJGUN7mrYuImANQ,America's Got Talent,2023-01-04T00:00:00Z,768401,6372,0,375,https://i.ytimg.com/vi/hWUHR6np0_k/default.jpg
M3V5GmdqLLI,[V4] RACE AWAKENINGS | January 6th | Blox Fruits,2023-01-01T04:30:11Z,UC_xlDCBWQPlihORIZLWtpbA,Gamer Robot,2023-01-04T00:00:00Z,1381453,88799,0,10696,https://i.ytimg.com/vi/M3V5GmdqLLI/default.jpg
_dFdTaxjFjc,i quit,2022-12-31T23:05:20Z,UCsEgeyBfOnGGBpjIvkDJbWg,Socksfor1,2023-01-04T00:00:00Z,837764,58228,0,19157,https://i.ytimg.com/vi/_dFdTaxjFjc/default.jpg
PlI0fZFXSRM,2023 New Year‚Äôs Eve Countdown in Yeongdong-daero (Seoul),2022-12-31T15:10:22Z,UC5f97D60yHa7UE9rFfbej8g,HyundaiWorldwide,2023-01-04T00:00:00Z,5659250,7179,0,486,https://i.ytimg.com/vi/PlI0fZFXSRM/default.jpg
3tApQl8ZTYU,"John Cena & Kevin Owens vs. Roman Reigns & Sami Zayn: SmackDown, Dec. 30, 2022",2022-12-31T04:22:33Z,UCJ5v_MCY6GNUBTO8-D3XoAg,WWE,2023-01-04T00:00:00Z,5427444,121034,0,5595,https://i.ytimg.com/vi/3tApQl8ZTYU/default.jpg
xGd_HhPYX4A,The Brawlies 2022 - Brawl Stars Community Award Show!,2022-12-31T11:00:28Z,UCooVYzDxdwTtGYAkcPmOgOw,Brawl Stars,2023-01-04T00:00:00Z,6375035,242171,0,12878,https://i.ytimg.com/vi/xGd_HhPYX4A/default.jpg
nVWndqvwz3Y,Singapore welcomes 2023 with New Year fireworks at Marina Bay,2022-12-31T16:55:40Z,UC83jt4dlz1Gjl58fzQrrKZg,CNA,2023-01-04T00:00:00Z,955947,4703,0,540,https://i.ytimg.com/vi/nVWndqvwz3Y/default.jpg
L39jkOhwqII,Countdown to 2023: Australia's incredible New Year's Eve celebration,2022-12-31T13:29:48Z,UCuXT13wiqK56NR7QSfDWpvg,FOX 35 Orlando,2023-01-04T00:00:00Z,819760,6059,0,983,https://i.ytimg.com/vi/L39jkOhwqII/default.jpg
gKgSvAyPFlU,YouTube's Terrible Christmas Movies,2022-12-30T18:29:36Z,UCTSRIY3GLFYIpkR2QwyeklA,Drew Gooden,2023-01-04T00:00:00Z,1601374,117550,0,5465,https://i.ytimg.com/vi/gKgSvAyPFlU/default.jpg
OHL9uYzLEJ0,I Made a Theme Park Where Every Ride Is Life Ruining - Indoorlands,2022-12-30T16:00:11Z,UCto7D1L-MiRoOziCXK9uT5Q,Let's Game It Out,2023-01-04T00:00:00Z,2590829,120605,0,4953,https://i.ytimg.com/vi/OHL9uYzLEJ0/default.jpg
wAJP60aM08Y,Miley Cyrus and Dolly Parton Perform I Love Rock 'n' Roll | Miley‚Äôs New Year‚Äôs Eve Party on NBC,2023-01-01T04:15:11Z,UCccjdJEay2hpb5scz61zY6Q,NBC,2023-01-04T00:00:00Z,1378721,16776,0,1050,https://i.ytimg.com/vi/wAJP60aM08Y/default.jpg
WA5XkP9qr2c,HIGHLIGHTS: Liverpool 2-1 Leicester City | TWO own goals give Reds comeback win,2022-12-31T00:00:10Z,UC9LQwHZoucFT94I2h6JOcjw,Liverpool FC,2023-01-04T00:00:00Z,3902582,55363,0,4194,https://i.ytimg.com/vi/WA5XkP9qr2c/default.jpg
tI3XBVrglEY,"SPENDING $1,000,000 FILLING MY HOUSE",2022-12-30T20:00:23Z,UCwIWAbIeu0xI0ReKWOcw3eg,Unspeakable,2023-01-04T00:00:00Z,2265125,41419,0,4370,https://i.ytimg.com/vi/tI3XBVrglEY/default.jpg
Lbdij5Vi8oY,We Finally Watched Nukie: The VHS Grading Video,2022-12-30T18:41:09Z,UCrTNhL_yO3tPTdQ5XgmmWjA,RedLetterMedia,2023-01-04T00:00:00Z,1061775,54509,0,7359,https://i.ytimg.com/vi/Lbdij5Vi8oY/default.jpg
QGShbFYIBss,BAR√áA 1-1 ESPANYOL  | LALIGA 2022/23 MD15,2022-12-31T17:30:03Z,UC14UlmYlSNiQCBe9Eookf_A,FC Barcelona,2023-01-04T00:00:00Z,380568,8502,0,614,https://i.ytimg.com/vi/QGShbFYIBss/default.jpg
2JEPa5JgnGE,Tokyo Bay Fireworks - End of 2022,2022-12-31T15:45:22Z,UCMTv_Dg1BXFUglzWIIincpQ,VIRTUAL JAPAN,2023-01-04T00:00:00Z,410499,4657,0,288,https://i.ytimg.com/vi/2JEPa5JgnGE/default.jpg
DJ2VQ1xb9wA,Surprise Trade the Right Pok√©mon to Win,2022-12-30T19:15:00Z,UCnepIUw_tvOatokJAB1yipA,MandJTV Plays,2023-01-04T00:00:00Z,789482,24912,0,1653,https://i.ytimg.com/vi/DJ2VQ1xb9wA/default.jpg
nAOHGS2SSAM,Ending The Year On A HIGH! ü§© | Wolves 0-1 Man Utd | Highlights,2022-12-31T17:15:02Z,UC6yW44UGJJBvYTlfC7CRg2Q,Manchester United,2023-01-04T00:00:00Z,3066541,67498,0,1542,https://i.ytimg.com/vi/nAOHGS2SSAM/default.jpg
WaQMD3sYZiw,Resumen de Real Valladolid vs Real Madrid (0-2),2022-12-30T22:48:14Z,UCTv-XvfzLX3i4IGWAm4sbmA,LaLiga Santander,2023-01-04T00:00:00Z,2342698,42439,0,1396,https://i.ytimg.com/vi/WaQMD3sYZiw/default.jpg
BNO6DjteidM,We're Rebuilding Homes in Kentucky for Tornado Survivors,2022-12-30T21:24:40Z,UCAiLfjNXkNv24uhpzUgPa6A,Beast Philanthropy,2023-01-04T00:00:00Z,2542127,229915,0,7953,https://i.ytimg.com/vi/BNO6DjteidM/default.jpg
SszP3hlQ55Y,ATEEZ(ÏóêÏù¥Ìã∞Ï¶à) - 'HALAZIA' Official MV,2022-12-30T05:00:02Z,UCQdq-lqPEq_yZ_wP_kuVB9Q,KQ ENTERTAINMENT,2023-01-04T00:00:00Z,26719906,496244,0,73286,https://i.ytimg.com/vi/SszP3hlQ55Y/default.jpg
tnykCiOUthc,Inoxtag - Dans La Zone (Clip Officiel),2022-12-30T17:31:00Z,UCL9aTJb0ur4sovxcppAopEw,Inoxtag,2023-01-04T00:00:00Z,2471970,264472,0,17203,https://i.ytimg.com/vi/tnykCiOUthc/default.jpg
Km71Rr9K-Bw,NewJeans (Îâ¥ÏßÑÏä§) 'Ditto' Performance Video,2022-12-30T10:00:01Z,UCMki_UkHb4qSc0qyEcOHHJw,NewJeans,2023-01-04T00:00:00Z,6166594,330416,0,6713,https://i.ytimg.com/vi/Km71Rr9K-Bw/default.jpg
qQQi0WfuNQw,The Commercial Failure - Scott The Woz,2022-12-31T01:00:14Z,UC4rqhyiTs7XyuODcECvuiiQ,Scott The Woz,2023-01-04T00:00:00Z,812173,60895,0,4672,https://i.ytimg.com/vi/qQQi0WfuNQw/default.jpg
Y3DuN1P2ReE,"Minecraft, But I Can't Leave This Chunk (#7)",2022-12-30T09:56:30Z,UCRlEFn0L2G_DktbyvN0AZ5A,WadZee,2023-01-04T00:00:00Z,1508805,106862,0,5623,https://i.ytimg.com/vi/Y3DuN1P2ReE/default.jpg
SDojD19oMzM,5 ECRITURES INDECHIFFRABLES qu'on ne comprendra JAMAIS,2022-12-30T17:35:20Z,UCfGfdZuYifBYb1fmZcL1JBQ,Trash,2023-01-04T00:00:00Z,692590,37799,0,816,https://i.ytimg.com/vi/SDojD19oMzM/default.jpg
DSHoJA7qapc,Legends Summarized: Journey To The West (Part X),2022-12-30T16:00:13Z,UCodbH5mUeF-m_BsNueRDjcw,Overly Sarcastic Productions,2023-01-04T00:00:00Z,615421,56358,0,5041,https://i.ytimg.com/vi/DSHoJA7qapc/default.jpg
67p6VYgfsX4,JE MANGE COMME KYLIAN MBAPP√â PENDANT 24H !,2022-12-30T17:00:38Z,UCpWaR3gNAQGsX48cIlQC0qw,Tibo InShape,2023-01-04T00:00:00Z,1421858,73316,0,2098,https://i.ytimg.com/vi/67p6VYgfsX4/default.jpg
EwAcsFa88aY,DO I CHOOSE KSI or TALIA?,2022-12-30T19:04:39Z,UCWZmCMB7mmKWcXJSIPRhzZw,Miniminter,2023-01-04T00:00:00Z,917174,50745,0,710,https://i.ytimg.com/vi/EwAcsFa88aY/default.jpg
YuAljYjzlhs,I Married My Best Friend,2022-12-29T21:51:13Z,UC5p_l5ZeB_wGjO_yDXwiqvw,TommyInnit,2023-01-04T00:00:00Z,2024103,249072,0,17431,https://i.ytimg.com/vi/YuAljYjzlhs/default.jpg
PseRTtVDyzU,I Made The Most Satisfying Fidget Toy,2022-12-30T19:15:52Z,UC4USoIAL9qcsx5nCZV_QRnA,iDubbbzTV,2023-01-04T00:00:00Z,446741,36288,0,2954,https://i.ytimg.com/vi/PseRTtVDyzU/default.jpg
0GVQX3D3V5c,Clash of Clans - 2022 Year in Review,2022-12-30T13:00:00Z,UCD1Em4q90ZUK2R5HKesszJg,Clash of Clans,2023-01-04T00:00:00Z,2701028,107775,0,2914,https://i.ytimg.com/vi/0GVQX3D3V5c/default.jpg
bkwdT00mAb4,I tried The Rock's morning routine,2022-12-30T15:06:43Z,UCGnSHwhOAczNqhGDiYt0Q8g,ryan trahan,2023-01-04T00:00:00Z,604396,33185,0,1738,https://i.ytimg.com/vi/bkwdT00mAb4/default.jpg
mic1W-HzOX8,Idaho murders arrest: New details on suspect & investigation | LiveNOW from FOX,2022-12-30T17:41:21Z,UCJg9wBPyKMNA5sRDnvzmkdg,LiveNOW from FOX,2023-01-04T00:00:00Z,819420,7890,0,3986,https://i.ytimg.com/vi/mic1W-HzOX8/default.jpg
uXYNF5oZt0I,Overnight Mountain Train Trip (VIA Rail),2022-12-29T23:21:20Z,UCSnqXeK94-iNmwqGO__eJ5g,Steve Wallis,2023-01-04T00:00:00Z,575835,35540,0,4280,https://i.ytimg.com/vi/uXYNF5oZt0I/default.jpg
8uBi9I0lTRk,University of Idaho killings: What we know about suspect Bryan Kohberger | ABCNL,2022-12-30T20:55:44Z,UCBi2mrWuNuyYy4gbM6fU18Q,ABC News,2023-01-04T00:00:00Z,2076626,16148,0,7105,https://i.ytimg.com/vi/8uBi9I0lTRk/default.jpg
G6lZZIwDE8w,"Basically, This is Chainsaw Man",2022-12-29T21:19:22Z,UC7dF9qfBMXrSlaaFFDvV_Yg,Gigguk,2023-01-04T00:00:00Z,976773,82951,0,4291,https://i.ytimg.com/vi/G6lZZIwDE8w/default.jpg
Y4aSDHmQxFk,PSG vs Strasbourg | LIGUE 1 HIGHLIGHTS | 12/28/2022 | beIN SPORTS USA,2022-12-28T22:07:24Z,UC0YatYmg5JRYzXJPxIdRd8g,beIN SPORTS USA,2023-01-04T00:00:00Z,724659,7263,0,1067,https://i.ytimg.com/vi/Y4aSDHmQxFk/default.jpg
GDTl8QYuzp4,OFFLINETV SECRET SANTA,2022-12-29T01:28:09Z,UCDK9qD5DAQML-pzrtA7A4oA,OfflineTV,2023-01-04T00:00:00Z,1831311,123084,0,2882,https://i.ytimg.com/vi/GDTl8QYuzp4/default.jpg
AbA1gsGNn2Q,i can't stop LYING...,2022-12-29T02:53:40Z,UCicx_4RfqfiM07AXLv09Hww,Glitch,2023-01-04T00:00:00Z,1359863,25227,0,3184,https://i.ytimg.com/vi/AbA1gsGNn2Q/default.jpg
JNZ4ObiYRFU,The Bello Sisters Bend Reality With Amazing Acrobatics | AGT: All-Stars 2023,2022-12-30T18:00:06Z,UCT2X19JJaJGUN7mrYuImANQ,America's Got Talent,2023-01-04T00:00:00Z,763447,3649,0,202,https://i.ytimg.com/vi/JNZ4ObiYRFU/default.jpg
JsfhPerez2Q,is 90s thinness coming back?,2022-12-28T17:32:45Z,UCoOss5XiPpnLHGmLrBvNkJg,Mina Le,2023-01-04T00:00:00Z,749060,44279,0,3246,https://i.ytimg.com/vi/JsfhPerez2Q/default.jpg
2FAbfpxlH6k,ATEEZ(ÏóêÏù¥Ìã∞Ï¶à) - 'HALAZIA' Official MV Teaser 2,2022-12-29T05:00:10Z,UCQdq-lqPEq_yZ_wP_kuVB9Q,KQ ENTERTAINMENT,2023-01-04T00:00:00Z,672738,71580,0,5241,https://i.ytimg.com/vi/2FAbfpxlH6k/default.jpg
g0xZ7Fw88Y8,AMP SECRET SANTA,2022-12-28T00:01:30Z,UCJbYdyufHR-cxOuY96KIoqA,AMP,2023-01-04T00:00:00Z,2429625,118551,0,16012,https://i.ytimg.com/vi/g0xZ7Fw88Y8/default.jpg
mNhqm6bKUf0,ASMR Girl in the back of the Class Has a Big Crush On You!,2022-12-28T21:30:03Z,UCFmL725KKPx2URVPvH3Gp8w,ASMR Glow,2023-01-04T00:00:00Z,723383,26793,0,1899,https://i.ytimg.com/vi/mNhqm6bKUf0/default.jpg
9CatPwydtS0,EXTENDED HIGHLIGHTS | LEEDS UNITED 1-3 MANCHESTER CITY | PREMIER LEAGUE,2022-12-29T00:00:02Z,UCyQcJHDN4uYfPa1DHzKVSnw,Leeds United Official,2023-01-04T00:00:00Z,430429,5402,0,241,https://i.ytimg.com/vi/9CatPwydtS0/default.jpg
w9B6G8Vty8s,EGG DROP - I Did A Thing vs William Osman,2022-12-28T14:01:28Z,UCfMJ2MchTSW2kWaT0kK94Yw,William Osman,2023-01-04T00:00:00Z,1132918,69134,0,2333,https://i.ytimg.com/vi/w9B6G8Vty8s/default.jpg
hhli35RTbX4,Canada vs. Germany - 2023 World Juniors Highlights,2022-12-29T02:49:33Z,UC--i2rV5NCxiEIPefr3l-zQ,TSN,2023-01-04T00:00:00Z,394398,3695,0,998,https://i.ytimg.com/vi/hhli35RTbX4/default.jpg
kdeNYgNucSw,Luka Donƒçiƒá post historic 60-21-10 triple-double in Mavs win vs. Knicks | NBA | UNDISPUTED,2022-12-28T16:21:20Z,UCLXzq85ijg2LwJWFrz4pkmw,Skip and Shannon: UNDISPUTED,2023-01-04T00:00:00Z,685612,10176,0,4079,https://i.ytimg.com/vi/kdeNYgNucSw/default.jpg
rOPrCxs0itE,LUKA MAGIC!‚ú® Luka Doncic posts FIRST EVER 60-20-10 triple-double in HISTORIC comeback | SportsCenter,2022-12-28T05:27:59Z,UCiWLfSweyRNmLpgEHekhoAg,ESPN,2023-01-04T00:00:00Z,900407,9776,0,1495,https://i.ytimg.com/vi/rOPrCxs0itE/default.jpg
qXJ0FRHHEZI,We Raced To Visit The Most US States In 100 Hrs - Day 3,2022-12-28T15:31:33Z,UCxkM67T_Iele-mRVUiBkRqg,Jet Lag: The Game,2023-01-04T00:00:00Z,601656,21451,0,1642,https://i.ytimg.com/vi/qXJ0FRHHEZI/default.jpg
PLDFgKzWy3o,"2022, in 7 minutes",2022-12-27T13:00:20Z,UCLXo7UDZvByw2ixzpQCufnA,Vox,2023-01-04T00:00:00Z,4335468,263434,0,12348,https://i.ytimg.com/vi/PLDFgKzWy3o/default.jpg
CKdZY6hL1Lk,I Watched Messi Lift The World Cup!,2022-12-29T14:00:05Z,UCop6604O_QwmEum6e0Riz2w,Futcrunch,2023-01-04T00:00:00Z,488769,8694,0,1383,https://i.ytimg.com/vi/CKdZY6hL1Lk/default.jpg
IbHe7kn3_M4,Survive 100 Days at WAR in a Minecraft City...,2022-12-28T19:00:05Z,UCtrg_CO-cIoh0x9bMDkRJww,RyanNotBrian,2023-01-04T00:00:00Z,559534,25005,0,1767,https://i.ytimg.com/vi/IbHe7kn3_M4/default.jpg
_ps-eYat1WI,21 Most Annoying Pok√©mon to Evolve,2022-12-27T18:58:31Z,UCSAYHSNaY5_UEol4_frPurg,MandJTV,2023-01-04T00:00:00Z,1179261,41246,0,4606,https://i.ytimg.com/vi/_ps-eYat1WI/default.jpg
Y2uSZu3XTgE,Board Game Video Games - Scott The Woz,2022-12-29T01:00:18Z,UC4rqhyiTs7XyuODcECvuiiQ,Scott The Woz,2023-01-04T00:00:00Z,788993,48391,0,3235,https://i.ytimg.com/vi/Y2uSZu3XTgE/default.jpg
wA_YyH9Jmnw,A First Time Mom's VERY Raw and Real Labor and Delivery Story,2022-12-28T19:30:09Z,UCIxmWUbe4OZuMDJKIHKwwKg,Acre Homestead,2023-01-04T00:00:00Z,405143,37621,0,4142,https://i.ytimg.com/vi/wA_YyH9Jmnw/default.jpg
-Dz2vMMTZqg,+3 Points At Old Trafford üôå | Man Utd 3-0 Nottingham Forest | Highlights,2022-12-27T23:54:00Z,UC6yW44UGJJBvYTlfC7CRg2Q,Manchester United,2023-01-04T00:00:00Z,4875978,90120,0,1901,https://i.ytimg.com/vi/-Dz2vMMTZqg/default.jpg
rT-P-_y5sss,Extended Highlights | Arsenal 3-1 West Ham | Premier League,2022-12-27T23:59:00Z,UCCNOsmurvpEit9paBOzWtUg,West Ham United FC,2023-01-04T00:00:00Z,1385146,13189,0,659,https://i.ytimg.com/vi/rT-P-_y5sss/default.jpg
UoMVXfxpLsg,Game Theory: You Are NOT The Hero Of Poppy Playtime (Project Playtime),2022-12-27T19:05:04Z,UCo_IB5145EVNcf8hw1Kku7w,The Game Theorists,2023-01-04T00:00:00Z,2825194,155539,0,7749,https://i.ytimg.com/vi/UoMVXfxpLsg/default.jpg
C7yXV12NZ9U,the new Blizzard Fruit is PAY TO WIN,2022-12-29T02:27:05Z,UCuAeaANgGAzjitp9KCO-qvg,MeEnyu,2023-01-04T00:00:00Z,469291,12704,0,1598,https://i.ytimg.com/vi/C7yXV12NZ9U/default.jpg
63EfrFXjCFc,Magic-Pistons altercation results in multiple ejections | NBA on ESPN,2022-12-29T01:29:34Z,UCiWLfSweyRNmLpgEHekhoAg,ESPN,2023-01-04T00:00:00Z,883083,5135,0,2774,https://i.ytimg.com/vi/63EfrFXjCFc/default.jpg
nBOEwmDxjfU,"KNICKS at MAVERICKS | FULL GAME HIGHLIGHTS | December 27, 2022",2022-12-28T04:27:43Z,UCWJ2lWNubArHWmf3FIHbfcQ,NBA,2023-01-04T00:00:00Z,1787803,30638,0,2934,https://i.ytimg.com/vi/nBOEwmDxjfU/default.jpg
kBTMaRUwOzg,What Parts of New York State Look Like After Record Winter Storm | Insider News,2022-12-27T19:44:50Z,UCHjm6wybRbldhqveS7c2WTA,Insider News,2023-01-04T00:00:00Z,1747351,7034,0,2104,https://i.ytimg.com/vi/kBTMaRUwOzg/default.jpg
IDntoic3PiE,ATEEZ(ÏóêÏù¥Ìã∞Ï¶à) - 'HALAZIA' Official MV Teaser 1,2022-12-28T05:00:04Z,UCQdq-lqPEq_yZ_wP_kuVB9Q,KQ ENTERTAINMENT,2023-01-04T00:00:00Z,821677,78300,0,3487,https://i.ytimg.com/vi/IDntoic3PiE/default.jpg
bju4AXJwruc,$1000 Snowmobile update! Sous sends the 2 stroke X3!,2022-12-27T23:30:04Z,UC4iryBFP7dKE1R-5Ry4Gjpg,SXSBlog.com,2023-01-04T00:00:00Z,237719,8932,0,603,https://i.ytimg.com/vi/bju4AXJwruc/default.jpg
RvvJpW5aCI8,HIGHLIGHTS! CITY SHOW FINE DISPLAY TO DISMANTLE LEEDS AND CLOSE GAP AT THE TOP | Leeds 1-3 Man City,2022-12-29T00:00:08Z,UCkzCjdRMrW2vXLx8mvPVLdQ,Man City,2023-01-04T00:00:00Z,2759533,45135,0,1141,https://i.ytimg.com/vi/RvvJpW5aCI8/default.jpg
5NjFuS_24v8,Smartphone Awards 2022!,2022-12-27T22:00:10Z,UCBJycsmduvYEL83R_U4JriQ,Marques Brownlee,2023-01-04T00:00:00Z,3712734,177745,0,11240,https://i.ytimg.com/vi/5NjFuS_24v8/default.jpg
SKJ4JAVLMb4,Winter Storms on The Way-Time to Stack the New Shed,2022-12-27T17:15:24Z,UCp0rRUsMDlJ1meYAQ6_37Dw,Millennial Farmer,2023-01-04T00:00:00Z,757139,29025,0,798,https://i.ytimg.com/vi/SKJ4JAVLMb4/default.jpg
vfvwfbbmCQU,Luka Doncic (60 points) Highlights vs. New York Knicks,2022-12-28T04:32:44Z,UCZywaCS_y9YOSSAC9z3dIeg,Dallas Mavericks,2023-01-04T00:00:00Z,376199,4484,0,519,https://i.ytimg.com/vi/vfvwfbbmCQU/default.jpg
oY3-kgBsL9w,PGA Tour Players Surprise Trent Before Round - Breaking 90 Episode 13 presented by Chevy,2022-12-27T23:00:09Z,UCw3LGiL_bYbWrgpQ7w7QZrw,Fore Play Golf,2023-01-04T00:00:00Z,279650,3739,0,1211,https://i.ytimg.com/vi/oY3-kgBsL9w/default.jpg
Y5pBkYb0jSw,Kim Kardashian | Angie Martinez IRL Podcast,2022-12-26T18:55:06Z,UC9yRXKq58_XkpeOcKjwqyjA,Angie Martinez,2023-01-04T00:00:00Z,1255024,30072,0,5616,https://i.ytimg.com/vi/Y5pBkYb0jSw/default.jpg
P0gnIS003qo,TikToks Where You Have To Trust The Process,2022-12-27T19:16:40Z,UCpB959t8iPrxQWj7G6n0ctQ,SSSniperWolf,2023-01-04T00:00:00Z,2979339,81097,0,4974,https://i.ytimg.com/vi/P0gnIS003qo/default.jpg
1nLHIM2IPRY,I Asked An Actual Apollo Engineer to Explain the Saturn 5 Rocket - Smarter Every Day 280,2022-12-26T23:14:29Z,UC6107grRI4m0o2-emgoDnAA,SmarterEveryDay,2023-01-04T00:00:00Z,1802166,63823,0,5058,https://i.ytimg.com/vi/1nLHIM2IPRY/default.jpg
Nwt9shO0aXk,Vous n'avez pas vu √ßa (making of Fujisan),2022-12-27T12:32:43Z,UCyWqModMQlbIo8274Wh_ZsQ,Cyprien,2023-01-04T00:00:00Z,1373706,95580,0,2703,https://i.ytimg.com/vi/Nwt9shO0aXk/default.jpg
eCR6kXldme0,"3 Nuls en Cuisine VS 1 Top Chef (avec Maxime Biaggi, Xavier Pincemin et YassEncore)",2022-12-27T16:02:13Z,UC71wXCoTvVy63AW2s0jdwvw,Gurky,2023-01-04T00:00:00Z,216769,11967,0,223,https://i.ytimg.com/vi/eCR6kXldme0/default.jpg
BtxbRc3TL6s,becoming invincible in the Minecraft apocalypse...,2022-12-27T17:00:06Z,UCk2uxbWi5py_iJXaEsh2YRA,Spoke,2023-01-04T00:00:00Z,439867,16603,0,970,https://i.ytimg.com/vi/BtxbRc3TL6s/default.jpg
K3OFzBEZuyM,The day this massive streamer almost died on stream - I spent a day with QTCinderella,2022-12-26T19:33:31Z,UCPJHQ5_DLtxZ1gzBvZE99_g,AnthonyPadilla,2023-01-04T00:00:00Z,954026,75915,0,3745,https://i.ytimg.com/vi/K3OFzBEZuyM/default.jpg
ndOlcPFbkJE,Chelsea vs Bournemouth (2-0) | Highlights | Premier League,2022-12-27T22:28:21Z,UCU2PacFf99vhb3hNiYDmxww,Chelsea Football Club,2023-01-04T00:00:00Z,1144378,20463,0,436,https://i.ytimg.com/vi/ndOlcPFbkJE/default.jpg
sc6vH4qDvtw,Star Wars: The Bad Batch Season 2 | Mission | Disney+,2022-12-27T20:00:23Z,UCZGYJFUizSax-yElQaFDp5Q,Star Wars,2023-01-04T00:00:00Z,938058,24081,0,986,https://i.ytimg.com/vi/sc6vH4qDvtw/default.jpg
KivZieyf3b0,10 million subs elbow reveal,2022-12-25T20:00:10Z,UCFAiFyGs6oDiF1Nf-rRJpZA,Technoblade,2023-01-04T00:00:00Z,9179052,1092392,0,94343,https://i.ytimg.com/vi/KivZieyf3b0/default.jpg
Efr2dB0CgQc,"HIGHLIGHTS | Arsenal vs West Ham (3-1) | Saka, Martinelli and Nketiah",2022-12-27T00:09:50Z,UCpryVRk_VDudG8SHXgWcG0w,Arsenal,2023-01-04T00:00:00Z,1887093,41210,0,1165,https://i.ytimg.com/vi/Efr2dB0CgQc/default.jpg
8TUSAEbxiN8,"HIGHLIGHTS: Aston Villa 1-3 Livepool | Salah, van Dijk & Bajcetic score on Premier League return",2022-12-26T22:00:11Z,UC9LQwHZoucFT94I2h6JOcjw,Liverpool FC,2023-01-04T00:00:00Z,3515116,58824,0,2014,https://i.ytimg.com/vi/8TUSAEbxiN8/default.jpg
7IKab3HcfFk,I Survived 50 Hours In Antarctica,2022-12-24T20:59:59Z,UCX6OQ3DkcsbYNE6H8uQQuVA,MrBeast,2023-01-04T00:00:00Z,66815857,3207242,0,114569,https://i.ytimg.com/vi/7IKab3HcfFk/default.jpg
l7eTARCQjWk,I Cheated Using SHAPESHIFT in Minecraft Build Battle!,2022-12-28T01:00:22Z,UC-g_O9HWb5B0rVDG1hLd5Hw,Eystreem,2023-01-04T00:00:00Z,897444,18953,0,1289,https://i.ytimg.com/vi/l7eTARCQjWk/default.jpg
3DaFOa8FgOA,Part 2 Trailer | BLEACH: Thousand-Year Blood War - The Separation PV | VIZ,2022-12-26T17:04:21Z,UCV1da9peoqEwqr45bpTJsbQ,vizmedia,2023-01-04T00:00:00Z,1848595,61130,0,2862,https://i.ytimg.com/vi/3DaFOa8FgOA/default.jpg
xyPv3Z5bJvc,"Erik ten Hag on Nottingham Forest win, Harry Maguire, transfer plans | Premier League | NBC Sports",2022-12-27T23:14:31Z,UCqZQlzSHbVJrwrn5XvzrzcA,NBC Sports,2023-01-04T00:00:00Z,224529,2735,0,247,https://i.ytimg.com/vi/xyPv3Z5bJvc/default.jpg
QUgHBF_tPKw,King Charles' Relationship With Prince Edward,2022-12-26T18:00:14Z,UCJ7dtuZhjFSJvb_CZjWJkng,The List,2023-01-04T00:00:00Z,772396,2080,0,429,https://i.ytimg.com/vi/QUgHBF_tPKw/default.jpg
zxA1CqR9CJI,Maple Leafs @ Blues 12/27 | NHL Highlights 2022,2022-12-28T04:00:48Z,UCqFMzb-4AUf6WAIbl132QKA,NHL,2023-01-04T00:00:00Z,107839,1085,0,215,https://i.ytimg.com/vi/zxA1CqR9CJI/default.jpg
3FW5f5NJ1XY,Flat Out in My Rimac Nevera in Monaco! 0-100 in 1.85 seconds | Nico Rosberg,2022-12-27T16:45:00Z,UCtLZ6qQgB-EwQy5HWIo3X-w,Nico Rosberg,2023-01-04T00:00:00Z,1140457,27702,0,3512,https://i.ytimg.com/vi/3FW5f5NJ1XY/default.jpg
Jn4g_IsXZms,The Strongest Magnets We've Ever Made,2022-12-26T22:00:06Z,UCZYTClx2T1of7BRZ86-8fow,SciShow,2023-01-04T00:00:00Z,978062,27555,0,1430,https://i.ytimg.com/vi/Jn4g_IsXZms/default.jpg
7UzfALyenK4,Je TESTE Ma PRESSE HYDRAULIQUE dans la VRAIE VIE !,2022-12-27T17:00:07Z,UC7KLUDy-nsuUWqkzdfgdZsg,RAYTON,2023-01-04T00:00:00Z,113569,5075,0,315,https://i.ytimg.com/vi/7UzfALyenK4/default.jpg
Pe5aODaUm0A,Puss in Boots 2 is SO GOOD YOU GUYS OMG,2022-12-26T22:17:16Z,UC5UYMeKfZbFYnLHzoTJB1xA,Schaffrillas Productions,2023-01-04T00:00:00Z,1041182,73625,0,4057,https://i.ytimg.com/vi/Pe5aODaUm0A/default.jpg
-CBOzRafjJE,Family adopts dog that had never been indoors. Now he can't stop smiling,2022-12-26T16:27:42Z,UC7_VH_kj0aD9vhuHmFheUYQ,GeoBeats Animals,2023-01-04T00:00:00Z,896700,21293,0,1050,https://i.ytimg.com/vi/-CBOzRafjJE/default.jpg
DUFGnydGLaI,OPENING PRESENTS ON CHRISTMAS MORNING WITH THE PRINCE FAMILY CLUBHOUSE!!,2022-12-27T20:51:39Z,UCqONv8hrKKTd0ELJcxOVNJQ,The Prince Family Clubhouse,2023-01-04T00:00:00Z,1146572,21023,0,0,https://i.ytimg.com/vi/DUFGnydGLaI/default.jpg
VbIqMqKSnaw,"Bruno Fernandes: Erik ten Hag gave Man United stability, discipline | Premier League | NBC Sports",2022-12-27T23:24:21Z,UCqZQlzSHbVJrwrn5XvzrzcA,NBC Sports,2023-01-04T00:00:00Z,481542,6332,0,460,https://i.ytimg.com/vi/VbIqMqKSnaw/default.jpg
d3UP5C4Kwc4,Faire un ASMR avec des micros √† 2400‚Ç¨,2022-12-27T20:00:08Z,UCB8il9i9Bl9mxEaCaClFEXQ,ASMinotauR,2023-01-04T00:00:00Z,84303,4637,0,629,https://i.ytimg.com/vi/d3UP5C4Kwc4/default.jpg
EO51RTNPNd4,MOST MIND BLOWING FAMILY CHRISTMAS GIFTS OPENING!!,2022-12-25T17:44:05Z,UCilwZiBBfI9X6yiZRzWty8Q,FaZe Rug,2023-01-04T00:00:00Z,4212289,181822,0,11021,https://i.ytimg.com/vi/EO51RTNPNd4/default.jpg
_1NuPFnuvEc,WayV Â®ÅÁ•ûV 'Phantom' MV,2022-12-28T09:00:17Z,UCEf_Bc-KVd7onSeifS3py9g,SMTOWN,2023-01-04T00:00:00Z,3141063,424530,0,46844,https://i.ytimg.com/vi/_1NuPFnuvEc/default.jpg
E4_5HNMLkIk,I tried the world's biggest climbing gym    //   With Alexis Landot,2022-12-26T18:24:39Z,UC_gSotrFVZ_PiAxo3fTQVuQ,Magnus Midtb√∏,2023-01-04T00:00:00Z,644532,18930,0,1018,https://i.ytimg.com/vi/E4_5HNMLkIk/default.jpg
LRw-QHHRYbc,How Is Santa Still Alive?,2022-12-26T17:00:18Z,UCh9IfI45mmk59eDvSWtuuhQ,Ryan George,2023-01-04T00:00:00Z,686245,55206,0,3503,https://i.ytimg.com/vi/LRw-QHHRYbc/default.jpg
nAZV3ro_c9s,A Christmas Like No Other!,2022-12-26T20:57:03Z,UC6-NBhOCP8DJqnpZE4TNE-A,Lance Stewart,2023-01-04T00:00:00Z,319274,20122,0,2440,https://i.ytimg.com/vi/nAZV3ro_c9s/default.jpg
xNNQkWVyIHw,Top 10 Video Game Mysteries & Discoveries of 2022,2022-12-26T21:30:10Z,UCIcR5StUvA7_pPHoAFLmZaA,oddheader,2023-01-04T00:00:00Z,549418,29073,0,1217,https://i.ytimg.com/vi/xNNQkWVyIHw/default.jpg
FatkHct9mIw,Top 10 BEST Movies 2022,2022-12-27T14:00:06Z,UC7v3-2K1N84V67IF-WTRG-Q,Jeremy Jahns,2023-01-04T00:00:00Z,713660,45161,0,4991,https://i.ytimg.com/vi/FatkHct9mIw/default.jpg
WUsYl2JVlhE,GOLDBRIDGE! Manchester United 3-0 Nottingham Forest | Match Reaction,2022-12-27T22:32:41Z,UCMmVPVb0BwSIOWVeDwlPocQ,The United Stand,2023-01-04T00:00:00Z,251310,8236,0,410,https://i.ytimg.com/vi/WUsYl2JVlhE/default.jpg
oyRdueU-IrY,GAKPO TO LIVERPOOL! Man Utd News,2022-12-26T22:33:17Z,UCMmVPVb0BwSIOWVeDwlPocQ,The United Stand,2023-01-04T00:00:00Z,442604,11656,0,2009,https://i.ytimg.com/vi/oyRdueU-IrY/default.jpg
9xvrRyi8Y2E,VOUS NE MONTEREZ PLUS JAMAIS DANS UN TRAIN - CHOO CHOO CHARLES,2022-12-26T19:11:11Z,UC_VearYbOy6ofg87HLM4nzQ,Nino MssClick,2023-01-04T00:00:00Z,436044,23852,0,1701,https://i.ytimg.com/vi/9xvrRyi8Y2E/default.jpg
_cdGKiXsQ8o,Escape from Tarkov Beta - 0.13 Patch trailer (feat. the Streets of Tarkov),2022-12-26T20:13:09Z,UC5QGploHhl9_XaxDiHZKamg,Battlestate,2023-01-04T00:00:00Z,877563,37911,0,3713,https://i.ytimg.com/vi/_cdGKiXsQ8o/default.jpg
tJTJMEljKAg,EMILY IN PARIS ME RELOOKE (oui oui baguette),2022-12-26T20:17:10Z,UCDkl5M0WVaddTWE4rr2cSeA,Lena Situations,2023-01-04T00:00:00Z,1526708,104522,0,1064,https://i.ytimg.com/vi/tJTJMEljKAg/default.jpg
66vnJkLodAs,Leicester City 0 Newcastle United 3 | Premier League Highlights,2022-12-26T22:00:03Z,UCywGl_BPp9QhD0uAcP2HsJw,Newcastle United,2023-01-04T00:00:00Z,541968,10023,0,377,https://i.ytimg.com/vi/66vnJkLodAs/default.jpg
jBXNxXoHNic,Blox Fruits ALL changes in Update 18,2022-12-26T06:44:24Z,UCuAeaANgGAzjitp9KCO-qvg,MeEnyu,2023-01-04T00:00:00Z,937939,22499,0,2150,https://i.ytimg.com/vi/jBXNxXoHNic/default.jpg
BsNvmSPc3L0,PREMIER LEAGUE HIGHLIGHTS: EVERTON 1-2 WOLVES,2022-12-26T22:00:05Z,UCtK4QAczAN2mt2ow_jlGinQ,Everton Football Club,2023-01-04T00:00:00Z,464819,4904,0,318,https://i.ytimg.com/vi/BsNvmSPc3L0/default.jpg
T9kMP5Eqqbk,10 Things You Should ALWAYS Buy RIGHT AFTER Christmas!,2022-12-26T16:31:58Z,UC5Qbo0AR3CwpmEq751BIy0g,The Deal Guy,2023-01-04T00:00:00Z,1242684,47072,0,1406,https://i.ytimg.com/vi/T9kMP5Eqqbk/default.jpg
FtzRP0fycII,Teaser Trailer | 60th Anniversary Specials | Doctor Who,2022-12-25T18:24:20Z,UCcOkA2Xmk1valTOWSyKyp4g,Doctor Who,2023-01-04T00:00:00Z,2124336,76845,0,6848,https://i.ytimg.com/vi/FtzRP0fycII/default.jpg
3zJCVrVD5Mg,'Can't talk dynasty!' üò≥ Klay Thompson sends a message after BIG Christmas W | NBA on ESPN,2022-12-26T04:21:51Z,UCVSSpcmZD2PwPBqb8yKQKBA,NBA on ESPN,2023-01-04T00:00:00Z,721890,8043,0,1497,https://i.ytimg.com/vi/3zJCVrVD5Mg/default.jpg
io_zxItoSEo,LA RACE DES G√âANTS,2022-12-26T19:05:45Z,UCB50SSUsJ-gqHoPsVfFJgQw,Julie Couvreur - Une Autre R√©alit√©,2023-01-04T00:00:00Z,167293,7755,0,416,https://i.ytimg.com/vi/io_zxItoSEo/default.jpg
mkiJidQwO1k,I Used the Best Player at Every Height!,2022-12-26T16:15:04Z,UCL73W7Aj36lt-rKWE_th6Pg,Pazjor,2023-01-04T00:00:00Z,530269,6584,0,662,https://i.ytimg.com/vi/mkiJidQwO1k/default.jpg
M9mxYHZ1sAY,Opposite Twins Christmas Gift Exchange! What We Got for Christmas 2022,2022-12-25T19:00:28Z,UCuVHOs0H5hvAHGr8O4yIBNQ,Niki and Gabi,2023-01-04T00:00:00Z,435463,24236,0,696,https://i.ytimg.com/vi/M9mxYHZ1sAY/default.jpg
L842Qv-PP50,I Found a Shiny in EVERY Area in Pokemon Violet,2022-12-25T16:44:44Z,UC6L_Pwn3wQRVVr3rCcKVuzw,Nokimon,2023-01-04T00:00:00Z,764898,20493,0,1685,https://i.ytimg.com/vi/L842Qv-PP50/default.jpg
LmAG8-V_WQY,Making the stinkiest chemical known to man,2022-12-24T00:46:40Z,UCFhXFikryT4aFcLkLw2LBLA,NileRed,2023-01-04T00:00:00Z,5009768,243561,0,19194,https://i.ytimg.com/vi/LmAG8-V_WQY/default.jpg
ZRdy2r1nAIY,Arsenal 3-1 West Ham | I Believe In Arteta Now! (Troopz),2022-12-27T01:05:04Z,UCBTy8j2cPy6zw68godcE7MQ,AFTV,2023-01-04T00:00:00Z,266933,8018,0,500,https://i.ytimg.com/vi/ZRdy2r1nAIY/default.jpg
R6TREeAll0Q,J‚Äôai re√ßu une surprise par jours pendant 1 mois ! (vous allez √™tre surpris),2022-12-24T13:30:06Z,UCL9aTJb0ur4sovxcppAopEw,Inoxtag,2023-01-04T00:00:00Z,2810804,214630,0,6350,https://i.ytimg.com/vi/R6TREeAll0Q/default.jpg
2qFaA9xAeqA,100 GIFTS IN 24 HOURS!!,2022-12-26T22:48:40Z,UC6xSN0oY2I9U_9xTo2RjE7g,Jeremy Hutchins,2023-01-04T00:00:00Z,1886871,61117,0,2388,https://i.ytimg.com/vi/2qFaA9xAeqA/default.jpg
ZP0yrAtbeH8,"–°anada in Snow Trap! Heavy Snowstorm hit Ontario, wind  70 km/h",2022-12-24T23:05:39Z,UCgbZUptqe0YlOcQCN5kbZ2w,Wild WeatherUS,2023-01-04T00:00:00Z,785929,4858,0,965,https://i.ytimg.com/vi/ZP0yrAtbeH8/default.jpg
hlvqFt_0PZg,2HYPE SECRET SANTA #4!,2022-12-24T20:00:10Z,UCY4AlDv6wL2qhrX29iwdqAg,2HYPE,2023-01-04T00:00:00Z,1031928,35520,0,2861,https://i.ytimg.com/vi/hlvqFt_0PZg/default.jpg
SBagFtYZa0U,2023 Corvette Z06 vs 2022 Ford GT // The American Superheroes [+Drag Race],2022-12-24T13:00:24Z,UCyXiDU5qjfOPxgOPeFWGwKw,Throttle House,2023-01-04T00:00:00Z,1968350,60363,0,6156,https://i.ytimg.com/vi/SBagFtYZa0U/default.jpg
mjuWiKz9zno,Honda‚Äôs $225 Million Mistake ‚Äì Rune Review,2022-12-24T16:00:31Z,UCNSMdQtn1SuFzCZjfK2C7dQ,FortNine,2023-01-04T00:00:00Z,943072,49204,0,3085,https://i.ytimg.com/vi/mjuWiKz9zno/default.jpg
ImCq5c90hLg,Tom MacDonald - Ghost,2022-12-23T16:59:21Z,UCElGBUWDCa05jRzc2PfmGqQ,Tom MacDonald,2023-01-04T00:00:00Z,3823766,191167,0,63185,https://i.ytimg.com/vi/ImCq5c90hLg/default.jpg
0n6Am1OFzLs,[UPDATE] Blox Fruits CHRISTMAS SURPRISE,2022-12-25T03:00:11Z,UC_xlDCBWQPlihORIZLWtpbA,Gamer Robot,2023-01-04T00:00:00Z,1822713,88636,0,15687,https://i.ytimg.com/vi/0n6Am1OFzLs/default.jpg
GKMkR1KHO5M,I remade Christmas Movies in LEGO...,2022-12-24T15:01:13Z,UCJ2GvhrAJ2GQVPZ0auza4vw,The B3,2023-01-04T00:00:00Z,1296444,23896,0,2664,https://i.ytimg.com/vi/GKMkR1KHO5M/default.jpg
OBF17olqeOU,Kurstin x Grohl: The Hanukkah Sessions 2022: Night Seven,2022-12-25T01:37:12Z,UCi2KNss4Yx73NG0JARSFe0A,Foo Fighters,2023-01-04T00:00:00Z,547922,13565,0,1243,https://i.ytimg.com/vi/OBF17olqeOU/default.jpg
6fTL9rFVuhM,Going against ANYONE with trash connection.,2022-12-24T21:18:08Z,UCI1XS_GkLGDOgf8YLaaXNRA,CalebCity,2023-01-04T00:00:00Z,1310459,112382,0,4124,https://i.ytimg.com/vi/6fTL9rFVuhM/default.jpg
hZdfe7E1XR8,Gatividhi | Yo Yo Honey Singh | Mouni Roy | Namoh Studios | Mihir Gulati | Full Video,2022-12-24T05:31:04Z,UC8UlgEBOrpXouSadI9tAw3Q,Namoh Studios,2023-01-04T00:00:00Z,20259887,622367,0,68114,https://i.ytimg.com/vi/hZdfe7E1XR8/default.jpg
TS1w3wMJjRg,I Cheated with PRO BUILDER in a Build Battle,2022-12-23T22:44:33Z,UC_cvTMeip9po2hZdF3aBXrA,BeckBroJack,2023-01-04T00:00:00Z,1756267,23600,0,1564,https://i.ytimg.com/vi/TS1w3wMJjRg/default.jpg
