XHegE9h0ZvA,26,home yoga|home yoga practice|yoga at home|at home yoga|Adriene Mishler|austin yoga instructor|free yoga|free yoga videos|full yoga class|morning yoga|online yoga|yoga practice|yoga with Adrienne|30 days of yoga|30 day yoga journey|30 day yoga challenge,False,False
PR715VHT8LE,25,Richmond|Virginia,False,False
-MKYlwqi4Mk,24,AGT|America's Got Talent|Sofia Vergara|Simon Cowell|Howie Mandel|Heidi Klum|Terry Crews|Caly Bevier|Caly Bevier AGT|Caly AGT Allstars|Caly AGT: All-Stars|Kali|Cali|Caly Bevier Got Talent|Calysta Bevier|Head Held High|Head Held High by Caly Bevier|Caly Bevier Head Held High|Original Songs|Best Original Songs|Best Singers|Amazing Singers|Caly Bevier Audition,False,False
4weFxATBEiY,1,Alyssa Sutherland|Bruce Campbell|Evil Dead|Evil Dead Rise|Evil Dead Series|Gabrielle Echols|Lee Cronin|Lily Sullivan|Morgan Davies|Nell Fisher|Rob Tapert|Sam Raimi,False,False
Lkg6rTBd_po,24,fr|france|français|qc|québec|québécois|canada|canadien|gurky dégustation|crash test|gurky ingrédients étranges|insolite|bizarre|étrange|dégustation|défi|expérience|gurky|taste test|comparaison|cuisine|cooking|cuisiner|cuisson sous vide|sous vide|thermocirculateur|Tout cuire Sous-Vide c'est possible|gurky sous vide|gurky expérience|pizza sous vide|ingrédients improbables sous vide|test cuisson sous vide|hot dog sous vide|hamburger sous vide|recette sous vide,False,False
T70sk6gfQ6c,17,Sky Sports|Sky Sports Football|ronaldo|cristiano ronaldo|ronaldo al nassr|al nassr|cristiano|saudi arabia|ronaldo presentation|ronaldo press conference|ronaldo unveiling|football|soccer|premier league|premier league goals|premier league highlights|premier league stream|arsenal|newcastle|manchester|man utd|man city|liverpool|chelsea|spurs|tottenham|gary neville|jamie carragher|roy keane|messi|lionel messi,False,False
dlkG7LQJjY0,26,home yoga|home yoga practice|yoga at home|at home yoga|Adriene Mishler|austin yoga instructor|free yoga|free yoga videos|full yoga class|morning yoga|online yoga|yoga practice|yoga with Adrienne|30 days of yoga|Center 30 Day Yoga Journey|30 Day Yoga Journey,False,False
Ry_3icwd68o,27,[None],False,False
P03LWtVe9BU,17,eck|hockey highlights|nhl|nhl highlights|How to hockey|hockey coach|sport psychology|sidney crosby|best nhl goals|toronto maple leafs|auston matthews|canucks|vancouver canucks|vancouver canucks highlights|connor bedard|connor bedard goals|connor bedard highlights|connor bedard draft|connor bedard world juniors|connor bedard whl highlights|connor bedard goal|connor bedard team canada|connor bedard shot|connor bedard scores|connor bedard goal vs slovakia,False,False
zSsmsYCxxEE,20,wemmbu|wemmbu smp|wube|minecraft|wemmbu minecraft|wemmbu hacking|I Secretly Hacked on a Youtuber SMP!|I Created Minecraft's Greatest Nation!|Why I Secretly Became God|I Survived 100 Days in My Enemy's Base|minecraft wemmbu|minecraft pvp|infuse smp,False,False
qNpHsPWD3tI,28,dr nozman|nozman|science,False,False
Zm1VIGNmPxI,10,NPR|NPR Music|National Public Radio|Live|Performance|tiny desk|tiny desk concert|tony desk|tiny concert,False,False
LjX1Uvs-4RI,17,Babar Azam Run Out|Pakistan vs New Zealand|Pakistan vs New Zealand Test|Pakistan vs New Zealand 2nd Test|Pakistan vs New Zealand 2nd Test Day 2|Pakistan vs New Zealand Live|Pakistan vs New Zealand Highlights|New Zealand Batting|Pakistan Bowling|New Zealand Bowling|Pakistan Batting Highlights|New Zealand Batting Highlights|Pakistan Bowling Highlights|New Zealand Bowling Highlights|New Zealand vs Pakistan|New Zealand vs Pakistan Highlights,False,False
_ZAgIHmHLdc,10,HYBE|HYBE LABELS|하이브|하이브레이블즈,False,False
LUlDUYmTFCQ,22,golf|good good,False,False
YM3trB-pLyY,20,ken block|ken block 43|forza horizon 5|forza horizon 5 ken block,False,False
PdGjALtkXn0,24,connor bedard|connor bedard goal|canada|slovakia|canada vs slovakia|hockey|iihf|world juniors|highlights|game recap|world junior highlights|gajan|adam gajan|iihf world junior championship|tsn,False,False
NItL8Muq65Q,25,editorji|latest news|news|ken block|ken block rip|ken block death|ken block death details|ken block accident details|ken block accident snowmobile today|ken block death news|ken block dies|how did ken block die|ken block accident video,False,False
U8zDGN2Fdt4,26,Electric truck|EV truck|Towing|Cybertruck|Rivian|Electric Hummer|Electric Hmmwv|JerryRig hummer|Rivian R1T towing|Electric truck 10000|towing disaster|electric truck|electric car|ev conversion,False,False
G1XL6M5OLfo,2,Richard Rawlings|Gas Monkey|Gas Monkey Garage|Fast N Loud|Fast N' Loud|Classic car|cars|car|classic|Rich Rawlings|garage|hot rod|Ford|hot rods|fast n loud|grease monkey|deals|selling a car|buying a car|buying cars|Build|Gas Monkey Builds|gas monkey build|gas monkey garage|gas monkey|gas monkey garage full episodes|Holy grail|fast n' loud|1 million subscribers|Muscle Car Duo|Find Of the Year|Richard Muscle Cars|Wheels & deals,False,False
LP7-4gh_cWo,20,minecraft|minecraft noob vs pro|noob vs pro|ge and bubbles|minecraft challenge|minecraft funny|maizen|jj and mikey|cobey and tobey|mongo|wudo|minecraft troll|minecraft prank|minecraft mod|minecraft build challenge|minecraft noob vs hacker|boxy boo|boxy boo project playtime|boxy boo minecraft|alphabet lore minecraft|i cheated in a alphabet lore build challenge|alphabet lore|i cheated in a boxy boo build challenge|tiny alphabet lore build challenge,False,False
F3NpwvPorgU,22,[None],False,False
RvYkeTmM1gc,20,[None],False,False
74-hMv9X2VY,22,[None],False,False
EY5zoA_-CMI,2,TFLtruck|ram 3500|2023 ram 3500|ram 3500 dually|ram|2022 ram 3500|ram 3500 hd|ram 2500|2019 ram 3500 hd|2020 ram 3500|2021 ram 3500|2019 ram 3500|2023 ram 3500 hemi|ram 3500 megacab|ford vs ram hd|ram hd|2023 ram 3500 cummins|2023 ram 2500|dodge ram|how much can a ram 3500 pull|how much does a dodge ram 3500 cost|is dodge ram 3500 a good truck|dodge ram 3500|ram 3500 diesel|bent frame|frame damage|eagle cap camper|dodge ram dually|ram hd 3500,False,False
lyKHns4Y-ok,20,mia maples|try on haul|what I got for christmas|what i got for gifts|what people bought me|try on clothing haul|huge haul|haul of shoes|haul of clothes|things I've always wanted|haul|vlog|christmas vlog|vlogmas|2022 haul|bringing in the new year|what I got for christmas 2022|matching clothes with my dog|best year ever|how I will make 2023 the best year,False,False
nCBVWlNLZ_I,17,Cotton Bowl: Tulane Green Wave vs. USC Trojans | Full Game Highlights,False,False
p6jXi7wDFIY,24,dabl|dablnetwork|dabl network|dabl tv|undercover boss|sick mom|single dad|factory floor|oriental trading|night shift|hard job|diabetes|uplifting,False,False
nIQf5YRk1vc,17,[None],False,False
UdCTKR5vhBA,17,Brentford Football Club|Brentford FC|Brentford|Premier League|EPL|FPL|Football|Soccer|Premier League Football,False,False
EOWP5Y7eErE,20,pewdiepie|pewds|pewdie,False,False
ccSOo5TOlvE,10,honey singh|yo yo honey singh|alfaaz|mafia mundeer records|punjabi|bollywood|rap|punjabi rap. hindi rap|most watched artist|latest songs|latest bollywood songs|latest punjabi songs|latest hindi songs|2013|dope shope|angrezi beat|brown rang|satan|bring me back|bebo,False,False
vHCVWzF-fXY,25,Pope|Vatican|Catholic|Christ|Benedict|God|church|Francis|Pope Francis|Catholic Church|Francis'|the Holy Father|the Pope|The Pope Francis|Rome|The news pope|pope|the pope|the news pope francis|Pope prays|pray for peace|ANGELUS|angelus|GENERAL AUDIENCE|genaral audience|jesús|Jesús|religions|the Father|the Son|and the Holy Spirit,False,False
E-oA1BWRL2U,20,minecraft|minecraft but theres only one block|minecraft one block|minecraft skyblock|one block skyblock|one block|one block survival|beckbrojack|one lucky block|modded one block,False,False
rFZ2hVbvXNs,23,amixem|humour|delire,False,False
_3Wah0P7uBM,26,storage unit|storage wars|auction|thrifting|cheap designer|cheap name brand|fashion|clothing|lost and found|unique find|unclaimed|Louis Vuitton|abandoned storage unit|i bought an abandoned storage unit|I Bought a Storage Unit & Found This..|MrBeast|abandoned storage unit haul|mystery haul|mystery box haul|storage unit buying|safiya nygaard|storage unit finds|Treasure Hunting|Abandoned Exploration Squad|hopescope,False,False
PpznJj8ZXMY,17,SPFL|SPFL Highlights|Scottish football highlights|scottish football goals|Scottish Premiership|Scottish Premiership highlights|Kyogo Furuhashi|Furuhashi celtic|celtic|celtic v rangers|rangers v celtic|Daizen Maeda|maeda|old firm|old firm derby|scottish premiership|Furuhashi,False,False
s473o7fbErM,17,ALES LOPRAIS / PETR POKORA / JAROSLAV VALTR JR|Auto|Bike|Car|Dakar|Dakar 2023|Dakar Highlights|Dakar Rally|KSA|LWV|MASON KLEIN|Moto|Motorsports|NASSER AL-ATTIYAH / MATHIEU BAUMEL|Quad|Rally|SSV|Saudi Arabia|Stage 2|SxS|audi|camion|honda|iveco|ktm|monster|porsche|race beauty|red bull|top moments|toyota|truck|yamaha|داكار|داكار 2023,False,False
IHATf7e53hU,25,Good Day|video|wtxf|third party|Idaho|Idaho Murders|University of Idaho|Idaho Student Murders|Pennsylvania|Pennsylvania News|Poconos|Bryan Kohberger,False,False
tUCT82t1Y8Q,22,got the beat|갓더비트|보아|boa|소녀시대|girls' generation|snsd|태연|taeyeon|효연|hyoyeon|hyo|레드벨벳|red velvet|슬기|seulgi|웬디|wendy|에스파|aespa|카리나|karina|윈터|winter|girls on top|stamp on it|choreography|stage|video|dance|스탬프온잇|안무|무대|라이브|smcu|smtown|2023,False,False
7vZOuClmaxk,26,home yoga|home yoga practice|yoga at home|at home yoga|Adriene Mishler|austin yoga instructor|free yoga|free yoga videos|full yoga class|morning yoga|online yoga|yoga practice|yoga with Adrienne,False,False
n_DtpY9wbGg,17,dude perfect|dude perfect stereotypes|dude perfect water bottle flip|bottle flip|water bottle flip|dude perfect basketball|dp|dude perfect world record|edition|nerf|trick shots|trick shot|family|ping pong|bowling|clean|family friendly|bubble wrap|soccer|football|dude|luka|doncic|Dončić|nba|basketball|dallas|mavericks|one on one|horny toad|overtime|online checking account|debit card|free checking account|fee free overdraft|credit card to build credit,False,False
8DNLvMTxhb8,26,mia maples|cutting bangs|giving myself bangs|cutting my own hair|cutting my hair for the first time|trying curtain bangs|mama maples|new year new hair|showing my new hair|I changed my hair|try on haul|haul|mental health goals|wolf cut|tiktok wolf cut|trying to do the wolf cut at home|tiktok hair trends|tiktok|trends|cutting short layers in long hair|making bad decisions|the big chop|cutting 15 inches of hair|cutting off all my hair,False,False
G8w42dfxNg8,10,future|future hndrxx|pluto|wizrd|wizard|i never liked you|i never liked u|zootiez|puffin|drake|future zootiez|future puffin on zootiez|pufin|puffing|puffing on zootiez|zootiez future|pluto zootiez,False,False
naQ0RuXB3fI,23,nigel ng|uncle roger|nigel ng comedy,False,False
SEdAFDl_2g4,24,new years eve|nbc|mileys new years eve party|miley cyrus|dolly parton|nye|new years eve on nbc|2023|wrecking ball|i will always love you|NBC|nbc network|miley cyrus new year's eve party|miley cyrus new year's eve 2022,False,False
2FcDNi1HkfI,24,fireworks|NYE|new year countdown 2023|fireworks live|big ben|NYE 2023|fireworks 2023|NYE 2023 fireworks|NEW YEAR'S EVE|new year's fireworks 2023|London NYE Fireworks 2023|2023 London Fireworks|London New Year's Day Fireworks|Fireworks london 2023|Fireworks london eye|fireworks big ben|London Fireworks new year's eve|BBC New Year's Eve Fireworks|UK Fireworks 2023|london fireworks|NYE fireworks|london eye,False,False
skO_bVXMWzU,25,global news|dubai fireworks|dubai fireworks show|dubai fireworks display|dubai nye|dubai nye show|dubai new year's eve fireworks|dubai nye fireworks|dubai burj khalifa show|dubai burj khalifa|new years eve|new years 2023|new years eve fireworks|nye fireworks|uae fireworks,False,False
hIrAsMmlQzg,17,ohio state vs georgia|georgia|ohio state|cfp|college football playoff|peach bowl|Peach Bowl: Ohio State Buckeyes vs. Georgia Bulldogs | Full Game Highlights|ncaa|college football|2022 college football|college football highlights|2022 college football highlights|ncaa football|football highlights|cfb 2022|college football 2022|espn|college football on espn|espn college football|ncaaf|espn cfb|football,False,False
QaLUbBpcuyY,20,[None],False,False
97ICETWIrW8,20,ezyyhd|ezy|ezyy|ezzy|ezy minecraft|I Collected EVERY Block in Minecraft Hardcore|I collected every single block in minecraft hardcore|hardcore minecraft|minecraft hardcore,False,False
Si8XPw1Z9PE,17,Brighton|Hove|Albion|Premier league|Seagulls|amex stadium|Brighton Hove Albion|epl|Mitoma|Kaoru Mitoma|Evan Ferguson|Roberto De Zerbi|Offside|Arsenal|Saka|Martinelli|Arteta,False,False
P4aYMnRWzh4,25,Calgary|city of calgary|Alberta|yt:cc=on,True,False
E88tnKsq4KA,24,seth|everman|setheverman|piano|eyebrows|eye|brows|bald|quit|quitting|quitting youtube|goodbye|bye,False,False
CAPfNrxklig,20,VR|Virtual Reality|The Boys|JoshDub|Mully|EddieVR|YourNarrator|Juicy|Comedy|Funny|Gaming,False,False
1_4ycOoIvzY,17,Spurs|Tottenham Hotspur|토트넘|손흥민|Premier league highlights|pl highlights|tottenham|pl|epl|aston villa|spurs aston villa|kane|perisic|son|villa|villa spurs,False,False
1HKmnriYImE,17,[None],False,False
pgbNZdrn_2s,17,NFL|nfl football|football night in america|nbc sports|nbc|football|nfl week 17|nfl playoff picture|playoffs|postseason|playoff picture|steve kornacki|kornacki|kornacki playoff picture|nfc|nfc playoff picture|nfc playoff|steve kornacki football night in america|kornacki fnia|kornacki postseason odds|kornacki postseason|AFC|afc playoffs|afc playoff picture,False,False
82eU5UZa9No,24,Miley|Cyrus|MiFans|MileyWorld,False,False
uc1UlmPcaEw,17,Chelsea F.C. (Football Team)|Chelsea TV (TV Network)|Football (Interest)|chelsea highlights|chelsea fc|chelsea|chelsea news|chelsea players|chelsea men|the blues|city ground|Nottingham Forest|Raheem Sterling|Graham Potter|Kai Havertz|Mason Mount|Hakim Ziyech|premier League|PL,False,False
7kKX_bIsTlo,20,[None],False,False
epKRJ6xSZWo,20,clash of clans|COC|Clash of Clans Gameplay|Clash of Clans Strategy|Clash of Clans Animation|Clash of Clans Commercial|Clash of Clans Attacks|Clash of Clans Town Hall|Hog Rider|PEKKA|Clan Wars|season challenges|clan war leagues|clash on|clan game|clan games|clash-a-rama|clasharama|warrior champion|royal champion skin|lunar new year|happy new year|lny|new scenery,False,False
WamFLD7Y2-4,20,[None],False,False
2-QVvzIvsDs,25,wltx|news19|trending|viral|latest|newest|columbia|sc|midlands|news|weather|sports|scsouthcarolina19,False,False
FLE9zOs5PAY,20,[None],False,False
NJIITj3m2tg,17,Arsenal|Arsenal FC|Arsenal Football Club|Football|Club|EPL|Premier League|Soccer|Sport|Team|Oleksandr Zinchenko|Alex Zinchenko|Mana Iwabuchi|Kieran Tierney|Teirney|meidema|Aaron Ramsdale|Takehiro Tomiyasu|granit xhaka|gabriel martinelli|bukayo saka|Thomas partey|Gabriel Magalhaes|Odegaard|Odegard|Ødegaard|Smithrowe|Gabriel Jesus|smith rowe|arsenal highlights|arsenal training|mikel arteta,False,False
hWUHR6np0_k,24,Simon Cowell|America's Got Talent|AGT|Got Talent|AGT: All-Stars|AGT All-Stars|AGT Allstars|America's Got Talent All Stars|America's Got Talent All-Stars|AGT 2023|America's Got Talent 2023|Allstars|All-Stars|Got Talent 2023|AGT 2022|Terry Fator|Terry Fator AGT|Terry Fator AGT: All-Stars|Terry Fator AGT AllStars|Ventriloquist|Ventriloquism|Las Vegas Ventriloquist|Elton John|Dua Lipa|Rocket Man by Elton John|Rocketman|Rocket Man Ventriloquist,False,False
M3V5GmdqLLI,20,[None],False,False
_dFdTaxjFjc,20,[None],False,False
PlI0fZFXSRM,17,Hyundai|HyundaiWorldwide|Car|Hyundai company,False,False
3tApQl8ZTYU,17,Jey Uso|Jimmy Uso|John Cena|Kevin Owens|Paul Heyman|Roman Reigns|Sami Zayn|Solo Sikoa|superstars|world wrestling entertainment|wrestle|wrestler|wrestling|wwe|wwe 2021|مصارعه|कुश्ती|डब्लू डब्लू ई|पहलवान|मैच|व्यावसायिक कुश्ती|सुपरस्टार|Smackdown clips|smackdown highlights|smackdown winners|smackdown match card|smackdown tonight|friday night smackdown|wwe smackdown|smackdown 2022|smackdown fox|john cena|john cena returns 2022,False,False
xGd_HhPYX4A,20,brawl stars|mobile game|mobile strategy game|mobile rpg|mobile battle royale|battle royale|supercell game|brawlies|2022|community award|award show|best,False,False
nVWndqvwz3Y,25,CNA|Channel NewsAsia,False,False
L39jkOhwqII,25,NYE celebrations|NYE fireworks|New Year's celebration|New Year's fireworks|NYE in Australia|New Year's in Australia,False,False
gKgSvAyPFlU,23,drew gooden|comedy|commentary|reaction|vine|drew gooden vine|road work ahead guy|parody|rant|cringe|christmas movie|hallmark movie|bad movie review,False,False
OHL9uYzLEJ0,20,let's game it out|lets game it out|let game it out|let'sgameitout|letsgameitout|letgameitout|game it out|gameitout|lgio|josh let's game it out|let's game it out josh|lgio josh|josh lgio|let's game it out simulator|josh simulator|funny moments|indoorlands|indoorlands game|theme park game|let's game it out theme park|let's game it out planet coaster|let's game it out coaster,False,False
wAJP60aM08Y,24,new years eve|nbc|mileys new years eve party|miley cyrus|dolly parton|nye|new years eve on nbc|joan jett|i love rock and roll|NBC|miley cyrus new year's eve party|miley cyrus new year's eve 2022|nbc network,False,False
WA5XkP9qr2c,17,Liverpool FC|LFC|Liverpool|Anfield|Melwood|Liverpool Football Club|premier league|klopp liverpool|Klopp|Inside LFC,False,False
tI3XBVrglEY,22,unspeakable|vlog|vlogs|unspeakablegaming|prank|comedy|challenge|laugh|funny|moments|craziest|pranks|crazy|no cursing|no swearing|how to|parody|troll|video|react|family friendly|funniest|adventure|trolling|unspeakable vlogs|real life|life|unspeakable real life|unspeakableplays,False,False
Lbdij5Vi8oY,24,redlettermedia|red letter media|red|letter|media|plinkett|half in the bag|mike stoklasa|jay bauman|rich evans,False,False
QGShbFYIBss,17,FC Barcelona|برشلونة،|Fútbol|FUTBOL|soccer|FUTEBOL|Sepakbola|サッカー|كرة القدم|football|FCB|Barça|Sport|Club|Barcelona|CAMP NOU|ter stegen|pique|busquets|goat|dembele|yt:cc=on|ansu fati|pedri|de Jong|Kun Agüero|Aguero|lewandowski|spotify|kounde|Espanyol|1-1|LaLiga|Derby|Derbi|Barça vs Espanyol|FC Barcelona 1-1 Espanyol|Barça 1-1 Espanyol|Mateu Lahoz|Marcos Alonso|Joselu,False,False
2JEPa5JgnGE,19,[None],False,False
DJ2VQ1xb9wA,20,mandjtv|mandjtv pokevids|gameplay|let's play|pokemon|pokemon sword and shield|pokemon sword|pokemon shield|new pokemon|pokemon let's play|playthrough|best pokemon|all pokemon|nintendo pokemon|original pokemon|pikachu|greninja|charizard|pokemon switch|legends arceus|pokemon legends arceus|pokemon scarlet and violet|scarlet violet|gen 9|surprise trade|pokemon surprise trade|bingo|john michael cup,False,False
nAOHGS2SSAM,17,manchester united|mufc|man utd|manutd|mu|ggmu|old trafford|goals|highlights|raphael varane|jadon sancho|cristiano ronaldo|ronaldo|ronaldo goals|david de gea|de gea|maguire|shaw|fred|mctominay|man utd goals|Elanga|Rashford|Marcus Rashford|Bruno|Bruno Fernandes|Lindelof|Erik ten Hag|Ten Hag|Martinez|Malacia|Eriksen|Casemiro|Antony|MU Highlights,False,False
WaQMD3sYZiw,17,liga|laliga|laliga santander|football|resumen|goles|highlights|goal|gol|penalty|expulsión|expulsion|Sergio Leon|Sergio León|VAR|Ancelotti|Pacheta|Javi Sánchez|Javi Sanchez|header|cabezazo|Kroos|Vini Jr.|Vinicius Jr|Vinícius Jr|Fresneda|Fede Valverde|Joaquín Fernández|Joaquin Fernandez|Escudero|Roque Mesa|Masip|Courtois|paradon|paradón|top save|Monchu|Aguado|Ivan Sanchez|Oscar Plano|Óscar Plano|Asensio|Ceballos|Carvajal|Rudiger|brace|double|Alaba|Mendy|Camavinga,False,False
BNO6DjteidM,22,[None],False,False
SszP3hlQ55Y,10,KQ|케이큐|에이티즈|ATEEZ|HONGJOONG|SEONGHWA|YUNHO|YEOSANG|SAN|MINGI|WOOYOUNG|JONGHO|홍중|성화|윤호|여상|민기|우영|종호|에이티즈 영상|에이티즈 세계관|에이티즈 티저|ATEEZ 티저|KPOP Music video|ATEEZ MV|ATEEZ TEASER|KQ엔터테인먼트|KQ Entertainment|에이티즈 더월드 시리즈 뮤비|에이티즈 뮤비|에이티즈 뮤직비디오|에이티즈 할라티즈|ATEEZ HALATEEZ|HALAZIA|할라지아|ATEEZ 스핀오프|에이티즈 스핀오프|ATEEZ SPINOFF|에이티즈 할라지아 티저|에이티즈 할라지아|에이티즈 뮤비 티저|에이티즈 스핀오프 티저|할라지아 뮤비|할라지아 뮤직비디오|에이티즈 할라지아 뮤직비디오,False,False
tnykCiOUthc,10,inox|inoxtag|inox dans la zone|inoxtag dans la zone|dans la zone|inoxtag musique|inoxtag son|inox crazy frog remix|remix crazy frog inox|drill jersey|drill|jersey,False,False
Km71Rr9K-Bw,22,NewJeans|뉴진스|민지|하니|다니엘|해린|혜인|뉴진스 민지|뉴진스 하니|뉴진스 다니엘|뉴진스 해린|뉴진스 혜인|MINJI|HANNI|HAERIN|HYEIN|NewJeans MINJI|NewJeans HANNI|NewJeans HAERIN|NewJeans HYEIN|DANIELLE|NewJeans DANIELLE,False,False
qQQi0WfuNQw,20,[None],False,False
Y3DuN1P2ReE,20,Minecraft|WadZee|Hardcore|WadZee Hardcore|WadZee Minecraft|Minecraft but I cant leave this circle|Minecraft but i cant leave this chunk|minecraft one chunk|Minecraft but the world slowly grows|Minecraft Expanding World|WadZee Expanding World Series|WadZee One Chunk|One Chunk|I survived 100 days in one chunk|minecraft but the world expands|wadzee expanding world series|minecraft but i can never leave this box|minecraft but i cant leave the square,False,False
SDojD19oMzM,27,écriture|indéchiffrables|egypte|hieroglyphes|pierre de rosette|code|histoire|science,False,False
DSHoJA7qapc,27,Funny|Summary|OSP|Overly Sarcastic Productions|Analysis|Literary Analysis|Myths|Legends|Classics|Literature|Stories|Storytelling|History|Mythology,False,False
67p6VYgfsX4,24,tibo inshape|teamshape,False,False
EwAcsFa88aY,24,simon|sidemen|miniminter|mm7games|random|vlog,False,False
YuAljYjzlhs,20,tommyinnit|tom simons|vlog|tommy vlog|i met wilbur soot in real life|twitch|live|in|real|life|in real life|minecraft|funny|fun|challenge|prank|I Married Tubbo,False,False
PseRTtVDyzU,23,fidget toy|best fidget toy|stimming|stimming toy|thanos fidget toy|thanos toy|marvel toy|disney|marvel|water bead|orbeez|fun|idubbbz|idubbbztv|fidget|ASMR|I Made The Most Satisfying Fidget Toy,False,False
0GVQX3D3V5c,20,clash of clans|COC|Clash of Clans Gameplay|Clash of Clans Strategy|Clash of Clans Animation|Clash of Clans Commercial|Clash of Clans Attacks|Clash of Clans Town Hall|Hog Rider|PEKKA|Clan Wars|season challenges|clan war leagues|clash on|clan game|clan games|clash-a-rama|clasharama,False,False
bkwdT00mAb4,24,ryan trahan|gamerboy ryan,False,False
mic1W-HzOX8,25,Idaho|Idaho murders|Idaho 4|Idaho student murders|Moscow Police|University of Idaho|Idaho update today|Idaho murders update today|Kaylee Goncalves|Madison Moegen|Xana Kernodle|Ethan Chapin|idaho murders arrest|idaho murders suspect in custody|bryan kohberger,False,False
uXYNF5oZt0I,22,[None],False,False
8uBi9I0lTRk,25,News|p_cmsid=2494279|p_vid=news-95987203|Bryan Kohberger|suspect|arrest|murder|connection|Idaho|University of Idaho|students|Pennsylvania|investigation|found|ABCNL|ABC News|Update,False,False
G6lZZIwDE8w,1,Anime Zone|Gigguk|Top Anime|OP|ED|Chainsaw Man|Chainsaw Man Anime|Chainsaw Man Episode 1|CHainsaw man OP|CHainsaw man ED,False,False
Y4aSDHmQxFk,17,Football|Futbol|beIN SPORTS|beIN SPORTS USA,False,False
GDTl8QYuzp4,24,OfflineTV|Scarra|Poki|Pokimane|Lily|LilyPichu|DisguisedToast|Toast|TwitchTV|twitch|Streaming|Vlog|Fail|Epic|Gamers|Streamers|OTV|OTV Plays|OfflineTV plays|Michael Reeves|Michael|Reeves|offlinetv christmas|otv christmas|secret santa|offlinetv secret santa|otv secret santa|otv white elephant|white elephant|offlinetv white elephant|secret santa otv|secret santa offlinetv|secret santa gift exchange|gift exchange,False,False
AbA1gsGNn2Q,20,roblox|roblox glitch|glitch plays roblox|glitch videos|glitch rp|glitch yt,False,False
JNZ4ObiYRFU,24,Simon Cowell|America's Got Talent|AGT|Got Talent|AGT: All-Stars|AGT All-Stars|AGT Allstars|America's Got Talent All Stars|America's Got Talent All-Stars|AGT 2023|America's Got Talent 2023|Allstars|All-Stars|Got Talent 2023|AGT 2022|Bello Sisters|Bello Sisters AGT|AGT Bello Sisters|Hand Balancers|Acrobats|Sister Acrobats|Acrobat Trio|Cirque|Best Circus Acts|Best Acrobats|Bella Sisters|The Bello Sisters|The Bella Sisters|Bello Sisters Audition,False,False
JsfhPerez2Q,26,1990s|pop culture|video essay|commentary|heroin chic|davide sorrenti|corinne day|kate moss|waif|body image|body types|trend|fashion|slim thick|kim kardashian|marilyn monroe dress|kylie jenner|khloe kardashian|girlbloggers|femcels|that girl|wellness,False,False
2FAbfpxlH6k,10,KQ|케이큐|에이티즈 세계관|에이티즈 할라티즈|ATEEZ HALATEEZ|HALAZIA|할라지아|에이티즈|ATEEZ|ATEEZ 스핀오프|HONGJOONG|SEONGHWA|YUNHO|YEOSANG|SAN|MINGI|WOOYOUNG|JONGHO|에이티즈 스핀오프|ATEEZ SPINOFF|에이티즈 할라지아 티저|에이티즈 할라지아|에이티즈 티저|에이티즈 뮤비 티저|에이티즈 스핀오프 티저,False,False
g0xZ7Fw88Y8,24,AMP|AMP SECRET SANTA|AGENT 00|KAI CENAT|DUKE DENNIS|FANUM|CHRISNXTDOOR|IMDAVISSS|AMP CHRISTMAS,False,False
mNhqm6bKUf0,24,asmr|asmr glow|asmr sleep|sleep asmr|glow asmr|asmr ear|asmr for sleep|asmr girl at the back of the class|asmr girl at the back of the class has a crush on you|asmr class|asmr writing sonds|asmr pencil sounds|asmr kdrama|asmr brushing your arm|asmr brushing|asmr drawing on your arm|asmr doodling|asmr school,False,False
9CatPwydtS0,17,Leeds United|LUFC|LUTV|highlights|Jesse Marsch,False,False
w9B6G8Vty8s,28,laser cutter|william osman|crappy science|peter sripol|simone giertz|allen pan|colin furze|thehacksmith|michael reeves,False,False
hhli35RTbX4,17,canada|germany|canada vs germany|world junior|hat trick|connor bedard|dylan guenther|shane wright|highlights|game recap|iihf|hockey|tsn|world juniors highlights|iihf world junior championship,False,False
kdeNYgNucSw,17,NBA|Basketball|Luka Doncic|Luka|Dallas Mavericks|Mavs|New York Knicks|LeBron|UNDISPUTED|Shannon Sharpe|Skip Bayless|show|fs1|fox sports|fox sports 1|sports|sports news|NBA on FOX|NBA on FS1|2022 NBA Offseason|2022-2023 NBA Seasonn|Eastern Conference|Western Conference|The Association,False,False
rOPrCxs0itE,17,espn|sports,False,False
qXJ0FRHHEZI,19,[None],False,False
PLDFgKzWy3o,25,2022|Beyonce|Covid-19|Harry Styles|Iran|Vox.com|argentina|argentina soccer|bejing olympics|china|climate change|compilation|conflict|end of year|explain|explainer|inflation|inflation reduction act|james webb|lula da silva|mahsa amini|protests|queen elizabeth II|rewind|sizzle|stranger things|taylor swift|twitter|ukraine|unity|vaccines|vox|wedding boom|world cup|world population|year in review|news|world news|global,False,False
CKdZY6hL1Lk,17,[None],False,False
IbHe7kn3_M4,20,Survive 100 Days at WAR in a Minecraft City...|I Spent 100 Days in a Minecraft WAR...|100 days in minecraft|100 days in minecraft war|hide or hunt|mc war|minecraft|minecraft 100 days|minecraft hide or hunt|minecraft war|ryan not brian|ryan not brian minecraft war|ryan not brian minecraft war. ryannotbrian hide or hunt|ryan not bryan|ryannot brian|ryannotbrian|ryannotbrian 100 days|ryannotbrian mc war|ryannotbrian minecraft war|100 days|hardcore minecraft,False,False
_ps-eYat1WI,20,New Pokemon games|New Pokemon|Top Pokemon|Pokemon Talk|MandJTV|MandJTV Pokevids|gaming|video games|nintendo switch|nintendo|pokemon|new games|family friendly|top 10|top 5|charizard|greninja|pikachu|best pokemon|all pokemon|original pokemon|retro games|retro pokemon games|nintendo pokemon|pokemon legends arceus|pokemon scarlet and violet|gen 9|annoying pokemon|evolve,False,False
Y2uSZu3XTgE,20,[None],False,False
wA_YyH9Jmnw,22,First time mom|organize baby's room|organize with me|cook with me|Vlog|Acre Homestead|organize baby's nursery|baby's nursery|nursery|organize|first baby|postpartum prep|postpartum|Birth plan|hospital bag|pack my hospital bag|labor and delivery vlog|birth vlog|birth|hospital birth story|positive birth vlog|birth story,False,False
-Dz2vMMTZqg,17,manchester united|mufc|man utd|manutd|mu|ggmu|old trafford|goals|highlights|raphael varane|jadon sancho|cristiano ronaldo|ronaldo|ronaldo goals|david de gea|de gea|maguire|shaw|fred|mctominay|man utd goals|Elanga|Rashford|Marcus Rashford|Bruno|Bruno Fernandes|Lindelof|Erik ten Hag|Ten Hag|Martinez|Malacia|Eriksen|Casemiro|Antony|MU Highlights,False,False
rT-P-_y5sss,17,West Ham|West Ham United|West Ham TV|WHTV|London Stadium|Football|Premier League|Soccer|London|Football fan|skills|goal|training|west ham highlights|fabianski|Areola|Cresswell|Coufal|Aguerd|Fornals|Bowen|Declan Rice|Soucek|Michail Antonio|Jarrod Bowen|Benrahma|Said Benrahma|West Ham News|West Ham Transfers|Bukayo Saka|Arsene Wenger|Mikel Arteta|Gabriel Martinelli|Eddie Nketiah|Martin Odegaard|Arsenal vs West Ham|Arsenal 3-1 West Ham|Arsenal,False,False
UoMVXfxpLsg,20,Project playtime|poppy playtime|project playtime theory|poppy playtime 1006|poppy playtime chapter 3|poppy playtime ch 3 trailer|poppy playtime trailer|project playtime vhs|project playtime lore|huggy wuggy|kissy missy|mommy long legs|boxy boo|patient 1006|project playtime gameplay|boxy boo project playtime|patient 1006 poppy playtime|poppy playtime 1006 experiment|poppy playtime game theory|matpat poppy playtime|matpat|game theorists|game theory,False,False
C7yXV12NZ9U,20,roblox|blox fruits|demon fruits|devil fruits|pvp|new fruits|bounty hunting|one piece game|one piece roblox|blox fruits live|meenyu|robux|roblox games|roblox funny moments|noob|pro|blox fruits race|blox fruits troll|trolling|blox fruit gift|blox fruits update|update 17|indra|bloxfruits|bloxfruit|dough awaken|noob to pro|max level|race v4|leopard showcase|leopard|mink v4|cdk|update 18|blizzard|portal|spirit|christmas|presents|new update|revamp|aura,False,False
63EfrFXjCFc,17,[None],False,False
nBOEwmDxjfU,17,Basketball|G League|NBA|game-0022200512,False,False
kBTMaRUwOzg,25,Insider|News|Elliot|snow storm|cyclone|snow|storm|weather|cold|extreme weather|florida|tennesssee,False,False
IDntoic3PiE,10,KQ|케이큐|에이티즈 세계관|에이티즈 할라티즈|ATEEZ HALATEEZ|HALAZIA|할라지아|에이티즈|ATEEZ|ATEEZ 스핀오프|HONGJOONG|SEONGHWA|YUNHO|YEOSANG|SAN|MINGI|WOOYOUNG|JONGHO|에이티즈 스핀오프|ATEEZ SPINOFF|에이티즈 할라지아 티저|에이티즈 할라지아|에이티즈 티저|에이티즈 뮤비 티저|에이티즈 스핀오프 티저,False,False
bju4AXJwruc,2,[None],False,False
RvvJpW5aCI8,17,man city|manchester city|mcfc|fifa 22|man city highlights|man city goals|city|man|city vs|man city vs|chelsea man city|man city news|man united|chelsea|liverpool|man city v|city fixtures|city vs united|man city fixtures|grealish man city|jack grealish man city|jack grealish|haaland,False,False
5NjFuS_24v8,28,Smartphone Awards|smartphone awards|best phones|2022|best smartphones|MKBHD|best smartphones 2022|best smartphones 2023|smartphone awards 2022,False,False
SKJ4JAVLMb4,22,[None],False,False
vfvwfbbmCQU,17,nba|dallas mavericks|dallas|mavericks|dallasmavericks|dallasmavs|dallas mavs|mavs|mffl|luka doncic|luka|doncic|mvp|all-star|slovenia|60 points|60|luka 60|luka magic,False,False
oY3-kgBsL9w,17,Riggs|Barstool Sports|Barstool Golf|Fore Play|Fore Play Pod|Barstool Podcast|Trent|Barstool Trent|Frankie Borrelli|Alright Frankie|Funny Golf|Golf|Golf Course Review|golf|podcast|golf interview|comedy|comedy interview|comedy podcast|golf comedy|breaking 90|trent golf|trent breaking 90|john tillery|cuscowilla|golf lesson|pga tour coach|justin thomas|collin morikawa|freddy couples,False,False
Y5pBkYb0jSw,22,[None],False,False
P0gnIS003qo,24,sssniperwolf|sniper wolf|reacting|reaction|funny|tiktok|tik tok|tiktok memes|memes,False,False
1nLHIM2IPRY,28,Smarter|Every|Day|Science|Physics|Destin|Sandlin|Education|Math|Smarter Every Day|experiment|nature|demonstration|education|math|science|science education|what is science|Physics of|projects|experiments|science projects|Apollo|Artemis|Luke Talley|NASA|Saturn 5|Saturn V|Apollo Space Program|Rocket Science|Rocket Engineer|How does a rocket work|How does the Saturn V Work|NASA Engineer|What is an engineer|Rocket Nozzle|F-1 Engine|J-2 Engine|Rocket Center,False,False
Nwt9shO0aXk,23,[None],False,False
eCR6kXldme0,24,fr|france|français|qc|québec|québécois|canada|canadien|top chef|master chef|france vs quebec|xavier pincemin|maxime biaggi|yass|yassencore|yass encore|humour|émission|feat|featuring|collaboration|cuisine|défi|challenge|cooking|cuisinier|chef étoilé|nuls vs chef|challenge cuisine|compétition cuisine|compétition top chef|gagnant top chef|zen|émission zen|xavie|vlog|concept|émission cuisine|noobs vs pro|cooking challenge|défo cuisine|masterchef|iron chef,False,False
BtxbRc3TL6s,20,spoke|spokeishere|lifesteal|minecraft|survival,False,False
K3OFzBEZuyM,27,anthony padilla|padilla|anthony|i spent a day with|interview,False,False
ndOlcPFbkJE,17,Chelsea F.C. (Football Team)|Chelsea TV (TV Network)|Football (Interest)|chelsea highlights|chelsea fc|chelsea|chelsea players|chelsea men|the blues|stamford bridge|Graham potter|Mason Mount|Kai Havertz|Premier League|Bournemouth,False,False
sc6vH4qDvtw,24,The Bad Batch|Bad Batch|Omega|Wrecker|Echo|Tech|Crosshair|Hunter|Star Wars|Star Wars Animated|The Clone Wars|Clone Wars,False,False
KivZieyf3b0,20,Minecraft|Technoblade|Technothepig|Hypixel|elbow|Merry Christmas,False,False
Efr2dB0CgQc,17,Arsenal|Arsenal FC|Arsenal Football Club|Football|Club|EPL|Premier League|Soccer|Sport|Team|Gabriel Jesus|Oleksandr Zinchenko|Alex Zinchenko|Mana Iwabuchi|Takehiro Tomiyasu|Kieran Tierney|granit xhaka|gabriel martinelli|bukayo saka|Thomas Partey|Gabriel Magalhaes|Odegaard|Odegard|Ødegaard|Smithrowe|smith rowe|arsenal highlights|Aaron Ramsdale|meidema|teriney|arsenal training|mikel arteta|martineli|sacka|westham,False,False
8TUSAEbxiN8,17,Liverpool FC|LFC|Liverpool|Anfield|Melwood|Liverpool Football Club|premier league|klopp liverpool|Klopp|Inside LFC|AVLLIV|Nunez|Salah|Virgil|VVD|Bajcetic|Watkins|Coutinho|best bits|goals|montage|player|clip|PL|boxing day|christmas|matchday,False,False
7IKab3HcfFk,24,[None],False,False
l7eTARCQjWk,20,Eystreem|eyestream|eystream|minecraft|family friendly|roleplay|funny|troll|prank|secret|hidden|tutorial|minecraft phone|minecraft bedrock edition|i used morph mod to cheat in build battle|shapeshift minecraft|morph mod minecraft|shapeshift prank minecraft|i cheated using shapeshift in minecraft|i cheated using shapeshift in minecraft build battle|minecraft build battle competition|minecraft build battle|minecraft build battle prank|morph prank in minecraft,False,False
3DaFOa8FgOA,1,viz media|anime|official|manga|ichigo|bleach|bleach tybw|bleach thousand year blood war|bleach disney|bleach hulu|bleach español|bleach brazil|bleach europe|bleach english dub|ichigo kurosaki|tite kubo|bleach fight|yhwach|bleach opening|bleach ending|chainsaw man|denji|makima|spy x family|power|crunchyroll|hulu|disney|animation|rukia|byakuya|wandenreich|gotei 13|kick back|kensei yonezu|chainsaw man op|mappa|studio pierrot|chainsaw man trailer|csm,False,False
xyPv3Z5bJvc,17,NBC Sports|NBC|NBCSN|Premier|League|Premier League|premier league highlights|english premier league|epl|premier league goals|premier league soccer|premier league live|english premier league live|english premier league today|premier league 2022/23|man united|man united vs nottingham forest|nottingham forest|manchester united|manchester united nottingham forest|erik ten hag|erik ten hag interview|erik ten hag post match interview|erik ten hag manchester united,False,False
QUgHBF_tPKw,24,the list|king charles|prince edward|relationships|royals,False,False
zxA1CqR9CJI,17,Hockey|Ice hockey highlights 2022|NHL|National Hockey League|St. Louis Blues|St. Louis Blues vs. Toronto Maple Leafs|Toronto Maple Leafs|hockey game|hockey games 2022|ice hockey|ice hockey highlights|nhl 21|nhl 22|nhl 22 be a pro|nhl 22 review|nhl big hits|nhl highlights|nhl highlights 2021|nhl highlights 2022|nhl hockey games 2022,False,False
3FW5f5NJ1XY,22,nico rosberg|supercar|hypercar|car review|acceleration|aston martin valhalla|koenigsegg regera|fastest electric car|rimac c two|0-100 in 1.85 seconds|supercar blondie|richard hammond crash|rimac nevera|speccing hypercar|rimac specs|prototype car Rimac concept two|worlds first drive rimac|world exclusive hypercar|amg one|2000hp|hypercar in monaco|world's fastes ev production car|rimac world record 412|rimac nevera monaco|f1 2022|christmas present,False,False
Jn4g_IsXZms,27,SciShow|science|Hank|Green|education|learn|complexly|Five Of The Most Powerful Magnets On Earth|Iseult|Magnet|tesla|protons|superconducting|MIT|Commonwealth Fusion Systems|nuclear fusion|magnetic confinement fusion|Large Hadron Collider|LHC|magnetic field|Steady High Magnetic Field Facility Magnet|electromagnet|hybrid/ magnet|Electromagnetic Flux-Compression Magnet,False,False
7UzfALyenK4,24,rayton|raytonia|rayton shorts|shorts|presse|hydraulique|Je Teste Ma PRESSE HYDRAULIQUE !|expérience|science|drole|humour|divertissement|hache|voiture|versus|défi|lave|lava|pas de chance|rayton react|raiton|rayton réaction|je regarde|défis|rire|temps|jour 1|réaction|découverte|animaux|animaux drole|morsure|dr nozman|nozman|wtf|video marrante|compilation|michou|inoxtag|unchained|Reaction|Drôle|Compilation|slow|slow motion|slowed|ralenti|fps|seconde|minute|iphone|téléphone,False,False
Pe5aODaUm0A,24,Schaffrillas Productions|Puss in Boots|Shrek|Puss in Boots The Last Wish|DreamWorks,False,False
-CBOzRafjJE,15,[None],False,False
DUFGnydGLaI,24,the prince family clubhouse|the prince family|prince family|the prince family challenges|the prince family skits|dj|kyrie|biannca|opening presents on christmas morning|opening presents|christmas morning|christmas morning opening presents|christmas|christmas presents|opening christmas presents|opening gifts|christmas day|christmas gifts|presents|vlogmas|gifts|christmas special|unboxing presents|The Prince Family Clubhouse Christmas|the prince family christmas,False,False
VbIqMqKSnaw,17,NBC Sports|NBC|NBCSN|Premier|League|Premier League|premier league highlights|english premier league|epl|premier league goals|premier league soccer|premier league live|english premier league live|english premier league today|premier league 2022/23|man united|man united vs nottingham forest|nottingham forest|manchester united|manchester united nottingham forest|erik ten hag|bruno fernandes|bruno fernandes interview|bruno fernandes manchester united,False,False
d3UP5C4Kwc4,24,ASMR français|ASMR|Autonomous sensory meridian response|ASMR french|french ASMR|ASMR double micros|ASMR binaural|ASMR 2022|ASMR dormir|ASMR fr|ASMR test|Test micro|Seinheiser MKH 8020|MKH 8020,False,False
EO51RTNPNd4,24,faze rug|rug|rugfaze|fazerug,False,False
_1NuPFnuvEc,10,wayv|웨이비|웨이션브이|威神V|weishenv|winwin|ten|kun|yangyang|xiaojun|hendery|윈윈|텐|쿤|양양|샤오쥔|헨드리|phantom|팬텀|MV|뮤비|뮤직비디오|MUSIC VIDEO,False,False
E4_5HNMLkIk,17,Climbing|Bouldering|Urban|Urban Climbing|Alexis Landot|Boulder|Climb|World's Biggest|Climbing gym|Gym|Fitness|Insane|Adam Ondra|Alex Honnold,False,False
LRw-QHHRYbc,23,ryan george|theryangeorge|sketch comedy|funny|skit|sketch|ryan george first guy|ryan george pitch meeting guy|santa claus|santa|christmas|holidays|christmas elves|north pole|santa cookies|santa cookies calories|christmas comedy|holiday comedy|ryan george christmas|merry christmas,False,False
nAZV3ro_c9s,24,[None],False,False
xNNQkWVyIHw,20,Halo|halo infinite|hitman 2|hitman|sanitarium|titanfall|titanfall 2|ratchet and clank|rogue legacy|rogue legacy 2|mortal kombat|mortal kombat deception|aviary attorney|attacking zegeta|metal gear solid 3|snake eater|oddheader|unsolved mysteries|easter eggs|easter egg|creepy discoveries|creepy gaming|creepy easter eggs|video game easter eggs|best|2022|2023,False,False
FatkHct9mIw,24,top 10|best|favorite|list|2022,False,False
WUsYl2JVlhE,17,Manchester United|Man United|Man Utd|The United Stand|United Stand|Manchester United News|MUFC|Man Utd News|United|Manchester United Transfer News|Transfer|Manchester United preview|vs Manchester United|Goldbridge|Erik Ten Hag|Ten Hag|Ten Hag press conference|Ten Hag Man Utd interview|Ten Hag Man Utd|Man Utd live stream|Manchester United vs Forest|Manchester United Nottingham Forest|Manchester United vs Nottingham Forest|Nottingham Forest,False,False
oyRdueU-IrY,17,Manchester United|Man United|Man Utd|Manchester United TV|The United Stand|United Stand|Manchester United News|MUFC|Man Utd News|United|Manchester United 2020|Manchester United Latest News|Manchester United Transfer News|Manchester United Breaking News,False,False
9xvrRyi8Y2E,20,garry's mod|gmod|minecraft|nino mssclick|garry's mod darkrp|gmod darkrp|CHOO-CHOO CHARLES|Fnaf|pokemon go|Scp|gmod troll|roleplay|chat|chat mignon|chat qui miaule|cat|cats|garry's mod funny moments|gmod funny moments|délires gmod|mod|addons|fun|drole|humour|fr|garry's mod gameplay|gmod gameplay|ninjaxx et nino|ninjaxx|nino gmod|Choo choo charles|Choo choo charles full game|Choo choo charles jeu complet|Thomas the train|playing as charles|nino,False,False
_cdGKiXsQ8o,20,[None],False,False
tJTJMEljKAg,19,[None],False,False
66vnJkLodAs,17,newcastle united|nufc|football|premier league,False,False
jBXNxXoHNic,20,roblox|blox fruits|demon fruits|devil fruits|pvp|new fruits|bounty hunting|one piece game|one piece roblox|blox fruits live|meenyu|robux|roblox games|roblox funny moments|noob|pro|blox fruits race|blox fruits troll|trolling|blox fruit gift|blox fruits update|update 17|indra|bloxfruits|bloxfruit|dough awaken|noob to pro|max level|race v4|leopard showcase|leopard|mink v4|cdk|update 18|blizzard|portal|spirit|christmas|presents|new update|revamp|aura,False,False
BsNvmSPc3L0,17,Everton;|Everton|Football|Club;|efc;|the|toffees;|blues;|premier|league;|goodison;|finch|farm;|Frank Lampard|Yerry Mina|Wolves|Anthony Gordon|Jordan Pickford,False,False
T9kMP5Eqqbk,28,the deal guy|things you should always buy|always buy|10 things you should always buy|after christmas|after christmas sale|after christmas haul|after christmas shopping|after christmas sale 2022|after christmas sales 2022|boxing day|boxing day sales|boxing day deals|boxing day 2022|things you should buy after christmas|buy after christmas|christmas sales after christmas|after christmas clearance|after christmas sale walmart|clearance sale|clearance sales,False,False
FtzRP0fycII,24,doctor who|the doctor|dr who|bbc|doctor who bbc|david tennant|tenth doctor|fourteenth doctor|donna noble|catherine tate|yasmin finney|doctor who 2023|doctor who 60th|doctor who 60th anniversary trailer|doctor who 60th anniversary|doctor who 60th trailer|sylvia noble|jacqueline king,False,False
3zJCVrVD5Mg,17,Golden State Warriors|Memphis Grizzlies,False,False
io_zxItoSEo,27,géants|geants|geant|mythe|legende|gaia|julie couvreur|génétique|hybride|histoire|peuple|anciennes civilisations|mystère|série|légende,False,False
mkiJidQwO1k,20,paz fifa|pajor|paz|every height|best height,False,False
M9mxYHZ1sAY,26,what I got for christmas|what we got for christmas|niki and gabi|what I got for christmas 2022|gift exchange|opposite twins gift exchange|christmas gift exchange|christmas|gift|exchange|what I got|for christmas|what|I got|christmas 2022|vlogmas|opposite twins|niki and gabi gift exchange|niki demar|gabi demartino,False,False
L842Qv-PP50,20,Pokemon Scarlet and Violet|Shiny Pokemon|Nintendo Switch|shiny only|pokemon|scarvio|pokemon sv|Nokimon Scarlet Violet|Nokimon challenge|Noki Pokemon|All shiny pokemon|ポケモンSV|gen 9 pokemon|shiny gen 9 pokemon|Pokemon Violet|shimy pokemon|Area Locked|Shiny Lock Pokemon|Pokemon shiny locked|Pokemon area locke|shiny locke|scarlet and violet locke|shinylocke|arealocke|Nokemon|Nokemon Pokemon|Area locked episode 2|Nokimon episode 2|shiny every region,False,False
LmAG8-V_WQY,28,nilered|nile|red|science|chemistry|chemical|thioacetone|trithioacetone|stink|smell|stinkiest|smelliest|known|man|world|world's|odor|stench|worst,False,False
ZRdy2r1nAIY,17,afc|aftv|arsenal|arsenal fan tv|fan cams|arsenal tv|arsenal fan cams|gooners|premier league|robbie lyle|troopz|aftvmedia|martinelli|arteta|mikel arteta|aftv news|transfer daily|gabriel|aftv troopz|arsenal stream|arsenal watch along|bukayo saka|emile smith rowe|emirates stadium|football|soccer|sport|transfers|gabriel jesus|gunners|arsenal fc|Fabio Vieira|transfer window|Oleksandr Zinchenko|europa league|Wolves vs Arsenal,False,False
R6TREeAll0Q,24,INOXTAG|INOX|CROUTON|inox cadeau|inox noel|noel inoxtag|calendrier de l'avent inox|inox christmas|inox gmk|inox amine billy|inox bigflo et oli|inox musique|inox son noel,False,False
2qFaA9xAeqA,24,Jeremy Hutchins|Ben Azelart|Lexi Rivera|Brent Rivera|Mason Fulp|Stokes Twins|Andrew Davila|Dom Brack|Amp World|Pierson Wodzynski|Logan Wodzynski|David Dobrik|MyLifeAsEva|MrBeast|Lexi Hensler|Faze Rug|Kat Hixson|24 hour challenge|Pierson|Extreme hide and seek|Win $10000|Airrack|Ryan Trahan|Last to leave|Last to stop|24 hours|TikTok Compilations|Preston|Matthew Beem|100 Gifts|Celebrating 24 holidays|Rebecca Zamelo|Suprising Bestfriend with,False,False
ZP0yrAtbeH8,22,snowstorm in ontario|ontario blizzard|snow storm canada|ontario storm|onstorm|ontario snow|blizzard 2022|blizzard canada|buffalo snow storm|kingston snow storm|kingston blizzard|ontario|canada|s snowfall ontario|snowfall|bcstorm|snow storm|winter storm|toronto winter storm|snow storm in canada|ontario snow storm|snow storm in toronto|winter storm warning|canada snow|winter storm in canada|canada storm|blizzard|canada snow storm,False,False
hlvqFt_0PZg,17,2hype|lsk|kristopher london|jsr|jesser|cash|zackttg|jiedel|moochie|christmas|SecretSanta|Presents|100thieves|Holidays|Giving Back|Merry Christmas|Santa|Secret Santa|Vlogmas,False,False
SBagFtYZa0U,2,Ford gt review|2020 ford gt|2023 ford gt|ford gt carbon series|corvette c8 z06 review|z06 z07|ford gt launch control|ford gt drag race|ford gt le mans|ford gt history|corvette vs ford|ford vs chevy|ford vs dodge|ford vs ferrari|458 speciale review|ferrari 458 sound|ford gt sound|ferrari exhaust|ferrari 458 exhaust|ferrari 458 drag race|c8 exhaust|c8 build|ford gt track times|ford supercar|ferrari 458 corvette c8|ferrari 458 ford gt,False,False
mjuWiKz9zno,2,[None],False,False
ImCq5c90hLg,22,Eminem|MGK|Token|Hopsin|Merkules|Chris Webby|Joyner Lucas|Tech N9ne|Yelawolf|Strange Music|Jellyroll|Upchurch|Adam Calhoun|Ryan Upchurch|Logic|Horrorcore|Lil Peep|Ghostmane|Hip Hop|Rap|Boondox|Tom MacDonald|mgk|Tom MacDonald The System|Tom MacDonald Riot|Riot Tom MacDonald|Tom MacDonald New Song|New Tom MacDonald|tom macdonald reaction|Tom MacDonald Fake Woke|tom macdonald brainwashed|Sheeple|Tom MacDonald Sheeple|Sheeple Tom MacDonald|Sheeple Reaction,False,False
0n6Am1OFzLs,20,[None],False,False
GKMkR1KHO5M,24,lego minifigures|lego review|lego cmf series 23|lego minifigures series 23|lego 2022|lego cmf|lego city|the b3|funny lego|lego|22-ville|lego layout|lego train|71032|23-ville|the b3 22-ville|the b3 23-ville|lego grinch|lego movie|lego frosty the snowman|lego Elf|lego nutcracker|christmas|lego christmas|lego santa|christmas movies|lego christmas movies|lego muppets|lego rudolph|lego reindeer|lego snowman|lego fairy|lego christmas village,False,False
OBF17olqeOU,10,foo fighters|dave grohl|greg kurstin|jack black|rush|rush cover|spirit of radio|jack black spirit of radio|hanukkah sessions|hanukkah music|jewish music|largo,False,False
6fTL9rFVuhM,23,[None],False,False
hZdfe7E1XR8,10,Yo YO Honey Singh|New Song|Honey Singh|Namoh|Namoh Studios|Yo Yo|New Punjabi Song|New Bollywood Song|New Hindi Song|Best of Yo Yo Honey Singh,False,False
TS1w3wMJjRg,20,minecraft|build|professional builder|builder|build competition|i cheated in a build battle|beckbrojack,False,False
