AcL6bRdbO-4,17,darts|PDC|Official PDC|Professional Darts Corporation|nine darter|mvg|Taylor|Peter wright|Anderson|premier league|best darts|best checkouts|darts highlights|highlights|170|9 darter|barney|premier league highlights|dart|Wurfpfeile|grand slam|grand slam darts|Gerwyn Price|price|2022 darts|2022 premier league|cazoo|Jonny clayton|Clayton darts|prem highlights|prem darts|smith nine|Michael smith nine|world championship nine|Van gerwen smith|smith final,False,False
t_eAgGjr9_o,17,bild|bild sport|sport bild|motorsport|ken block|ken block rip|rip ken block|rip|ruhe in frieden|rest in peace|ken block dead|ken block tot|ken block accident|ken block unfall|ken block schneemobil|drift|drift videos|virale videos|motorsport videos|rallye videos|ken block drifting|ken block rallye|unfall|accident|winter|schneemobil|crash|drift king|drift k√∂nig|ken block drift,False,False
7JH6tiovE-Q,17,darts|PDC|Official PDC|Professional Darts Corporation|Professional Darts Company|Exclusive Darts|nine darter|mvg|Taylor|Fallon Sherrock|Peter wright|Anderson|premier league|best darts|best checkouts|darts highlights|highlights|170|9 darter|Phil Taylor|barney|premier league highlights|dart|Wurfpfeile|grand slam|grand slam darts|Gerwyn Price|price|2022 darts|2022 premier league|cazoo|Jonny clayton|Clayton darts|prem highlights|prem darts,False,False
5OTlim0SRw0,22,Afrika|Amputation|Autounfall|Camper|Deutschland|Familie|Flugzeug|Fu√ü|Geisterfahrer|Influencer|Influencerin|Knochenbruch|Krankenhaus|Krankentransport|Motivation|Namibia|Operation|Pflege|Physiotherapie|Rollstuhl|Safari|Schwester|Travelinfluencerin|Traveling|Travellife|Unfall|Unfallchirurgie|Vanlife|Verkehrsunfall|Weltreise|ZDF doku|doku|funk|laufen|tru|tru doku|trudoku,False,False
46RAJQf-Q90,24,berlin - tag & nacht|berlin tag und nacht|btn|rtl2|preview|ganze folge|tv now|Berlin|berlin tag und nacht preview|berlin tag und nacht ganze folge|berlin tag und nacht vorschau|rtlzwei|hausboot|RTL|berlin tag und nacht folge von heute|berlin tag und nacht folge von gestern|btn ganze folgen|berlin tag und nacht nachschauen|berlin tag und nacht tvnow|alte folgen|btn olivia|berlin tag und nacht se*|btn kim|olivia|milla|streit|√§rger|konfrontation|verletzt|bf|bff|toxic,False,False
90h4ACQpSNg,20,montanablack twitch|montanablack best of|montanablack mario kart|montanablack fortnite|montanablack gaming|montanablack rage|GTA RP|GTA RolePlay|Monte GTA|MontanaBlack GTA|minecraft,False,False
7rnloe-pPSo,24,mtv deutschland|mtv|germany shore|reality shore|reality tv|geordie shore|temptation island|are you the one|ex on the beach|walentina doronina|yasin|dana|fabio|mia|fremdgeher,False,False
-THvq3GW6nk,20,sidneyeweka|sidney|eweka|sidney eweka|sidneyfriede|sidney friede|fifa 21|sidney eliasn97|sidney elias|sidney fifa 21|sidney younited|younited fifa 21|sidney vlog|sidney reaction|ELIGELLA|ELIASN97|ELI|eligella|eliasn97|eli|willy|niklas wilson|niklas sommer|999sid|999 sid|elias n 97|eli gella|elias n97|hertha|hertha bsc|berlin|vlog|vlogs|fifa 22|FIFA22|FIFA 22|fokus|FOKUS,False,False
W2clMKAxL1c,28,[None],False,False
yIWC3rzA2Vk,22,[None],False,False
d7kyUMu5R_U,24,FC Barcelona vs. Espanyol - Derby Stadionvlog üî•| ICH FLIPPE AUS.. SKANDAL 18 Karten üü• | ViscaBarca|fc barcelona|barcelona|derby|espanyol|fc barcelona vs espanyol|barcelona vs espanyol|barcelona espanyol|espanyol barcelona|viscabarca stadionvlog|viscabarca derby stadionvlog|viscabarca fc barcelona|viscabarca espanyol|viscabarca stadion vlog|viscabarca ich flippe aus|viscabarca fc barcelona stadionvlog|stadion|stadion vlog|viscabarca barcelona,False,False
s4cpCvDaJBw,24,Trends|Kayla|Shy|Shyx|Neues|Video|Cringe|2022|Realtalk|Kommentieren|In|Bereal|Vegan|Veganerin|Andrew|Tate|Roasten|Style|Fashion|Tiktok,False,False
c0z-7HFK9mE,25,focus|focus online|news|nachrichten|focus online schlagzeilen eilmeldung|focus aktuelle|nachrichten heute|news heute,True,False
L9zsRqCqBKU,24,need to know|needtoknow|needtoknoww|neeto|ntk|witzig|santa|santa der boss|knecht ruprecht|ruprecht|need to know reagiert auf santa der boss|need to know reagiert auf jus weihnachtsvideo|knecht ruprecht reagiert auf santa der boss,False,False
H8QcIp5KB_I,27,Lecker schnell|rezepte|rezept|schnell lecker|Sie sind so lecker|ich mache sie mindestens 3 mal die Woche|Ein einfaches Rezept|einfaches rezept|k√∂stliches rezept|wie man kocht|asmr cooking|asmr|essen|einfach und k√∂stlich|praktische rezepte|lecker &einfach|kreative rezepte|schnelles rezept|kochrezept|leckeres rezept|kochen lernen|abendessenrezept|einfach k√∂stlich|k√∂stliches hackfleisch rezept|lecker|leckeres hackfleisch rezept|einfach & k√∂stlich|einfach,False,False
PR715VHT8LE,25,Richmond|Virginia,False,False
Hm2Fz-5ig3E,22,Oli|Oli redet|jp performance gehackt|jp performance hack|jp performance kanal gel√∂scht|jp performance,False,False
zqssA3FS4iA,17,Gabriel Clemens|Clemens|Gerwyn Price|Price|Michael van Gerwen|Van Gerwen|MvG|Dobey|Gerwyn Price Van Gerwen|Gerwyn Price vs Van Gerwen|Gerwyn Price - Van Gerwen|Price vs MvG|Price - MvG|Gerwyn Price vs Van Gerwen -|DAZN World Championship|DAZN World Championship Highlights|DAZN World Championship DAZN|DAZN DAZN World Championship|DAZN|DAZN Highlights|DAZN Highlights DAZN World Championship|DAZN World Championship Highlights DAZN|DAZN Darts,False,False
T70sk6gfQ6c,17,Sky Sports|Sky Sports Football|ronaldo|cristiano ronaldo|ronaldo al nassr|al nassr|cristiano|saudi arabia|ronaldo presentation|ronaldo press conference|ronaldo unveiling|football|soccer|premier league|premier league goals|premier league highlights|premier league stream|arsenal|newcastle|manchester|man utd|man city|liverpool|chelsea|spurs|tottenham|gary neville|jamie carragher|roy keane|messi|lionel messi,False,False
t7_MHlihIt0,17,Lens|RC Lens|LEN|Paris|Paris Saint-Germain|PSG|Lens Paris|Lens vs Paris|Lens - Paris|RC Lens vs Paris Saint-Germain|RC Lens - Paris Saint-Germain|Lens Paris 3 1|Lens vs Paris 3-1|Lens - Paris 3:1|Ligue 1|Ligue 1 Highlights|Ligue 1 DAZN|DAZN Ligue 1|DAZN|Highlights Ligue 1|DAZN Highlights|DAZN Highlights Ligue 1|Ligue 1 Highlights DAZN|DAZN L√§nderspiele,False,False
XHegE9h0ZvA,26,home yoga|home yoga practice|yoga at home|at home yoga|Adriene Mishler|austin yoga instructor|free yoga|free yoga videos|full yoga class|morning yoga|online yoga|yoga practice|yoga with Adrienne|30 days of yoga|30 day yoga journey|30 day yoga challenge,False,False
4pSbQNOl2hg,24,paluten|team paluten|paluten reagiert auf,False,False
r4ZZFkq284A,17,Gabriel Clemens|Gaga|Gerwyn price|Marcel|Marcelscorpion|Darts wm|Dart wm|Darts,False,False
vHCVWzF-fXY,25,Pope|Vatican|Catholic|Christ|Benedict|God|church|Francis|Pope Francis|Catholic Church|Francis'|the Holy Father|the Pope|The Pope Francis|Rome|The news pope|pope|the pope|the news pope francis|Pope prays|pray for peace|ANGELUS|angelus|GENERAL AUDIENCE|genaral audience|jes√∫s|Jes√∫s|religions|the Father|the Son|and the Holy Spirit,False,False
StGFYbM1hFI,24,fritz meinecke|fritz meinecke stream|fritz meinecke twitch|fritz meinecke survival|fritz meiencke lost place|outdoor survival|fritz meinecke live|fritz meinecke-live|fritz meinecke - live|fritz meinecke live stream|Fritz reaction|Reaction|Survival|bushcraft|Fritz Bushcraft|FALSCHE AUSSAGEN von Thomas Gast! - So reagiert der Ex-Soldat auf 7 vs. Wild | Fritz Meinecke|7 vs. wild,False,False
Ry_3icwd68o,27,[None],False,False
OO25TTQu-tA,22,american reacts to germany|american reacts to german culture|american reacts to the truth about living in germany|the truth about living in germany reaction,False,False
_ZAgIHmHLdc,10,HYBE|HYBE LABELS|ÌïòÏù¥Î∏å|ÌïòÏù¥Î∏åÎ†àÏù¥Î∏îÏ¶à,False,False
IQ4z61v33SU,25,A2|Doku|Dokumentation|Flughafen|Hannover|Langenhagen|NDR|NDRDoku|Nordreportage|Polizei|Polizeirevier|Reportage|Schmuggler|Streife|Streifenpolizist|Streifenpolizisten|sozialer Brennpunkt,False,False
DWAJDj95YxE,22,Oli|Oli redet|83metoo|JP Performance gehackt|JP Performance kanal gehackt|JP Performance youtube kanal gehackt|JP Performance|jean pierre kraemer,False,False
oiklAWInq14,22,[None],False,False
4zxLOZDL1qo,22,younes jones|younes|jones|yunes|junes|challenge sein Vater|einfach younes|krasse challenge|beste challenge|extrem challenge|trink challenge|Wetttrinken|Wettessen|essen challenge|challenges|lustig|spass|lachen|trends|extrem|freunde|Dschungelcamp|jordan|baran,False,False
dlkG7LQJjY0,26,home yoga|home yoga practice|yoga at home|at home yoga|Adriene Mishler|austin yoga instructor|free yoga|free yoga videos|full yoga class|morning yoga|online yoga|yoga practice|yoga with Adrienne|30 days of yoga|Center 30 Day Yoga Journey|30 Day Yoga Journey,False,False
PdGjALtkXn0,24,connor bedard|connor bedard goal|canada|slovakia|canada vs slovakia|hockey|iihf|world juniors|highlights|game recap|world junior highlights|gajan|adam gajan|iihf world junior championship|tsn,False,False
l4tJfqcQXrs,22,Einfach yummy|Fit ins neue Jahr mit diesem Salat|abnehmen|Di√§t|schlank werden|Thermomix|TM6|TM5|TM31|Chinakohl|Salat|Kilos verlieren|Fit|Sport|gesund|lecker|yummy|Rezepte,False,False
S9LwOlagLKE,17,Sky Sports|Sky Sports Darts|World Darts Championship|darts|darts highlights|pdc|pdc darts|Gerwyn Price|Price|WDC|Ally Pally|headphones|earphones|crowd|funny|viral|price earphones,False,False
s473o7fbErM,17,ALES LOPRAIS / PETR POKORA / JAROSLAV VALTR JR|Auto|Bike|Car|Dakar|Dakar 2023|Dakar Highlights|Dakar Rally|KSA|LWV|MASON KLEIN|Moto|Motorsports|NASSER AL-ATTIYAH / MATHIEU BAUMEL|Quad|Rally|SSV|Saudi Arabia|Stage 2|SxS|audi|camion|honda|iveco|ktm|monster|porsche|race beauty|red bull|top moments|toyota|truck|yamaha|ÿØÿßŸÉÿßÿ±|ÿØÿßŸÉÿßÿ± 2023,False,False
zUaxLtKeOpg,20,minecraft|minecraft deutsch|minecraft youtube|icrimax|syou|standart skill|avivehd|candy|timmi|russik|amir|minecraft icrimax|minecraft avivehd|minecraft syou|minecraft stanni|youtuber insel,False,False
FfgUjHYC_8I,24,Achtung Kontrolle - Wir k√ºmmern uns drum|Dokumentation|Gesetzesh√ºter|Kabel Eins|Ordnungsh√ºter|Polizei|Reportage|achtung kontrolle|bundespolizei|k1|kabel eins|polizei|polizeikontrolle|Achtung Kontrolle|achtung|fahrradstaffel|kontrolle polizei|motorrad|auspuff|tuning|kontrolle wohnmobil|umzug|st√ºtzlast|wohnmobil|gefahrgut|ordnungsamt|barsinghausen,False,False
EA55yNZ1js4,22,Geld|Not|Pfandleihhaus|Kredit|Geldmangel|Leipzig|Pfand|Inflation|Preissteigerung|Computer|Smartphone|Bank|Second Hand|Pfandleihe|Zahlung,False,False
5m6ZCr2ZhzM,24,Dave|friedrich|7 vs. wild|interview|fritz meinecke,False,False
zSsmsYCxxEE,20,wemmbu|wemmbu smp|wube|minecraft|wemmbu minecraft|wemmbu hacking|I Secretly Hacked on a Youtuber SMP!|I Created Minecraft's Greatest Nation!|Why I Secretly Became God|I Survived 100 Days in My Enemy's Base|minecraft wemmbu|minecraft pvp|infuse smp,False,False
E5iQvK7iyoE,25,Andrew Tate|Greta Thunberg|Menschenhandel|Rum√§nien|Razzia|Polizeivideo|DER SPIEGEL|Luxusautos|Kickboxer|Bukarest|Influencer,False,False
uUMTekAMcOo,24,sashka|sash|ka|slimladysashka|saschka|Shirin David|shirin David kritik|sashka shirin david,False,False
-117dYeDVtc,22,Leeroy|Leeroy Matata|Leeroy wills wissen|Ohren abschneiden|augen|extrem|modding|piercings|schwarz|skullface|tattoo,False,False
2JqgLJEFO-c,24,[None],False,False
BRNCogU3mtU,24,kabarett|martina schwarzmann|salzburger stier|verleihung|stand up|br kabarett und comedy|bayerische comedy|comedy frau|witzige videos|martina schwarzmann 2022|martina schwarzmann youtube|comedy 2022 stand up|salzburger stier 2022|bayerisches kabarett|bayerische kabarettistin|comedy deutsch 2022|martina schwarzmann live,False,False
l8UZP3DFUpc,24,tiptiaptube,False,False
_2ggdOyzpYQ,28,[None],False,False
wU0VJ3YH2dw,27,mystery box|media markt|amazon retouren|mystery box opening|mystery box amazon|mystery box ebay|mystery box unboxing|ebay mystery box|amazon mystery box|beste mystery box|media markt mystery box|media markt wundert√ºte|mediamarkt wundert√ºte|mediamarkt mystery box|torben platzer|selbstexperiment,False,False
Aft6Sjy9LKU,28,DIY|Solaranlage|PV|Andreas Schmitz|Akkudoktor|pv anlage selber bauen|Winter|autark|D√§mmung|Rollladenkasten|Heizung|d√§mmen|√ñlheizung|W√§rmepumpe|Klimaanlage|Gasheizung|√ñl|Heiz√∂l|Gas,False,False
7I9kYCskpTk,26,mamiseelen|tierheim|tierschutz|tierheim hamburg|hamburg|gassi gehen|hund|s√ºderstrasse|familienhund|hund baby|wir sind verliebt|besuch im tierheim|welpe,False,False
1tqrx_IvqMY,24,Trymacs|Moments|Funny|Lost|try not to laugh|laugh|2022|Rewinside|Eligella|Knossi|Fails|Clips|Twitch|Momente|Mykonos|Minecraft|Zocken|Nicht lachen,False,False
EOWP5Y7eErE,20,pewdiepie|pewds|pewdie,False,False
R87xqomuyHw,20,spiff|horror|story,False,False
cueXBpTJr2c,24,Dave|friedrich|7 vs. wild|behind the scenes|knossi|fritz meinecke|otto bulletproof,False,False
CHKo7TlxY8A,10,f√§aschtb√§nkler|f√§aschtis|devilheart|love|blowpop|volkspop,False,False
ouli1MEgh-4,20,Clash Royale|Clash Royale Game|Supercell|Supercell Game|Clash Royale Supercell|Mobile Game,False,False
epKRJ6xSZWo,20,clash of clans|COC|Clash of Clans Gameplay|Clash of Clans Strategy|Clash of Clans Animation|Clash of Clans Commercial|Clash of Clans Attacks|Clash of Clans Town Hall|Hog Rider|PEKKA|Clan Wars|season challenges|clan war leagues|clash on|clan game|clan games|clash-a-rama|clasharama|warrior champion|royal champion skin|lunar new year|happy new year|lny|new scenery,False,False
AwGsSvOwqd8,24,fatos nano|noizy|noizy fatos nano,False,False
tUCT82t1Y8Q,22,got the beat|Í∞ìÎçîÎπÑÌä∏|Î≥¥ÏïÑ|boa|ÏÜåÎÖÄÏãúÎåÄ|girls' generation|snsd|ÌÉúÏó∞|taeyeon|Ìö®Ïó∞|hyoyeon|hyo|Î†àÎìúÎ≤®Î≤≥|red velvet|Ïä¨Í∏∞|seulgi|Ïõ¨Îîî|wendy|ÏóêÏä§Ìåå|aespa|Ïπ¥Î¶¨ÎÇò|karina|ÏúàÌÑ∞|winter|girls on top|stamp on it|choreography|stage|video|dance|Ïä§ÌÉ¨ÌîÑÏò®Ïûá|ÏïàÎ¨¥|Î¨¥ÎåÄ|ÎùºÏù¥Î∏å|smcu|smtown|2023,False,False
RvYkeTmM1gc,20,[None],False,False
RjDtF-Y1Nfk,24,trymacs|twitch|live|livestream|meme|lustig|memes|highlight|highlights|lost|stream|deutsch|Fu√üball|Event|Pressekonferenz|Gro√üe Kick|Monte|Rewi|Marc Eggers|7vsWild|Shpendi|Inscope|Tim Gabel.|unsympathischtv|Jonas Ems|HoneyPu|Amar|Papaplatte|Angeschrien|Mexify|AnnitheDuck|Otto Bulletproof|Dave|StarletNova|Fu√üball Event|Pietro Lombardi|Rohat|xFibii|Abugoku|Lanxess Arena|Teamauslosung|Auslosung|Elmeter schie√üen|Tischkicker|Menschlicher Tischkicker|Bubble FU√üball|Montanablack,False,False
9POF1i5VTGw,24,Mile Kitic|Marta Savic|Zali|Sampanjac|svi bi hteli tebe|ikona sa zida|zasto bas ti|sanker|plava ciganko|luda devojko|usputne stanice|ljudi su vuci devojke zmije|op kalo cuprikalo|odlazi|kraljica trotoara|pticica|karavan|limuzina|lenka|veceras prava|paklene godine|pukni srce|sokole|zena i macka|baby baby|dj|ruku pod ruku|milioni kamioni|a tako bih te ostavio|lucifer|grand,False,False
E88tnKsq4KA,24,seth|everman|setheverman|piano|eyebrows|eye|brows|bald|quit|quitting|quitting youtube|goodbye|bye,False,False
H9KKBooV1z8,10,Badm√≥mzjay|Badmomzjay|Badmomsjay|Bad Moms Jay|Rap|Deutschrap|Hiphop|keine tr√§nen|keine traenen|yeah|yeah hoe|hoe|yeah ho|survival mode|survival mode intro|intro|badmomz|album 2023,False,False
2FcDNi1HkfI,24,fireworks|NYE|new year countdown 2023|fireworks live|big ben|NYE 2023|fireworks 2023|NYE 2023 fireworks|NEW YEAR'S EVE|new year's fireworks 2023|London NYE Fireworks 2023|2023 London Fireworks|London New Year's Day Fireworks|Fireworks london 2023|Fireworks london eye|fireworks big ben|London Fireworks new year's eve|BBC New Year's Eve Fireworks|UK Fireworks 2023|london fireworks|NYE fireworks|london eye,False,False
8DNLvMTxhb8,26,mia maples|cutting bangs|giving myself bangs|cutting my own hair|cutting my hair for the first time|trying curtain bangs|mama maples|new year new hair|showing my new hair|I changed my hair|try on haul|haul|mental health goals|wolf cut|tiktok wolf cut|trying to do the wolf cut at home|tiktok hair trends|tiktok|trends|cutting short layers in long hair|making bad decisions|the big chop|cutting 15 inches of hair|cutting off all my hair,False,False
7vZOuClmaxk,26,home yoga|home yoga practice|yoga at home|at home yoga|Adriene Mishler|austin yoga instructor|free yoga|free yoga videos|full yoga class|morning yoga|online yoga|yoga practice|yoga with Adrienne,False,False
5RnwearO02E,17,Auto|Bike|CARLOS SAINZ / LUCAS CRUZ|Car|Dakar|Dakar 2023|Dakar Highlights|Dakar Rally|Dakar Saudi Arabia|KSA|LOEB|Light Weight Vehicule|MARTIN MACIK / FRANTISEK TOMASEK / DAVID SVANDA|Moto|Motorsports|Quad|RICKY BRABEC|Rally|SSV|Saudi Arabia|Stage 1|SxS|Vehicule Leger|audi|camion|ekstrom|honda|monster|porsche|race beauty|red bull|top moments|toyota|truck|ÿØÿßŸÉÿßÿ± 2023,False,False
xGd_HhPYX4A,20,brawl stars|mobile game|mobile strategy game|mobile rpg|mobile battle royale|battle royale|supercell game|brawlies|2022|community award|award show|best,False,False
hIrAsMmlQzg,17,ohio state vs georgia|georgia|ohio state|cfp|college football playoff|peach bowl|Peach Bowl: Ohio State Buckeyes vs. Georgia Bulldogs | Full Game Highlights|ncaa|college football|2022 college football|college football highlights|2022 college football highlights|ncaa football|football highlights|cfb 2022|college football 2022|espn|college football on espn|espn college football|ncaaf|espn cfb|football,False,False
n_DtpY9wbGg,17,dude perfect|dude perfect stereotypes|dude perfect water bottle flip|bottle flip|water bottle flip|dude perfect basketball|dp|dude perfect world record|edition|nerf|trick shots|trick shot|family|ping pong|bowling|clean|family friendly|bubble wrap|soccer|football|dude|luka|doncic|Donƒçiƒá|nba|basketball|dallas|mavericks|one on one|horny toad|overtime|online checking account|debit card|free checking account|fee free overdraft|credit card to build credit,False,False
yGUo9VfbxnE,24,dinner for one|dinner for one k√∂lsch|k√∂lsches dinner for one|annette frier|ralf schmitz|miss sophie|mister winterbutton|silvester dinner|silvester k√∂lsch|kom√∂die silvester|ralf dinner for one|k√∂lsch film|k√∂lsch episode|kultsendung silvester|silvester kult|silvester deutschladn,False,False
skO_bVXMWzU,25,global news|dubai fireworks|dubai fireworks show|dubai fireworks display|dubai nye|dubai nye show|dubai new year's eve fireworks|dubai nye fireworks|dubai burj khalifa show|dubai burj khalifa|new years eve|new years 2023|new years eve fireworks|nye fireworks|uae fireworks,False,False
GNDPaknFmZ8,24,misteruniversum|gladiator|vegan|vegangladiator|santamonica|venicebeach|musclebeach|goldsgym|beverlyhills|hollywood|hollywoodstars|losangeles|kalifornien|usa|ralfmoeller|bodybuilding,False,False
3tApQl8ZTYU,17,Jey Uso|Jimmy Uso|John Cena|Kevin Owens|Paul Heyman|Roman Reigns|Sami Zayn|Solo Sikoa|superstars|world wrestling entertainment|wrestle|wrestler|wrestling|wwe|wwe 2021|ŸÖÿµÿßÿ±ÿπŸá|‡§ï‡•Å‡§∂‡•ç‡§§‡•Ä|‡§°‡§¨‡•ç‡§≤‡•Ç ‡§°‡§¨‡•ç‡§≤‡•Ç ‡§à|‡§™‡§π‡§≤‡§µ‡§æ‡§®|‡§Æ‡•à‡§ö|‡§µ‡•ç‡§Ø‡§æ‡§µ‡§∏‡§æ‡§Ø‡§ø‡§ï ‡§ï‡•Å‡§∂‡•ç‡§§‡•Ä|‡§∏‡•Å‡§™‡§∞‡§∏‡•ç‡§ü‡§æ‡§∞|Smackdown clips|smackdown highlights|smackdown winners|smackdown match card|smackdown tonight|friday night smackdown|wwe smackdown|smackdown 2022|smackdown fox|john cena|john cena returns 2022,False,False
-nMJSbnuPug,17,elias|eliasn97|fifa stream highlight kanal|fifa realtalk|sidney eweka|jordan torunarigha|twitch highlights|elias n 97|elias n 97 stream highlight|elias n97|elias stream highlights|eli stream highlights|eliasn97 stream highlights|eli reaction|eli memes reaction|eli sidney reaction|eli sid reaction|eli sid wetten|eli sidney wetten|niklas wilson|niklas sommer|willy wilson|willy|elevate|fifa 22|vitavate|sidneyeweka|999sid|fokus|fokus clan|sidney friede,False,False
8OVPPPEMy1g,26,neujahrsgr√º√üe whatsapp chats|neujahrsgr√º√üe 2023 bilder|neujahrsgr√º√üe 2023 kostenlos|neujahrsgr√º√üe whatsapp|whatsapp silvester bilder|gr√º√üe zum jahreswechsel|neujahrsw√ºnsche|neujahrsw√ºnsche kostenlos|neujahrsw√ºnsche 2023|neujahrsw√ºnsche zum verschicken|zum versenden|facebook|youtube|instagram|neujahrsgr√º√üe|f√ºr|neujahrsgru√ü|2023,False,False
F0M6SPDXbPE,17,ZDF|sportstudio|Fu√üball|Fussball|Weltmeisterschaft|Pele|Pel√©|RIP|Pele Tod|Pele tot|Tod Pele|Fu√üballlegende|Legende Pele|Fu√üball Pele|Best of Pele|Pele Highlights|Pele WM|Pele Weltmeisterschaft|Beste Tore Pele|Pele beste Tore|Highlights Pele|Pele Karriere|Pele Brasilien|Pele FC Santos|FC Santos|WM Brasilien|Brasilien Pele|Brasilien WM|Pele Weltmeister|Pele WM-Titel|Rip Pele|Pele Doku|Pele Reportage|Doku Pele|Reportage Pele,False,False
l_QF_syGIdA,25,sydnye|Sydney fireworks display|full sydney fireworks|full nye sydney fireworks|new year's eve|new year's eve 2023|new year's eve countdown|new year's eve fireworks|new years eve 2023|nye fireworks livestream|nye fireworks|sydney harbour fireworks full|sydney harbor fireworks|sydney fireworks full|NEW YEAR‚ÄôS EVE FIREWORKS|NEW YEAR‚ÄôS EVE 2022 FIREWORKS,False,False
2y30eSbPieI,24,need to know|needtoknow|needtoknoww|neeto|ntk|witzig|fan pakete|fan pakete √∂ffnen|ich packe fan pakete aus|fan pakete mit Schliingeel|ich packe fan pakete aus aber habe mir den arm gebrochen|fan pakete mit gebrochenem Arm|fan pakete √∂ffnen und ich hab mir den arm gebrochen|arm,False,False
CUY_DhwW4YM,20,Mexify|Mexify Games|Mexify Uncut|Mexi,False,False
_cdAKACiG_4,17,Marcos Alonso|Matheu Laosh|Joselu|Barca|Barcelona|FC Barcelona|Espanyol|Espanyol Barcelona|Barcelona Espanyol|Barcelona vs Espanyol|Barcelona - Espanyol|FC Barcelona vs Espanyol Barcelona|FC Barcelona - Espanyol Barcelona|Barcelona Espanyol 1 1|Barcelona vs Espanyol 1-1|Barcelona - Espanyol 1:1|Laliga|Laliga Highlights|Laliga DAZN|DAZN Laliga|DAZN|Highlights Laliga|DAZN Highlights|DAZN Highlights Laliga|Laliga Highlights DAZN|DAZN Fu√üball International,False,False
ecIbUN_UXyA,10,[None],False,False
BEpfIC2ZDUs,24,rewinside|rewi|rewinside minecraft|rewi minecraft|rewi mc|rewinside mc|rewi ufo|rewinside ufo|funny|lustig|best of|highlights|twitch|stream|ausraster|rewi verletzung|rewi verletzt|rewi kreuzbandriss|rewi fu√üball|trymacs fu√üball event|fu√üball event|rewi fu√üball event,False,False
mg8d6I8GUWQ,26,Neujahrsw√ºnsche 2023|Neujahrsgr√º√üe liebevoll|Neujahrsgr√º√üe whatsapp|Neujahrsgr√º√üe kostenlos|gr√º√üe zum neuen jahr|guten rutsch|frohes neues jahr|neujahr|neujahr 2022|sylvestergr√º√üe,False,False
OHL9uYzLEJ0,20,let's game it out|lets game it out|let game it out|let'sgameitout|letsgameitout|letgameitout|game it out|gameitout|lgio|josh let's game it out|let's game it out josh|lgio josh|josh lgio|let's game it out simulator|josh simulator|funny moments|indoorlands|indoorlands game|theme park game|let's game it out theme park|let's game it out planet coaster|let's game it out coaster,False,False
UMVHSlVv534,24,fritz meinecke|fritz meinecke stream|fritz meinecke twitch|fritz meinecke survival|fritz meiencke lost place|outdoor survival|fritz meinecke live|fritz meinecke-live|fritz meinecke - live|fritz meinecke live stream|Fritz reaction|Reaction|Survival|bushcraft|Fritz Bushcraft|YouTuber ALLEINE an KNOSSIS 7 vs. Wild Spot! | Fritz Meinecke reagiert|7 vs. wild,False,False
1zgZ0PwZYwo,26,isipisi5|isipisi|Ischtar|schminken|Youtuber|Guru|Jahresr√ºckblick|2022|highlights|tiefpunkte|jga|bachelorette|hochzeit|standesamt|umzug|neue stadt|marke|vors√§tze,False,False
SszP3hlQ55Y,10,KQ|ÏºÄÏù¥ÌÅê|ÏóêÏù¥Ìã∞Ï¶à|ATEEZ|HONGJOONG|SEONGHWA|YUNHO|YEOSANG|SAN|MINGI|WOOYOUNG|JONGHO|ÌôçÏ§ë|ÏÑ±Ìôî|Ïú§Ìò∏|Ïó¨ÏÉÅ|ÎØºÍ∏∞|Ïö∞ÏòÅ|Ï¢ÖÌò∏|ÏóêÏù¥Ìã∞Ï¶à ÏòÅÏÉÅ|ÏóêÏù¥Ìã∞Ï¶à ÏÑ∏Í≥ÑÍ¥Ä|ÏóêÏù¥Ìã∞Ï¶à Ìã∞Ï†Ä|ATEEZ Ìã∞Ï†Ä|KPOP Music video|ATEEZ MV|ATEEZ TEASER|KQÏóîÌÑ∞ÌÖåÏù∏Î®ºÌä∏|KQ Entertainment|ÏóêÏù¥Ìã∞Ï¶à ÎçîÏõîÎìú ÏãúÎ¶¨Ï¶à ÎÆ§ÎπÑ|ÏóêÏù¥Ìã∞Ï¶à ÎÆ§ÎπÑ|ÏóêÏù¥Ìã∞Ï¶à ÎÆ§ÏßÅÎπÑÎîîÏò§|ÏóêÏù¥Ìã∞Ï¶à Ìï†ÎùºÌã∞Ï¶à|ATEEZ HALATEEZ|HALAZIA|Ìï†ÎùºÏßÄÏïÑ|ATEEZ Ïä§ÌïÄÏò§ÌîÑ|ÏóêÏù¥Ìã∞Ï¶à Ïä§ÌïÄÏò§ÌîÑ|ATEEZ SPINOFF|ÏóêÏù¥Ìã∞Ï¶à Ìï†ÎùºÏßÄÏïÑ Ìã∞Ï†Ä|ÏóêÏù¥Ìã∞Ï¶à Ìï†ÎùºÏßÄÏïÑ|ÏóêÏù¥Ìã∞Ï¶à ÎÆ§ÎπÑ Ìã∞Ï†Ä|ÏóêÏù¥Ìã∞Ï¶à Ïä§ÌïÄÏò§ÌîÑ Ìã∞Ï†Ä|Ìï†ÎùºÏßÄÏïÑ ÎÆ§ÎπÑ|Ìï†ÎùºÏßÄÏïÑ ÎÆ§ÏßÅÎπÑÎîîÏò§|ÏóêÏù¥Ìã∞Ï¶à Ìï†ÎùºÏßÄÏïÑ ÎÆ§ÏßÅÎπÑÎîîÏò§,False,False
W2ION4-mzA0,26,neujahrsgr√º√üe whatsapp chats|neujahrsgr√º√üe 2023 bilder|neujahrsgr√º√üe 2023 kostenlos|neujahrsgr√º√üe whatsapp|whatsapp silvester bilder|gr√º√üe zum jahreswechsel|neujahrsw√ºnsche|neujahrsw√ºnsche kostenlos|neujahrsw√ºnsche 2023|neujahrsw√ºnsche zum verschicken|zum versenden|facebook|youtube|instagram|neujahrsgr√º√üe|f√ºr|neujahrsgru√ü|2023,False,False
0GVQX3D3V5c,20,clash of clans|COC|Clash of Clans Gameplay|Clash of Clans Strategy|Clash of Clans Animation|Clash of Clans Commercial|Clash of Clans Attacks|Clash of Clans Town Hall|Hog Rider|PEKKA|Clan Wars|season challenges|clan war leagues|clash on|clan game|clan games|clash-a-rama|clasharama,False,False
ZP8VwmzrsoU,24,Tomary|Selbstexperiment|Zweitkanal|lul|lol|beyblade|strom|generator|erzeugen|energie|kostenlos|kreisel|let|it|rip,False,False
cKehhKOioi4,24,dave|friedrich|highlights|reaction|twitch|realtalk,False,False
BY8FS2Y5R6w,17,ern√§hrung|paulina wallner|homeworkout|workout|sascha huber|abnehmen|7 vs wild|7 vs wild behind the scenes|7 vs wild spoiler|7vswild|7 vs wild sascha|sascha|7 vs wild geheim|geheim|hinter den kulissen|privat|pers√∂nlich|behind the scenes|q&a|fragen beantworten|fritz meineke,False,False
pgBW1yiHY2g,10,[None],False,False
pjl6r5CiU68,26,outfits|outfit ideen|outfit inspiration|try-on-haul|fashion haul|shopping haul|fashion tipps|mode tipps|styling tipps|fashion hacks|style hacks|styling hacks|mode hacks|kleidung kombinieren|h&m|deutsch|2022|natashagibson,False,False
nVWndqvwz3Y,25,CNA|Channel NewsAsia,False,False
aDsVYXhGlKE,17,EPL Highlights|EPL2022/23|FC Liverpool|Foxes|Fu√üball Highlights|Highlights Englische Liga|LFC|Leicester|Leicester City|Liverpool|Liverpool FC|Premier League|Premier League 2022/23|Premier League Highlights|Reds|Sky|Sky AT Premier League|Sky Austria Premier League|Sky Sport|Sky Sport Austria|Sky √ñsterreich,False,False
l6HIOd19GxY,24,tiptiaptube|Silvester|Feuerwerk|Einkaufstour|2022|Shoppingtour,False,False
gKgSvAyPFlU,23,drew gooden|comedy|commentary|reaction|vine|drew gooden vine|road work ahead guy|parody|rant|cringe|christmas movie|hallmark movie|bad movie review,False,False
byEnWJjEQRc,22,[None],False,False
PrTjK0_m7iw,17,Bray Wyatt|LA Knight|Uncle Howdy|superstars|world wrestling entertainment|wrestle|wrestler|wrestling|wwe|wwe 2021|ŸÖÿµÿßÿ±ÿπŸá|‡§ï‡•Å‡§∂‡•ç‡§§‡•Ä|‡§°‡§¨‡•ç‡§≤‡•Ç ‡§°‡§¨‡•ç‡§≤‡•Ç ‡§à|‡§™‡§π‡§≤‡§µ‡§æ‡§®|‡§Æ‡•à‡§ö|‡§µ‡•ç‡§Ø‡§æ‡§µ‡§∏‡§æ‡§Ø‡§ø‡§ï ‡§ï‡•Å‡§∂‡•ç‡§§‡•Ä|‡§∏‡•Å‡§™‡§∞‡§∏‡•ç‡§ü‡§æ‡§∞|Smackdown clips|smackdown highlights|smackdown winners|smackdown match card|smackdown tonight|friday night smackdown|wwe smackdown|smackdown 2022|smackdown fox|bray wyatt returns|uncle howdy wwe|uncle howdy bray wyatt,False,False
CQw777W-_n0,17,Neymar|Kylian Mbappe|PSG|Paris Saint Germain|Strassburg|Racing Stra√üburg|PSG Strassburg|PSG vs Strassburg|PSG - Strassburg|Paris Saint Germain vs Racing Stra√üburg|Paris Saint Germain - Racing Stra√üburg|PSG Strassburg 2 1|PSG vs Strassburg 2-1|PSG - Strassburg 2:1|Ligue 1|Ligue 1 Highlights|Ligue 1 DAZN|DAZN Ligue 1|DAZN|Highlights Ligue 1|DAZN Highlights|DAZN Highlights Ligue 1|Ligue 1 Highlights DAZN|DAZN Fu√üball International,False,False
BNO6DjteidM,22,[None],False,False
p35FvoNb1gc,17,Liverpool FC|LFC|Liverpool|Anfield|Melwood|Liverpool Football Club|premier league|klopp liverpool|Klopp|Inside LFC|liverpool signing|cody gakpo|liverpool vs leicester|klopp|luis diaz|gakpo trent|gakpo van dijk,False,False
0NdPaxjrpmM,24,ZDF Doku Gangs von Marsille|Gangs in Frankreich|ZDFinfo Doku Gangs|bewaffnete Gangs|Marseille|Gang doku|Polizei in Frankreich|Marseille kriminalit√§t|gewalt in Marseille|clan doku|Marseille bandenkriege|bandenkrieg|kriminelle banden|Drogenkartell Doku|Drogenkartell Frankreich|gangs in frankreich|gangs von marseille|Gangs von Paris|marseille drug war|marseille ghetto|Gangkriminalit√§t|Jungend Frankreich|drogenkriminalit√§t doku|kriminalit√§t marseille|Doku,False,False
Y3DuN1P2ReE,20,Minecraft|WadZee|Hardcore|WadZee Hardcore|WadZee Minecraft|Minecraft but I cant leave this circle|Minecraft but i cant leave this chunk|minecraft one chunk|Minecraft but the world slowly grows|Minecraft Expanding World|WadZee Expanding World Series|WadZee One Chunk|One Chunk|I survived 100 days in one chunk|minecraft but the world expands|wadzee expanding world series|minecraft but i can never leave this box|minecraft but i cant leave the square,False,False
wH7YViYmY00,28,mrpyromanager|Silvester|2022|Vorfreude|Feuerwerk|2023|cracker|crackers|b√∂ller|firecracker|2022/23|Einkauf|Einkaufstour|Discounter|aldi|lidl|norma|kaufland|berlin,False,False
yqeirBfn2j4,17,mady morrison|stretch|music only|mady yoga|yogamitmady|mady stretch|stress relief|healthy back|calm down|stretching routine|flexibility|successful yogateacher|beginner yoga|backpain relief|breathwork|gentle|relieve stress|mobility|lower back|yoga stretch|full body stretch|recovery|tight hips|tension relief|15 minutes|gentle routine,False,False
2b0ZzJrk8e8,10,Helene Fischer|Atemlos|Schlager|Universal|Digster|Herzbeben|Fehlerfrei|helene Fischer|Atemlos durch die nacht|helene fischer live|m√ºnchen live|helene fischer live m√ºnchen|atemlos durch die nacht|atemlos durch die nacht live,False,False
2Cr-1l-gMhM,24,b√∂llern ist freiheit|b√∂llern|freiheit|feuerwerk|b√∂ller|raketen|verein|polenb√∂ller|polen|neujahr|neues jahr|31 dezember|party|pyrotechnik|pyrotechnik verein|vereine|china|chinab√∂ller|rakete|silvester|knaller|browserballett|comedy|satire|zdfneo|b√∂llerverbot|verbot|Aufkl√§rung statt B√∂llerverbot,False,False
R5cx-2KUouE,17,sky|sky deutschland|sky sport hd|highlights|sky highlights|sky sport,False,False
94nxoFwmFiQ,22,7 vs wild|staffel 2|party|abschlussparty|a8|alle kandidaten|teilnehmer|knossi|sascha|fritz|joris|sabrina|nova|otto|saarbr√ºcken|7 vs wild party|2022,False,False
beTLgihgpU8,27,2022|2023|autos|das √§ndert sich 2023|deckel|doku|erkl√§rung|gaspreis|homeoffice|kindergeld|maskenpflicht|mehrwegverpackungen|neue gesetze|neue regeln|r√ºckzahlung|strompreis|zusammenfassung,False,False
VTUBbZ1SAjo,26,Steffen Henssler|Hensslers Schnelle Nummer|Leckere Rezepte|Schnelle Rezepte|Fleisch|Chicken Wings,False,False
VL4soinKYlE,24,feuerwerk|feuerwerk kaufen|feuerwerk test|lidl feuerwerk|top 10 feuerwerk|feuerwerk z√ºnden|feuerwerk im test|extrem feuerwerk|feuerwerk shopping|feuerwerk wo kaufen|feuerwerk bestellen|silvester feuerwerk|feuerwerk wann kaufen|feuerwerk einkaufstour|aldi nord feuerwerk|feuerwerke|feuerwerk news|silvester|silvester 2022|sylvester|silvester 2023|tips silvester|ausgerechnet|B√∂ller|Raketen|Rakete|Drohnen|Drohne|Feinstaub|Verletzung|Verletzungsgefahr|Sylvesternacht,False,False
c3dDagZMALQ,27,[None],False,False
AgiJvaz0UJ4,24,Bulien Jam|Julien Bam|Mark Forster|Santa der Boss|julien Bam Mark Forster|Mark Forster Song|Julien Bam Vlog|Julien bam Song|Mark Forster Vlog|Hauptvideo vlog|julien bam Santa|Santa|Santa der Boss song,False,False
8LFKeHAJYXA,19,[None],False,False
k2kWZemG1WE,28,terra x lesch & co.|terra x|harald lesch|ZDF|Terra X|Lesch|Astrophysik|Physik|Naturwissenschaft,False,False
FsrbecGW4tk,17,SPORT1|Highfinish|Matchdart|Dartzs|Darts WM 2023|Darts-WM|Ally Pally|Fans|Jim Williams|Gabriel Clemens|Gaga|German Giant|Bullseye|Doppel|Triple|180,False,False
MaK_QcKBTbg,10,[None],False,False
Kp4lMxTThAs,10,tea|tairovic|hajde|novo|song|video|intervju|svetica|igracica|polako|bliznakinja|tea tairovic|otkad tebe znam,False,False
7ZdU9Rebc8U,24,einHolzkopf|Holzkopf|ein Holzkopf|Animation|Animations|Animationen|schul|dinge|lehrer|lustig|dumm|cafet|cafeteria|drucker|tinte|hefter|wikipedia,False,False
CIvp3DrIAlk,10,[None],False,False
6Ka3X_wlZLU,22,karl jacobs,False,False
ZtB5JOPK5-E,20,Sterzik|Sterzik uncut|Auch Sterzik|gameplay|Let's Play,False,False
J9FSW0JpheQ,24,HeyMoritz,False,False
2FAbfpxlH6k,10,KQ|ÏºÄÏù¥ÌÅê|ÏóêÏù¥Ìã∞Ï¶à ÏÑ∏Í≥ÑÍ¥Ä|ÏóêÏù¥Ìã∞Ï¶à Ìï†ÎùºÌã∞Ï¶à|ATEEZ HALATEEZ|HALAZIA|Ìï†ÎùºÏßÄÏïÑ|ÏóêÏù¥Ìã∞Ï¶à|ATEEZ|ATEEZ Ïä§ÌïÄÏò§ÌîÑ|HONGJOONG|SEONGHWA|YUNHO|YEOSANG|SAN|MINGI|WOOYOUNG|JONGHO|ÏóêÏù¥Ìã∞Ï¶à Ïä§ÌïÄÏò§ÌîÑ|ATEEZ SPINOFF|ÏóêÏù¥Ìã∞Ï¶à Ìï†ÎùºÏßÄÏïÑ Ìã∞Ï†Ä|ÏóêÏù¥Ìã∞Ï¶à Ìï†ÎùºÏßÄÏïÑ|ÏóêÏù¥Ìã∞Ï¶à Ìã∞Ï†Ä|ÏóêÏù¥Ìã∞Ï¶à ÎÆ§ÎπÑ Ìã∞Ï†Ä|ÏóêÏù¥Ìã∞Ï¶à Ïä§ÌïÄÏò§ÌîÑ Ìã∞Ï†Ä,False,False
mNhqm6bKUf0,24,asmr|asmr glow|asmr sleep|sleep asmr|glow asmr|asmr ear|asmr for sleep|asmr girl at the back of the class|asmr girl at the back of the class has a crush on you|asmr class|asmr writing sonds|asmr pencil sounds|asmr kdrama|asmr brushing your arm|asmr brushing|asmr drawing on your arm|asmr doodling|asmr school,False,False
nBOEwmDxjfU,17,Basketball|G League|NBA|game-0022200512,False,False
yGL8rpGWMPI,24,Annika|Annikazion|annikation|2022|jahresr√ºckblick|youtuberin|influencerin|zusammenfassung|mein jahr|events|new york|london|em|frauenfu√üball|hamilton|bruna the label|schmuck|leben|vlog,False,False
LUlMWWCfZI4,24,Simplicissimus|2 Bored Guys,False,False
JsfhPerez2Q,26,1990s|pop culture|video essay|commentary|heroin chic|davide sorrenti|corinne day|kate moss|waif|body image|body types|trend|fashion|slim thick|kim kardashian|marilyn monroe dress|kylie jenner|khloe kardashian|girlbloggers|femcels|that girl|wellness,False,False
63EfrFXjCFc,17,[None],False,False
v-9Ig3O_bPc,22,Wohnungssuche|Wohnung|Wohnungsmarkt|Wohnen|Behindertengerechtes wohnen|Betreutes Wohnen|Selbstst√§ndigkeit|Down Syndrom|trisomie 21|Binderung|WDR Doku|Dokumentation|Reportage|Doku|Dokus|WDR|down syndrom|down syndrom doku|down syndrom kind|down-syndrom kinder|Down-Syndrom|Down|Syndrom|Syndrome|trisomie 21 doku|liebe f√ºr alle|liebe|Alleine Wohnen|Wohnung Down-Syndrom|Wohnungssuche mit behinderung|Alleine wohnen mit down syndrom|alleine wohnen mit Behinderung|wohnung,False,False
ztsIAWuMr3c,24,trymacs|twitch|live|livestream|meme|lustig|memes|highlight|highlights|lost|stream|fortnite|minecraft|call of duty|warzone|battle royale|deutsch|finnland|nerd|in the dirt|ivalo|vlog|survival|otto|bulletproof|Mcky|MckyTv|Chefstrobel|Aufbruch|Expedition|Otto Bulletproof|Otto|Nici|HowtoBeHuman|Nerd in the Dirt|Serie|Schnee Expedition|erfrieren|Folge 2|Hundeschlitten|Ski fahren|Ski,False,False
olDiOVls8WY,24,Eiszeit bei Riccardo Simonetti! Auf Wasserskiern durch Gr√∂nland|Eiszeit bei Riccardo Simonetti!|Collien Ulmen-Fernandes in mexikanische Fledermaush√∂hle|Auf Wasserskiern durch Gr√∂nland Riccardo|Riccardo auf Wasserski Gr√∂nland|Joko und Klaas duell um die wetlt|Zirkus HalliGalli|Halli Galli|Joko|Klaas|Claas|Klas|Joko gegen Klaas|ProSieben|Klaas Heufer Umlauf|joko Winterscheidt|show|tv show|parodien|comedy|stars|circus|zirkus|halligalli|sendung|tv sendung|tv,False,False
TG8mN-nmsS8,2,oldtimer|youngtimer|blech|lack|lackierung|karosserie|handwerk|opel|audi|vw|fiat|lada|trabbi|mercedes|renault|seat|alt|gurke,False,False
1InQxERWZEQ,24,Simplicissimus|2 Bored Guys,False,False
1DuA7yEPjN4,25,B√∂ller|B√∂ller F1|B√∂ller F2|B√∂ller F3|B√∂ller F4|B√∂ller Polen|B√∂ller Zoll|B√∂ller aus Polen|B√∂ller aus Polen z√ºnden|B√∂ller richtig z√ºnden|B√∂ller-Verbot|B√∂llern|B√∂llerverbot|Feuerwerk|Feuerwerk Gefahr|Feuerwerk Verletzung|Feuerwerk gef√§hrlich|Feuerwerk richtig z√ºnden|Feuerwerk z√ºnden|Feuerwerke|Feuerwerksk√∂rper|Feuerwerksverbot|Wie Feuerwerk richtig z√ºnden,False,False
_1NuPFnuvEc,10,wayv|Ïõ®Ïù¥ÎπÑ|Ïõ®Ïù¥ÏÖòÎ∏åÏù¥|Â®ÅÁ•ûV|weishenv|winwin|ten|kun|yangyang|xiaojun|hendery|ÏúàÏúà|ÌÖê|Ïø§|ÏñëÏñë|ÏÉ§Ïò§Ï•î|Ìó®ÎìúÎ¶¨|phantom|Ìå¨ÌÖÄ|MV|ÎÆ§ÎπÑ|ÎÆ§ÏßÅÎπÑÎîîÏò§|MUSIC VIDEO,False,False
LogNuRTShKY,24,NOW|TVNOW|tvnow.de|RTL|Stream|RTL2|Temptation Island|Temptation Island ‚Äì Versuchung im Paradies|Angela Finger-Erben|Singles|Love Island|Take Me Out|Dating|Bachelor in Paradise|Der Bachelor|Die Bachelorette|Paradise Hotel|Prince Charming|Single|Are You The One?|Ex on the Beach|Love Reality|Temptation Island V.I.P.|Lola Weippert|Promiflash|Promis unter Palmen|Calvin Kleinen|PuP|Germany's Next Topmodel|Bon Schlonzo|RTL+|RTLPlus|RTL Plus|RTL +|Calvin,False,False
SUty6XyVvD0,23,J√ºrgen von der lippe|j√ºrgen|porno|super 8|kimo|pollution|erster samenerguss|feuchte tr√§ume|kino|erstes mal|sexualit√§t|pubert√§t|pickel|schauspieler|kommunion|konfirmation|weihbischof|katholischer|kirche|religionslehrer|religion,False,False
JvQs8c4jpvY,22,JulienBam|julien|bam|SANTA der BOSS: Ein Sturm zieht auf (+Song) | Julien Bam|santa|der|boss|ein|sturm|zieht|auf|song|Mark Forster|Songs aus der Bohne|Julien bam Hauptvideo|Santa|Santa der Boss Song|HandOfBlood|Lidiro|Julien Bam Musikvideo|Bulien Jam|Jucktmichnicht|CrispyRob|Weihnachten|Marc Forster|Kaanetm|Need To Know|LiontTV|H√§nno|Julien bam song|Schliingeel|Julian Bam|Mark Forster Santa|Weihnachtsfilm|Santa song|Ein Sturm zieht auf|lidiro|linarode|lina|rode,False,False
jEzUuwqf_ZU,10,idjvideos|voyage|nucci|europol|lalala|london|elena|pesme|tango|pjesma,False,False
qXJ0FRHHEZI,19,[None],False,False
rOPrCxs0itE,17,espn|sports,False,False
w9B6G8Vty8s,28,laser cutter|william osman|crappy science|peter sripol|simone giertz|allen pan|colin furze|thehacksmith|michael reeves,False,False
Lr_YsshAPx4,26,[None],False,False
IDntoic3PiE,10,KQ|ÏºÄÏù¥ÌÅê|ÏóêÏù¥Ìã∞Ï¶à ÏÑ∏Í≥ÑÍ¥Ä|ÏóêÏù¥Ìã∞Ï¶à Ìï†ÎùºÌã∞Ï¶à|ATEEZ HALATEEZ|HALAZIA|Ìï†ÎùºÏßÄÏïÑ|ÏóêÏù¥Ìã∞Ï¶à|ATEEZ|ATEEZ Ïä§ÌïÄÏò§ÌîÑ|HONGJOONG|SEONGHWA|YUNHO|YEOSANG|SAN|MINGI|WOOYOUNG|JONGHO|ÏóêÏù¥Ìã∞Ï¶à Ïä§ÌïÄÏò§ÌîÑ|ATEEZ SPINOFF|ÏóêÏù¥Ìã∞Ï¶à Ìï†ÎùºÏßÄÏïÑ Ìã∞Ï†Ä|ÏóêÏù¥Ìã∞Ï¶à Ìï†ÎùºÏßÄÏïÑ|ÏóêÏù¥Ìã∞Ï¶à Ìã∞Ï†Ä|ÏóêÏù¥Ìã∞Ï¶à ÎÆ§ÎπÑ Ìã∞Ï†Ä|ÏóêÏù¥Ìã∞Ï¶à Ïä§ÌïÄÏò§ÌîÑ Ìã∞Ï†Ä,False,False
F5N-tq1cYds,26,marc eggers|m√§nner mode|reeperbahn|party|vorlieben|frauen|hamburg|trymacs|der gro√üe kick|montanablack|lieblingsstellung|flirten|frauen ansprechen|iscope21|Stra√üenumfrage|umfrage,False,False
i_VE5sGhjJM,22,John Deere|8RX|Traktor|Tractor|Agriculture|Agrar|Farm|Farmer|Farming|Farmlife|Drohne|Drone|DJI|Deutz|Case|Claas|Fendt|Twitch|Streamer|K√∂ckerling|Scheibenegge|Landwirt|Landwirtschaft|Bauer|New Holland|Lexion|Kette|Raupe|AMD|1050|Acker|4K|Ultra|HD|Full HD|Fliegen|Windrad|Bodenbearbeitung|Ernte|Red Bull|Farming Simulator|Landwirtschafts Simulator|Axion|Quadtrac|Tucano|9RX|Big Bud|Canon|GoPro|Gopro Hero 8|DJI Phantom|Mavic|Green|Stream|Partner|Work|Working|Vario|2021|Pflug|Grubber,False,False
2j0-krGT-dw,26,Steffen Henssler|Hensslers Schnelle Nummer|Leckere Rezepte|Schnelle Rezepte|Fleisch|K√∂fte,False,False
PLDFgKzWy3o,25,2022|Beyonce|Covid-19|Harry Styles|Iran|Vox.com|argentina|argentina soccer|bejing olympics|china|climate change|compilation|conflict|end of year|explain|explainer|inflation|inflation reduction act|james webb|lula da silva|mahsa amini|protests|queen elizabeth II|rewind|sizzle|stranger things|taylor swift|twitter|ukraine|unity|vaccines|vox|wedding boom|world cup|world population|year in review|news|world news|global,False,False
QdIQ9MDp0lw,17,FC Bayern M√ºnchen|Bayern Munich|FCB|FC Bayern|Fu√üball|Football|Soccer|school|german mane|deutsch mane|sadio mane|unterricht|sprache|salzburg|funny|Mane spricht deutsch|lesson|imperativ,False,False
l0dzm7OqUgg,24,Anni|The|Duck|Anissa,False,False
7iGmx9QAyxw,24,trymacs|twitch|live|livestream|meme|lustig|memes|highlight|highlights|lost|stream|fortnite|minecraft|call of duty|warzone|battle royale|deutsch|nerd|in|the|dirt|finnland|ivalo|vlog|survival|otto|bulletproof|Mcky|MckyTV|Chefstrobel|Aufbruch|Expedition|Otto Bulletproof|Otto|Nici|HowtoBeHuman|Folge 1|Nerd in the Dirt|Serie,False,False
nHXZcJJqSw0,22,Betrogen|Betrug|Beziehung|Blind Date|Bumble|Date|Dating|Dating App|Dating Apps|Dating Corona|Die Frage|Die Frage Frank|Die Frage Lisa-Sophie|Doku|Elitepartner|Fails|First Date|Funk|Grindr|Internet|Liebe|Liebesbetrug im Internet|Lovoo|Online Date|Online Dating Corona|Online Dating Doku|Online Dating Tipps|Parship|Psychologeek|Reportage|Romance Scam|Romance Scamming|Tinder|Tinder Date|Tinder Fails,False,False
n60hCulK9sQ,2,tesla|elektroauto|elektromobilit√§t|elektrisiert|e-auto|e-mobilit√§t|autonomes fahren|tesla deutsch|elektromobilit√§t deutschland|eauto|tesla y|supercharger|tesla supercharger|tesla model y|tesla panne|elektroauto laden|tesla model y batterie|tesla model y motorschaden|tesla model y test|tesla model y china|elektroauto kaufberatung|tesla china|model y probleme|tesla model y nachteile|model y reparatur|tesla model y reichweite|roadtrip|tesla front drive unit,False,False
2G5f7U-yI1Y,27,zucker|zucker ungesund|zuckerverzicht|zuckerverzicht folgen|zuckerverzicht k√∂rper ver√§nderungen|das passiert bei zuckerverzicht|selbstexperiment zuckerverzicht|zuckerfrei folgen|zuckerfrei entzug k√∂rper|zuckerentzug symptome|anzeichen zu wenig zucker|blutzucker folgen|abnehmen zuckerverzicht|gesundheit zuckerverzicht|industriezucker ungesund|kein industriezucker|zuckerlalternativen|zucker alternativen|alternativen zu zucker|dr weigl,False,False
G-OlRZDy5bc,17,EPL Highlights|EPL2022/23|Fu√üball Highlights|Highlights Englische Liga|Man Utd|Man u|Manchester United|Nottingham|Nottingham Forest|Premier League|Premier League 2022/23|Premier League Highlights|Premier League Sky|Sky|Sky Fu√üball|Sky Highlights|Sky Sport|Sky Sport HD|United|man united|nottingham forest|sky deutschland,False,False
D9f1gGal9HE,17,AFC Bournemouth|Blues|Bournemouth|Chelsea|EPL Highlights|EPL2022/23|FC Chelsea|Fu√üball Highlights|Highlights Englische Liga|Premier League|Premier League 2022/23|Premier League Highlights|Premier League Sky|Sky|Sky Fu√üball|Sky Highlights|Sky Sport|Sky Sport HD|afc bournemouth|chelsea fc|chelsea london|sky deutschland,False,False
XVF02KP-ASQ,22,Plattenbau|Platte|Villa|Wohnung|wohnen|Ghetto|Hartz 4|Erfurt|Armut|Kriminalit√§t|Gentrifizierung|Segregation|Unterschicht|Not|DDR|Viertel|Kiez|Neubauwohnung,False,False
UoMVXfxpLsg,20,Project playtime|poppy playtime|project playtime theory|poppy playtime 1006|poppy playtime chapter 3|poppy playtime ch 3 trailer|poppy playtime trailer|project playtime vhs|project playtime lore|huggy wuggy|kissy missy|mommy long legs|boxy boo|patient 1006|project playtime gameplay|boxy boo project playtime|patient 1006 poppy playtime|poppy playtime 1006 experiment|poppy playtime game theory|matpat poppy playtime|matpat|game theorists|game theory,False,False
Ma9ASvGCrIA,23,younes jones|younes|jones|yunes johnson|junes johnson|yunes yunes,False,False
J4HXd8tepX4,24,Marvin Wildhage|Marvin Doktor|Doktortitel|Hydro hype|A hole|Prank|Influencer|Fake Produkt|Fake Creme|Hannover 96|Hertha bsc,False,False
kBTMaRUwOzg,25,Insider|News|Elliot|snow storm|cyclone|snow|storm|weather|cold|extreme weather|florida|tennesssee,False,False
sc6vH4qDvtw,24,The Bad Batch|Bad Batch|Omega|Wrecker|Echo|Tech|Crosshair|Hunter|Star Wars|Star Wars Animated|The Clone Wars|Clone Wars,False,False
_ps-eYat1WI,20,New Pokemon games|New Pokemon|Top Pokemon|Pokemon Talk|MandJTV|MandJTV Pokevids|gaming|video games|nintendo switch|nintendo|pokemon|new games|family friendly|top 10|top 5|charizard|greninja|pikachu|best pokemon|all pokemon|original pokemon|retro games|retro pokemon games|nintendo pokemon|pokemon legends arceus|pokemon scarlet and violet|gen 9|annoying pokemon|evolve,False,False
Yt0lDiIkQTA,24,Jokos Weltmeister-Auftritt: Zum Sterben guter Rave-Auftakt|Weltmeister|Weltmeister Auftritt|Joko Weltmeister|Joko Auftritt|Dance|Rave|Tod|zum sterben|Joko und Klaas duell um die wetlt|Zirkus HalliGalli|Halli Galli|Joko|Klaas|Claas|Klas|Joko gegen Klaas|ProSieben|Klaas Heufer Umlauf|joko Winterscheidt|show|tv show|parodien|comedy|stars|circus|zirkus|halligalli|sendung|tv sendung|tv,False,False
xfnpBEa89Xo,25,deutsche bahn|verkehr|√∂ffentlicher verkehr|√∂ffis|√∂ffis berlineutsche bahn|p√ºnktlichkeit|versp√§tung|bahn|schienen|bahn versp√§tung|deutsche bahn doku|schienenverkehr|bahnhof|berufspendler|pendler|schienennetz|deutschland|bahn fahren|bahn fahren deutschland|bahn news|arte re|re arte|arte|arte reportage|reportage deutsch,False,False
1nLHIM2IPRY,28,Smarter|Every|Day|Science|Physics|Destin|Sandlin|Education|Math|Smarter Every Day|experiment|nature|demonstration|education|math|science|science education|what is science|Physics of|projects|experiments|science projects|Apollo|Artemis|Luke Talley|NASA|Saturn 5|Saturn V|Apollo Space Program|Rocket Science|Rocket Engineer|How does a rocket work|How does the Saturn V Work|NASA Engineer|What is an engineer|Rocket Nozzle|F-1 Engine|J-2 Engine|Rocket Center,False,False
ka8We7nvS8I,24,Ash|Ash5ive|A5|Fun|Spa√ü|weihnachten|geschenke auspacken|weihnachten 2022|merry christmas|nike|lacoste,False,False
gbCtMqbMLmM,24,Bulien Jam|Julien Bam|Santa der Boss|Outtakes|julien bam outtakes|Santa Outtakes|Santa der Boss Making Of|Making of|SANTA der BOSS: Ein Sturm zieht auf|funny momente|Julian bam|jucktmichnicht|Mark Forster|Kaanetm|Lidiro|Crispyrob,False,False
KivZieyf3b0,20,Minecraft|Technoblade|Technothepig|Hypixel|elbow|Merry Christmas,False,False
MSuhaJww738,27,Great Reset|Klaus Schwab|WEF|World Economic Forum|Klaus Schwab Verschw√∂rungstheorie|Kapitalismus|Geldanlage|AktienMitKopf,False,False
mmUhDa0ICCM,20,Minecraft|Minecraft deutsch|Minecraft Mods|Minecraft RP|Minecraft iCrimax|Minecraft Syou|Minecraft Benx|Minecraft spielen|MC|minecraft rp|minecraft|kinderfreundlich|lustig|minecraft story|icrimax|minecraft icrimax|russik|syou|minecraft mod|mod|youtuber insel|7vswild|standartskill|avivehd|amir|alphastein|boot|haus|standartskill klaut|geheim versteck|geklaut|alphastein zerst√∂rt mein haus|icrimax 24 stunden beobachten|angriff icrimax|kampf|youtuber kampf,False,False
WLguOjp1HIY,1,[None],False,False
kYEkKwNd6RE,24,Temptation Island|Temptation Island VIP|Temptation Island VIP 2022|Temptation Island VIP Folge 1|Temptation Island Folge 1|Temptation Island 2022|Temptation Island VIP Gigi|Temptation Island VIP Deutsch|Temptation Island VIP Deutschland|Tvnow|RTL|Trashtv|Temptation Island VIP Folge 3|Christina Dimitriou|Christina Temptation Island,False,False
UuF9qg3lZXo,24,tiptiaptube|Weihnachten|Bescherung|Geschenke|Riesengro√üe √úberraschung|2022|Familie,False,False
RFiGxJZND00,10,Breskvica|Voyage|Generacija Zed|LOS|LOSA,False,False
O-dTd_00lgA,20,gta|gta 5|gta 5 mod|gta 5 mods|IDzock|IDzock gta 5 mods|gta 5 clown choo choo charles|gta 5 als choo choo charles gott spielen|IDzock gta 5 mod|gta 5 deutsch|gta 5 choo choo charles zu charles gott upgraden,False,False
LpZBYlK5GKY,24,McWinterscheidt|Zwingt Dennis seinen Bruder Benni zu Extrem-Piercing in Ekelkeller?|benni und dennis bei duell um die welt|duell um die welt schottland|benni dennis lebende marionette|Joko und Klaas duell um die wetlt|Zirkus HalliGalli|Halli Galli|Joko|Klaas|Claas|Klas|Joko gegen Klaas|ProSieben|Klaas Heufer Umlauf|joko Winterscheidt|show|tv show|parodien|comedy|stars|circus|zirkus|halligalli|sendung|tv sendung|tv,False,False
E4_5HNMLkIk,17,Climbing|Bouldering|Urban|Urban Climbing|Alexis Landot|Boulder|Climb|World's Biggest|Climbing gym|Gym|Fitness|Insane|Adam Ondra|Alex Honnold,False,False
Y5pBkYb0jSw,22,[None],False,False
_cdGKiXsQ8o,20,[None],False,False
L6PYiBwba1M,24,funny|relatable|blue hair|hair dye|hair fail|beauty fail|fail|naomi and vincent|henna freckles|bleach fail|bleach|hairdresser reacts|tik tok,False,False
m6DtyQ1ZP5k,28,[None],False,False
vhqlxs9GtGs,24,Sind diese NEUEN Influencer Produkte schlecht?|seltix|influencer produkte|dirtea|mrbeast,False,False
3DaFOa8FgOA,1,viz media|anime|official|manga|ichigo|bleach|bleach tybw|bleach thousand year blood war|bleach disney|bleach hulu|bleach espa√±ol|bleach brazil|bleach europe|bleach english dub|ichigo kurosaki|tite kubo|bleach fight|yhwach|bleach opening|bleach ending|chainsaw man|denji|makima|spy x family|power|crunchyroll|hulu|disney|animation|rukia|byakuya|wandenreich|gotei 13|kick back|kensei yonezu|chainsaw man op|mappa|studio pierrot|chainsaw man trailer|csm,False,False
gu93e6Lc_S8,26,Nihan0311|Beauty|Make|up|Tutorials|Fashion|Styling|Mascara|lippenstift|Eyeliner|Foundation|Nagellack|unterhaltung|sinan|nihan|g√ºlcin|challenge|lachflash|review|tiktok|guelcin|sinanthebeast|tayfun|essen|mukbang|lustig|comedy|lackkick|reaction|geschwister|crazy siblings|siblings|verr√ºckte geschwister|lustige geschwister|t√ºrkisch|t√ºrken|t√ºrkei,False,False
0J9ZTPKxNx0,17,beinsports|beinsport|beinsports canlƒ±|beinsports ma√ß √∂zeti|ma√ß √∂zeti|galatasaray ma√ß √∂zeti|fenerbah√ße ma√ß √∂zeti|trabzonspor ma√ß √∂zeti|be≈üikta≈ü ma√ß √∂zeti|s√ºper lig|s√ºper lig ma√ß √∂zeti|galatasaray|fenerbah√ße|be≈üikta≈ü|trabzonspor|lig tv|beinsports canlƒ± izle|lig tv canlƒ±|s√ºper lig √∂zetler|s√ºper lig √∂zet|√∂zet|ma√ß √∂zetleri|√∂zet izle|canlƒ± √∂zet izle|√∂zet izle s√ºper lig|√∂zet izle t√ºrkiye ligi|t√ºrkiye ligi √∂zet|canlƒ± √∂zet|√∂zet pozisyonlar|futbol,False,False
Im5RBLNcRko,22,der kiosk|heyaaron|aaron troschke|aaron kiosk|marvin wildhage|prank|kiosk|sp√§ti|berlin|wei√üensee,False,False
7IKab3HcfFk,24,[None],False,False
NiA4KL0JKTM,22,5 minuten harry podcast|Coldmirror 5 minuten harry podcast|cold mirror|coldmirror|coldmirror 5 minuten|coldmirror harry podcast|coldmirror harry potter|coldmirror podcast|der harry podcast|f√ºnf minuten harry podcast|harry|harry podcast|harry podcast 5 minuten|harry podcast playlist|harry podcast von coldmirror|harry podcast youtube|harry podder|harry potter|harry potter podcast|podcast|potter,False,False
K3OFzBEZuyM,27,anthony padilla|padilla|anthony|i spent a day with|interview,False,False
ejFtv8Fodu8,25,Elliott|K√§lte|USA|Winterstum,True,False
