AcL6bRdbO-4,THE GREATEST LEG OF ALL TIME ü§Ø MICHAEL SMITH HITS A NINE-DARTER IN A WORLD CHAMPIONSHIP FINAL,2023-01-03T20:57:04Z,UCRvCwDp_1DwOlOpnlJf9iYw,Professional Darts Corporation,2023-01-04T00:00:00Z,626290,18491,0,1273,https://i.ytimg.com/vi/AcL6bRdbO-4/default.jpg
t_eAgGjr9_o,Rallye-Fahrer Ken Block stirbt bei Schnee-Unfall,2023-01-03T13:44:58Z,UCu1FJLH2dp7dwKoCCGFkaMg,SPORT BILD,2023-01-04T00:00:00Z,229623,4408,0,481,https://i.ytimg.com/vi/t_eAgGjr9_o/default.jpg
7JH6tiovE-Q,DARTING DESTINY! | The Final Highlights | 2022/23 Cazoo World Darts Championship,2023-01-03T22:51:27Z,UCRvCwDp_1DwOlOpnlJf9iYw,Professional Darts Corporation,2023-01-04T00:00:00Z,357127,5562,0,759,https://i.ytimg.com/vi/7JH6tiovE-Q/default.jpg
5OTlim0SRw0,Wird Jil (27) jemals wieder laufen k√∂nnen? | TRU DOKU,2023-01-03T15:59:00Z,UCaDFHuodTr4T1EAg5IXK0NQ,TRU DOKU,2023-01-04T00:00:00Z,283322,7802,0,599,https://i.ytimg.com/vi/5OTlim0SRw0/default.jpg
46RAJQf-Q90,Toxic af: Olivia offenbart EINIGES!!! üé≠‚Ääüòàüí• | Berlin - Tag & Nacht #2851,2023-01-03T19:15:00Z,UC6hmAN2FLzB8-Fzzu7evKgA,Berlin - Tag & Nacht,2023-01-04T00:00:00Z,210349,6365,0,381,https://i.ytimg.com/vi/46RAJQf-Q90/default.jpg
90h4ACQpSNg,Das erste mal Minecraft!!ü§£| SpontanaBlack,2023-01-03T12:00:04Z,UCppK6hGo5L-dmrryG5T0K0Q,SpontanaBlack,2023-01-04T00:00:00Z,331559,31580,0,891,https://i.ytimg.com/vi/90h4ACQpSNg/default.jpg
7rnloe-pPSo,"Germany Shore React: Jill, Lars, und Paulina reagieren auf Folge 6 üëÄüí• | #6 | Germany Shore",2023-01-03T17:00:09Z,UCaFJnPTQlbyo_Jvmol_xD0g,Germany Shore,2023-01-04T00:00:00Z,48168,772,0,156,https://i.ytimg.com/vi/7rnloe-pPSo/default.jpg
-THvq3GW6nk,"W DOS!üòçü¶Å SILVESTER PARTY VLOG MIT ELIGELLA, WILLY, ELDOS, JORDAN &¬†CO.üî•¬†VLOG¬†#128",2023-01-02T16:26:14Z,UCZT5lsEOYARvyvmrtJ4WAwA,SidneyEweka,2023-01-04T00:00:00Z,406784,44725,0,1051,https://i.ytimg.com/vi/-THvq3GW6nk/default.jpg
W2clMKAxL1c,Wir √∂ffnen die 7900XTX Vapor Chamber,2023-01-03T10:09:50Z,UCYAg4bYdyqENxEyHUX7t1FA,der8auer,2023-01-04T00:00:00Z,176378,10534,0,606,https://i.ytimg.com/vi/W2clMKAxL1c/default.jpg
yIWC3rzA2Vk,Du hast 1 Minute Zeit ALLES mitzunehmen,2023-01-03T15:02:29Z,UCKQTX-NQmyOV_Uo-xFvlhcQ,Real Life Guys Vlogs,2023-01-04T00:00:00Z,64471,4322,0,87,https://i.ytimg.com/vi/yIWC3rzA2Vk/default.jpg
d7kyUMu5R_U,FC Barcelona vs. Espanyol - Derby Stadionvlog üî•| ICH FLIPPE AUS.. SKANDAL 18 Karten üü• | ViscaBarca,2023-01-02T11:05:00Z,UCPgivdyEmcyDE-ThW9IRK5Q,ViscaBarca,2023-01-04T00:00:00Z,506681,31958,0,896,https://i.ytimg.com/vi/d7kyUMu5R_U/default.jpg
s4cpCvDaJBw,Reden wir √ºber die Trends 2022‚Ä¶,2023-01-02T17:38:49Z,UC1GSWeLsWRIpr39_jCBteSA,Kayla Shyx,2023-01-04T00:00:00Z,295668,31236,0,1123,https://i.ytimg.com/vi/s4cpCvDaJBw/default.jpg
c0z-7HFK9mE,Lambrecht wird f√ºr ihr Peinlich-Video im Netz zerrissen,2023-01-02T09:30:14Z,UCgAPgHNmQSG_ySHRiOVeF4Q,FOCUS Online,2023-01-04T00:00:00Z,416998,1941,0,0,https://i.ytimg.com/vi/c0z-7HFK9mE/default.jpg
L9zsRqCqBKU,NTK reagiert auf seine Hauptrolle aus Santa der Boss,2023-01-02T18:21:58Z,UCAEB1IcDepSGmvXz5ciEkFw,Neeto,2023-01-04T00:00:00Z,255636,15123,0,499,https://i.ytimg.com/vi/L9zsRqCqBKU/default.jpg
H8QcIp5KB_I,"Sie sind so lecker, ich mache sie mindestens 3 mal die Woche!Ein einfaches Rezept!",2023-01-01T17:33:04Z,UCiKvWEIIlfHKHx6BbkGtDsA,Lecker schnell,2023-01-04T00:00:00Z,1195587,2427,0,186,https://i.ytimg.com/vi/H8QcIp5KB_I/default.jpg
PR715VHT8LE,Bills safety Damar Hamlin taken to hospital after Monday Night Football injury,2023-01-03T04:10:31Z,UC9ha3sh4YTCSK83dH6OlWTw,WTVR CBS 6,2023-01-04T00:00:00Z,1015760,4426,0,1389,https://i.ytimg.com/vi/PR715VHT8LE/default.jpg
Hm2Fz-5ig3E,JP Performance Kanal komplett geloÃàscht - Aktuelles Update,2023-01-02T14:45:00Z,UCXpvI8jeu166he5e_Emo2ig,Oli redet,2023-01-04T00:00:00Z,102823,2253,0,368,https://i.ytimg.com/vi/Hm2Fz-5ig3E/default.jpg
zqssA3FS4iA,"Gaga gegen den Iceman, auch MvG gefordert! World Darts Championship: 3. & 4. Viertelfinale | DAZN",2023-01-01T22:43:41Z,UCdye_sb1GJ8ui-3xrEZYaMw,DAZN Darts,2023-01-04T00:00:00Z,458129,7302,0,515,https://i.ytimg.com/vi/zqssA3FS4iA/default.jpg
T70sk6gfQ6c,In Europe My Work Is Done ‚úÖ | Cristiano Ronaldo's FIRST Al-Nassr Press Conference,2023-01-03T16:59:24Z,UCZ7wY7MRDSygp63HIEfdQZA,Sky Sports Football,2023-01-04T00:00:00Z,670156,16574,0,3909,https://i.ytimg.com/vi/T70sk6gfQ6c/default.jpg
t7_MHlihIt0,Nicht so frohes Neues! PSG geht im Top-Spiel unter: Lens - PSG 3:1 | Ligue 1 | DAZN Highlights,2023-01-02T09:43:55Z,UCs4O0o873h_XtA-0RYrLoxg,DAZN Fu√üball International,2023-01-04T00:00:00Z,910996,18372,0,978,https://i.ytimg.com/vi/t7_MHlihIt0/default.jpg
XHegE9h0ZvA,Center - Day 2 - Listen,2023-01-03T06:00:08Z,UCFKE7WVJfvaHW5q283SxchA,Yoga With Adriene,2023-01-04T00:00:00Z,604097,17963,0,1810,https://i.ytimg.com/vi/XHegE9h0ZvA/default.jpg
4pSbQNOl2hg,Paluten guckt Shorts 19.0,2023-01-03T08:00:01Z,UCrgoxldvOW1Lj6MRvbktdig,Team Paluten,2023-01-04T00:00:00Z,170732,10539,0,329,https://i.ytimg.com/vi/4pSbQNOl2hg/default.jpg
r4ZZFkq284A,GAGA SCHL√ÑGT PRICE üò≥‚Ä¶und wir flippen aus | Darts WM 2023 VLOG,2023-01-02T16:14:24Z,UCuBSNb_Xggr5atxXnhXh9JA,ScorpionDarts,2023-01-04T00:00:00Z,146341,11730,0,273,https://i.ytimg.com/vi/r4ZZFkq284A/default.jpg
vHCVWzF-fXY,Pope emeritus Benedict XVI's body moved to St. Peter's Basilica,2023-01-02T10:28:21Z,UCxshhzR907v2w6DjICyAgLQ,ROME REPORTS in English,2023-01-04T00:00:00Z,1201270,11103,0,1987,https://i.ytimg.com/vi/vHCVWzF-fXY/default.jpg
StGFYbM1hFI,FALSCHE AUSSAGEN von Thomas Gast! - So reagiert der Ex-Soldat auf 7 vs. Wild | Fritz Meinecke,2023-01-02T15:43:14Z,UCGRb1WmL-v6AxZRLbcdXD_Q,Fritz Meinecke - Live,2023-01-04T00:00:00Z,394773,16005,0,2783,https://i.ytimg.com/vi/StGFYbM1hFI/default.jpg
Ry_3icwd68o,How Different Spillway Gates Work,2023-01-03T14:00:12Z,UCMOqf8ab-42UUQIdVoKwjlQ,Practical Engineering,2023-01-04T00:00:00Z,709473,24830,0,983,https://i.ytimg.com/vi/Ry_3icwd68o/default.jpg
OO25TTQu-tA,'The truth about living in Germany' American Reaction,2023-01-03T10:00:08Z,UC4lOcHzPdrmrsU08TAOxJbw,Ryan Wass,2023-01-04T00:00:00Z,80134,4030,0,901,https://i.ytimg.com/vi/OO25TTQu-tA/default.jpg
_ZAgIHmHLdc,NewJeans (Îâ¥ÏßÑÏä§) 'OMG' Official MV,2023-01-02T09:00:00Z,UC3IZKseVpdzPSBaWxBxundA,HYBE LABELS,2023-01-04T00:00:00Z,9657255,860816,0,41896,https://i.ytimg.com/vi/_ZAgIHmHLdc/default.jpg
IQ4z61v33SU,Polizeieinsatz Langenhagen | Die Nordreportage | NDR Doku,2023-01-02T10:27:47Z,UCTPAHk1b-h-WGQn9cfGlw2Q,NDR Doku,2023-01-04T00:00:00Z,237986,4538,0,413,https://i.ytimg.com/vi/IQ4z61v33SU/default.jpg
DWAJDj95YxE,JP Performance Youtube Kanal gehackt,2023-01-01T18:00:07Z,UCXpvI8jeu166he5e_Emo2ig,Oli redet,2023-01-04T00:00:00Z,112855,2338,0,372,https://i.ytimg.com/vi/DWAJDj95YxE/default.jpg
oiklAWInq14,UNSER GANZES GELD IST WEG  üòî | Nader Louisa,2023-01-01T19:39:37Z,UCmO35eVuAzdT1wlcUHHF8JA,Jindaouis,2023-01-04T00:00:00Z,937168,46751,0,1374,https://i.ytimg.com/vi/oiklAWInq14/default.jpg
4zxLOZDL1qo,Die Militante Veganerin hinter der K√ºche ü§£‚éÆ Burger Duell ‚éÆ Jones Kitchen,2023-01-02T17:00:03Z,UCJ8hvRGLl_N1_z4BdrqOI2g,Einfach Younes,2023-01-04T00:00:00Z,86267,3272,0,256,https://i.ytimg.com/vi/4zxLOZDL1qo/default.jpg
dlkG7LQJjY0,Center - Day 1 - Show Up,2023-01-02T06:00:07Z,UCFKE7WVJfvaHW5q283SxchA,Yoga With Adriene,2023-01-04T00:00:00Z,1021278,32659,0,3814,https://i.ytimg.com/vi/dlkG7LQJjY0/default.jpg
PdGjALtkXn0,Canada vs. Slovakia - 2023 World Juniors Highlights,2023-01-03T03:55:26Z,UC--i2rV5NCxiEIPefr3l-zQ,TSN,2023-01-04T00:00:00Z,725794,7724,0,1829,https://i.ytimg.com/vi/PdGjALtkXn0/default.jpg
l4tJfqcQXrs,Fit ins neue Jahr mit diesem Salat üí™üèª Thermomix¬Æ TM5/TM6,2023-01-02T10:30:22Z,UCnBjJTRkOT44c2Rm16SMq3A,Einfach yummy,2023-01-04T00:00:00Z,44455,1157,0,28,https://i.ytimg.com/vi/l4tJfqcQXrs/default.jpg
S9LwOlagLKE,Gerwyn Price BLOCKS out crowd noise with EAR DEFENDERS! üëÄüéß,2023-01-01T20:52:05Z,UCIBNkFKpmUx0R4gDv6wqi-g,Sky Sports Darts,2023-01-04T00:00:00Z,266982,1644,0,524,https://i.ytimg.com/vi/S9LwOlagLKE/default.jpg
s473o7fbErM,Extended highlights of Stage 2 presented by Aramco - #Dakar2023,2023-01-02T18:42:13Z,UCJVKwvv58Xo3Rt4rF3NiL9w,Dakar,2023-01-04T00:00:00Z,356899,6732,0,263,https://i.ytimg.com/vi/s473o7fbErM/default.jpg
zUaxLtKeOpg,tsch√ºss .. ich verlasse die YouTuber Insel,2023-01-02T07:47:33Z,UCqk9a9CE8ieYoLUDQdC1fgA,SYou,2023-01-04T00:00:00Z,152477,6882,0,1809,https://i.ytimg.com/vi/zUaxLtKeOpg/default.jpg
FfgUjHYC_8I,Davon wei√ü ich nichts!ü§®  Illegaler KRAN?! | Kabel Eins | Achtung Kontrolle,2023-01-02T17:00:14Z,UCnY-8UapKurqxb0yNxneQfw,Achtung Kontrolle,2023-01-04T00:00:00Z,124509,1318,0,344,https://i.ytimg.com/vi/FfgUjHYC_8I/default.jpg
EA55yNZ1js4,Schnelles Geld in gro√üer Not - Kredit im Pfandleihhaus | Doku | exactly,2023-01-02T16:00:06Z,UCZOM0CqaJ5njZB_O-RyQSsw,MDR Investigativ,2023-01-04T00:00:00Z,44446,552,0,266,https://i.ytimg.com/vi/EA55yNZ1js4/default.jpg
5m6ZCr2ZhzM,7 vs. Wild - @FritzMeinecke Interview,2023-01-02T17:00:05Z,UCdTt6nTzvK96D6TDCGEBkSg,DAVE,2023-01-04T00:00:00Z,645733,32163,0,826,https://i.ytimg.com/vi/5m6ZCr2ZhzM/default.jpg
zSsmsYCxxEE,I Survived 100 Days Inside My Enemy's Base,2023-01-03T05:54:28Z,UCOK98De7_ijD72RhmMEXiJw,Wemmbu,2023-01-04T00:00:00Z,210254,9809,0,647,https://i.ytimg.com/vi/zSsmsYCxxEE/default.jpg
E5iQvK7iyoE,Rum√§nische Polizei ver√∂ffentlicht Video: So lief die Razzia gegen Andrew Tate | DER SPIEGEL,2023-01-03T09:01:20Z,UC1w6pNGiiLdZgyNpXUnA4Zw,DER SPIEGEL,2023-01-04T00:00:00Z,438187,7619,0,1931,https://i.ytimg.com/vi/E5iQvK7iyoE/default.jpg
uUMTekAMcOo,"Das Shirin David Desaster - Alles, nur weil sie eine Frau ist?",2023-01-01T17:00:24Z,UCuB3qjWes1E8t4yUmbP360Q,Sashka,2023-01-04T00:00:00Z,293942,19543,0,637,https://i.ytimg.com/vi/uUMTekAMcOo/default.jpg
-117dYeDVtc,Wie ist das SKULL FACE ZU SEIN?,2023-01-01T19:15:00Z,UCDW1yldFKWrfjrr78aP5Nkw,Leeroy will's wissen!,2023-01-04T00:00:00Z,539784,19190,0,2540,https://i.ytimg.com/vi/-117dYeDVtc/default.jpg
2JqgLJEFO-c,"6000 kcal in 3 Stunden... Ich bin nicht ich, wenn ich hungrig bin!",2023-01-02T17:00:01Z,UCBOVenqjX4jdwYKKiLEnNCA,Stephan P√ºtz,2023-01-04T00:00:00Z,77456,3224,0,173,https://i.ytimg.com/vi/2JqgLJEFO-c/default.jpg
BRNCogU3mtU,Martina Schwarzmann: Leserbriefe | Salzburger Stier 2022 | BR Kabarett & Comedy,2023-01-01T17:00:01Z,UC7g7kvJmGit81_4R_4yxhGA,BR Kabarett & Comedy,2023-01-04T00:00:00Z,80750,791,0,35,https://i.ytimg.com/vi/BRNCogU3mtU/default.jpg
l8UZP3DFUpc,Silvester 2022/23 Feuerwerk Party ü§£ TipTapTube,2023-01-01T17:24:28Z,UCLptnohX62GV_vEEC1lSTgQ,TipTapTube,2023-01-04T00:00:00Z,163379,6104,0,485,https://i.ytimg.com/vi/l8UZP3DFUpc/default.jpg
_2ggdOyzpYQ,Ich lag falsch - AMD hat ein gro√ües Problem!,2023-01-01T09:17:12Z,UCYAg4bYdyqENxEyHUX7t1FA,der8auer,2023-01-04T00:00:00Z,247498,17345,0,1975,https://i.ytimg.com/vi/_2ggdOyzpYQ/default.jpg
wU0VJ3YH2dw,Ich habe JEDE Mystery Box gekauft!,2023-01-01T17:00:29Z,UCbUEpvGgmm2BnRnIWi5ScJg,Torben Platzer,2023-01-04T00:00:00Z,110487,5656,0,1410,https://i.ytimg.com/vi/wU0VJ3YH2dw/default.jpg
Aft6Sjy9LKU,DIY Heizung: Ich gehe von W√§rmepumpe wieder auf √ñl - DAS ist der Grund !,2023-01-01T08:00:04Z,UCaWbn671XbI1GLTgndyI7gQ,Andreas Schmitz,2023-01-04T00:00:00Z,229233,10217,0,1095,https://i.ytimg.com/vi/Aft6Sjy9LKU/default.jpg
7I9kYCskpTk,Besuch im Tierheim üê∂ Gassi gehen mit s√º√üem Hund | Traum Familienhund gefunden | Mamiseelen,2023-01-01T09:00:03Z,UCajyfb5EUPd3f3deUk0dBEQ,Mamiseelen,2023-01-04T00:00:00Z,351183,5813,0,513,https://i.ytimg.com/vi/7I9kYCskpTk/default.jpg
1tqrx_IvqMY,Best of Trymacs - 2022 - Lost Moments,2023-01-01T12:30:00Z,UCjLCdiOvJ77LiigInK_UIYQ,Lost Moments,2023-01-04T00:00:00Z,164153,11795,0,82,https://i.ytimg.com/vi/1tqrx_IvqMY/default.jpg
EOWP5Y7eErE,Saying goodbye is hard..,2023-01-01T16:45:00Z,UC-lHJZR3Gqxm24_Vd_AJ5Yw,PewDiePie,2023-01-04T00:00:00Z,5929582,388756,0,17345,https://i.ytimg.com/vi/EOWP5Y7eErE/default.jpg
R87xqomuyHw,"The TRUE No Train, ONE LIFE Challenge in Choo Choo Charles",2023-01-02T13:00:21Z,UC9ek8xUVjnmQ-q7f6CTwtxg,AstralSpiff,2023-01-04T00:00:00Z,505713,26581,0,1682,https://i.ytimg.com/vi/R87xqomuyHw/default.jpg
cueXBpTJr2c,7 vs. Wild Abholung - Unver√∂ffentlichtes Material,2022-12-30T17:00:36Z,UCdTt6nTzvK96D6TDCGEBkSg,DAVE,2023-01-04T00:00:00Z,2027857,120119,0,3874,https://i.ytimg.com/vi/cueXBpTJr2c/default.jpg
CHKo7TlxY8A,F√§aschtb√§nkler - 25 Genres,2023-01-01T14:00:09Z,UCL5hubpwMTSNIXK2h6r-pog,F√§ascht B√§nkler,2023-01-04T00:00:00Z,139922,8246,0,173,https://i.ytimg.com/vi/CHKo7TlxY8A/default.jpg
ouli1MEgh-4,Freeze the Whole Arena ‚ùÑÔ∏è (New Season),2023-01-02T09:00:49Z,UC_F8DoJf9MZogEOU51TpTbQ,Clash Royale,2023-01-04T00:00:00Z,1030798,32376,0,699,https://i.ytimg.com/vi/ouli1MEgh-4/default.jpg
epKRJ6xSZWo,Yield To Warrior Champion's Shield! Clash of Clans Season Challenges,2023-01-01T08:00:28Z,UCD1Em4q90ZUK2R5HKesszJg,Clash of Clans,2023-01-04T00:00:00Z,1619566,30817,0,970,https://i.ytimg.com/vi/epKRJ6xSZWo/default.jpg
AwGsSvOwqd8,Noizy - Fatos Nano (Official Music Video),2022-12-31T20:00:07Z,UCim40Arej9EBOfg0ViFW2ww,thisisnoizy,2023-01-04T00:00:00Z,1668099,45543,0,2110,https://i.ytimg.com/vi/AwGsSvOwqd8/default.jpg
tUCT82t1Y8Q,GOT the beat 'Stamp On It' Stage Video,2023-01-01T13:00:24Z,UCcdX97nVNsZgAA0NxvHnU9w,Girls On Top,2023-01-04T00:00:00Z,3755687,249261,0,9264,https://i.ytimg.com/vi/tUCT82t1Y8Q/default.jpg
RvYkeTmM1gc,"If You Build It, I'll Pay For It!",2022-12-31T20:00:04Z,UCIPPMRA040LQr5QPyJEbmXA,MrBeast Gaming,2023-01-04T00:00:00Z,10581880,472885,0,20160,https://i.ytimg.com/vi/RvYkeTmM1gc/default.jpg
RjDtF-Y1Nfk,"üòçüò±KREUZBANDRISS, BACKFLIPS & 50 YTBER! | Gro√üe KICK Fu√üball Highlights! | Wer GEWINNT den POKAL?!",2022-12-31T11:15:02Z,UC6Gc4KQ1ueDnh8x7plaAD3w,Trymacs,2023-01-04T00:00:00Z,1008550,51557,0,849,https://i.ytimg.com/vi/RjDtF-Y1Nfk/default.jpg
9POF1i5VTGw,Mile Kitic - Boginja ljubavi,2023-01-01T16:58:02Z,UC4O12pQmRJAyR_GPmAGu1pQ,Mile Kitic,2023-01-04T00:00:00Z,279139,10761,0,978,https://i.ytimg.com/vi/9POF1i5VTGw/default.jpg
E88tnKsq4KA,Signing Off,2023-01-01T18:25:32Z,UCoNRSwYHJdy-yV1b82ZdHfQ,SethEverman,2023-01-04T00:00:00Z,1484252,180034,0,7692,https://i.ytimg.com/vi/E88tnKsq4KA/default.jpg
H9KKBooV1z8,badm√≥mzjay - Yeah Hoe (prod. by Jumpa) [Official Video],2022-12-31T19:00:06Z,UCAZ5cyl9UbjNYLBfuNDubhA,badm√≥mzjay,2023-01-04T00:00:00Z,139578,11184,0,551,https://i.ytimg.com/vi/H9KKBooV1z8/default.jpg
2FcDNi1HkfI,Happy New Year Live! üéÜ London Fireworks 2023 üî¥ BBC,2023-01-01T00:15:15Z,UCCj956IF62FbT7Gouszaj9w,BBC,2023-01-04T00:00:00Z,4079000,42386,0,4678,https://i.ytimg.com/vi/2FcDNi1HkfI/default.jpg
8DNLvMTxhb8,I Cut My Long Hair SHORT *and surprised my family!*,2023-01-01T18:00:02Z,UCzzOKT1SkE7qdycJvPCR3Gg,Mia Maples,2023-01-04T00:00:00Z,922801,87969,0,16726,https://i.ytimg.com/vi/8DNLvMTxhb8/default.jpg
7vZOuClmaxk,Center - Day 0 - Welcome,2023-01-01T06:00:11Z,UCFKE7WVJfvaHW5q283SxchA,Yoga With Adriene,2023-01-04T00:00:00Z,849096,37153,0,2585,https://i.ytimg.com/vi/7vZOuClmaxk/default.jpg
5RnwearO02E,Extended highlights of the day presented by Aramco - Stage 1 - #Dakar2023,2023-01-01T17:59:16Z,UCJVKwvv58Xo3Rt4rF3NiL9w,Dakar,2023-01-04T00:00:00Z,475312,9805,0,438,https://i.ytimg.com/vi/5RnwearO02E/default.jpg
xGd_HhPYX4A,The Brawlies 2022 - Brawl Stars Community Award Show!,2022-12-31T11:00:28Z,UCooVYzDxdwTtGYAkcPmOgOw,Brawl Stars,2023-01-04T00:00:00Z,6375035,242171,0,12878,https://i.ytimg.com/vi/xGd_HhPYX4A/default.jpg
hIrAsMmlQzg,Peach Bowl: Ohio State Buckeyes vs. Georgia Bulldogs | Full Game Highlights,2023-01-01T05:12:55Z,UCzRWWsFjqHk1an4OnVPsl9g,ESPN College Football,2023-01-04T00:00:00Z,3202144,21919,0,5467,https://i.ytimg.com/vi/hIrAsMmlQzg/default.jpg
n_DtpY9wbGg,Dude Perfect vs. Luka Doncic (1-on-1),2022-12-31T14:59:56Z,UCRijo3ddMTht_IHyNSNXpNQ,Dude Perfect,2023-01-04T00:00:00Z,7819460,309512,0,7249,https://i.ytimg.com/vi/n_DtpY9wbGg/default.jpg
yGUo9VfbxnE,Dinner for one - op K√∂lsch (ganzer Film auf Deutsch) mit Ralf Schmitz und Annette Frier,2022-12-31T10:00:36Z,UCuoVU32d3aQGL39GSyBaPLA,TV-Klassiker,2023-01-04T00:00:00Z,139761,1500,0,88,https://i.ytimg.com/vi/yGUo9VfbxnE/default.jpg
skO_bVXMWzU,New Year's 2023: Dubai puts on thrilling fireworks show at Burj Khalifa,2022-12-31T20:51:09Z,UChLtXXpo4Ge1ReTEboVvTDg,Global News,2023-01-04T00:00:00Z,4747202,33845,0,2793,https://i.ytimg.com/vi/skO_bVXMWzU/default.jpg
GNDPaknFmZ8,Ralf Moeller X EHRENPFLAUME - exklusive Star Tour mit dem Gladiator durch Hollywood,2022-12-31T11:00:08Z,UCZYVVklwjt8yEtZNs1XXqiw,EHRENPFLAUME,2023-01-04T00:00:00Z,309125,11525,0,813,https://i.ytimg.com/vi/GNDPaknFmZ8/default.jpg
3tApQl8ZTYU,"John Cena & Kevin Owens vs. Roman Reigns & Sami Zayn: SmackDown, Dec. 30, 2022",2022-12-31T04:22:33Z,UCJ5v_MCY6GNUBTO8-D3XoAg,WWE,2023-01-04T00:00:00Z,5427444,121033,0,5595,https://i.ytimg.com/vi/3tApQl8ZTYU/default.jpg
-nMJSbnuPug,REALTALK √úBER RONALDO WECHSEL ZU AL NASSR!üò± + Willy Anruf & mehrüëÄ G.O.A.T Debatte endg√ºltig beendetüêê,2022-12-31T09:00:00Z,UChhbR4PloyFZPhyW4iVNuEQ,Eligella,2023-01-04T00:00:00Z,257896,16011,0,879,https://i.ytimg.com/vi/-nMJSbnuPug/default.jpg
8OVPPPEMy1g,Silvestergr√º√üe f√ºr Dich ! Neujahrsgr√º√üe f√ºr 2023 - Ich w√ºnsche dir ein Frohes Neues Jahr!,2022-12-31T08:00:02Z,UCrTqIAR1vOjaizO8HRk373Q,Mac Paverick,2023-01-04T00:00:00Z,85811,176,0,27,https://i.ytimg.com/vi/8OVPPPEMy1g/default.jpg
F0M6SPDXbPE,Wie Pel√© zur gr√∂√üten Legende des Fu√üballs wurde | sportstudio,2022-12-30T13:57:51Z,UCE0RhriywrL8XhXbo87tMKQ,sportstudio,2023-01-04T00:00:00Z,476475,7979,0,502,https://i.ytimg.com/vi/F0M6SPDXbPE/default.jpg
l_QF_syGIdA,"New Year's 2023: Sydney, Australia puts on extravagant fireworks show over harbour",2022-12-31T14:13:53Z,UChLtXXpo4Ge1ReTEboVvTDg,Global News,2023-01-04T00:00:00Z,1796212,10943,0,1328,https://i.ytimg.com/vi/l_QF_syGIdA/default.jpg
2y30eSbPieI,Ich √∂ffne Fan Pakete und habe mir den Arm gebrochen..,2022-12-30T16:46:31Z,UCAEB1IcDepSGmvXz5ciEkFw,Neeto,2023-01-04T00:00:00Z,233544,14278,0,643,https://i.ytimg.com/vi/2y30eSbPieI/default.jpg
CUY_DhwW4YM,WAHRHEIT oder SHOT mit Julien Bam!,2022-12-30T17:00:06Z,UC1X9CHIbwaEWklnswMI_uAw,Mexify Reacts,2023-01-04T00:00:00Z,319482,26219,0,396,https://i.ytimg.com/vi/CUY_DhwW4YM/default.jpg
_cdAKACiG_4,Lahoz im Mittelpunkt - Barcelona-Derby endet Unentschieden: Barcelona - Espanyol 1:1 | LaLiga | DAZN,2022-12-31T16:38:44Z,UCs4O0o873h_XtA-0RYrLoxg,DAZN Fu√üball International,2023-01-04T00:00:00Z,584008,9459,0,985,https://i.ytimg.com/vi/_cdAKACiG_4/default.jpg
ecIbUN_UXyA,DJ Gimi-O x Capital Bra - VIJA VIJA [Official Video],2022-12-29T23:00:11Z,UCb3vDJO58lJYAu1ToJd0EPQ,DJ Gimi-O,2023-01-04T00:00:00Z,581990,23599,0,1592,https://i.ytimg.com/vi/ecIbUN_UXyA/default.jpg
BEpfIC2ZDUs,TRYMACS Fu√üball Turnier endet im Krankenhaus üè•,2022-12-30T12:04:42Z,UC2Yo5HbL-A7uoYvcl7pl7Jg,rewinside,2023-01-04T00:00:00Z,327311,21728,0,388,https://i.ytimg.com/vi/BEpfIC2ZDUs/default.jpg
mg8d6I8GUWQ,Neujahrsgr√º√üe 2023 kostenlos whatsapp lustig Frohes neues Jahr 2023 Gr√º√üe Neujahrsw√ºnsche Neujahr,2022-12-30T14:00:23Z,UCfd8-d70tJXUBR-9zamW53A,The Handyman,2023-01-04T00:00:00Z,197552,390,0,30,https://i.ytimg.com/vi/mg8d6I8GUWQ/default.jpg
OHL9uYzLEJ0,I Made a Theme Park Where Every Ride Is Life Ruining - Indoorlands,2022-12-30T16:00:11Z,UCto7D1L-MiRoOziCXK9uT5Q,Let's Game It Out,2023-01-04T00:00:00Z,2590829,120605,0,4953,https://i.ytimg.com/vi/OHL9uYzLEJ0/default.jpg
UMVHSlVv534,YouTuber ALLEINE an KNOSSIS 7 vs. Wild Spot! | Fritz Meinecke reagiert,2022-12-30T13:00:29Z,UCGRb1WmL-v6AxZRLbcdXD_Q,Fritz Meinecke - Live,2023-01-04T00:00:00Z,512773,13384,0,1410,https://i.ytimg.com/vi/UMVHSlVv534/default.jpg
1zgZ0PwZYwo,BEST OF 2022 - Die sch√∂nsten Momente & wie ich das Jahr gemeistert hab,2022-12-31T09:00:19Z,UC6JstBd6v2XLP-GApAMAiFQ,Ischtar Isik,2023-01-04T00:00:00Z,62194,4062,0,104,https://i.ytimg.com/vi/1zgZ0PwZYwo/default.jpg
SszP3hlQ55Y,ATEEZ(ÏóêÏù¥Ìã∞Ï¶à) - 'HALAZIA' Official MV,2022-12-30T05:00:02Z,UCQdq-lqPEq_yZ_wP_kuVB9Q,KQ ENTERTAINMENT,2023-01-04T00:00:00Z,26719906,496244,0,73286,https://i.ytimg.com/vi/SszP3hlQ55Y/default.jpg
W2ION4-mzA0,Silvestergr√º√üe 2023 - Ich w√ºnsche dir einen guten Rutsch ins neue Jahr! / Neujahrsgr√º√üe f√ºr DICH!,2022-12-30T08:00:10Z,UCrTqIAR1vOjaizO8HRk373Q,Mac Paverick,2023-01-04T00:00:00Z,126801,247,0,24,https://i.ytimg.com/vi/W2ION4-mzA0/default.jpg
0GVQX3D3V5c,Clash of Clans - 2022 Year in Review,2022-12-30T13:00:00Z,UCD1Em4q90ZUK2R5HKesszJg,Clash of Clans,2023-01-04T00:00:00Z,2701028,107775,0,2914,https://i.ytimg.com/vi/0GVQX3D3V5c/default.jpg
ZP8VwmzrsoU,Beyblade der unendlich Strom generiert bauen!,2022-12-30T19:24:07Z,UCgSH2V644jVbkrWjR1eWFmQ,Tomary lul,2023-01-04T00:00:00Z,191540,7940,0,208,https://i.ytimg.com/vi/ZP8VwmzrsoU/default.jpg
cKehhKOioi4,7 vs. Wild Party + Trymacs Fu√üball Event Vlog,2022-12-29T22:28:21Z,UC5LJVHQdB_WyTYMEbuFo-_w,Friedrich - Dave,2023-01-04T00:00:00Z,715640,30381,0,623,https://i.ytimg.com/vi/cKehhKOioi4/default.jpg
BY8FS2Y5R6w,So war 7 VS WILD f√ºr mich! | Was wir euch noch nicht erz√§hlen konnten...,2022-12-30T17:00:08Z,UCsQuwQoKBEZoB_qhcKrpeLw,Paulina Wallner,2023-01-04T00:00:00Z,208751,9361,0,271,https://i.ytimg.com/vi/BY8FS2Y5R6w/default.jpg
pgBW1yiHY2g,Tream - RHYTHM OF MY LIFE (prod. by Tream),2022-12-30T14:00:09Z,UCCV0jgckYlzV9e8gGN2d3Hg,Tream,2023-01-04T00:00:00Z,100016,6315,0,221,https://i.ytimg.com/vi/pgBW1yiHY2g/default.jpg
pjl6r5CiU68,In diesen 5 Outfits sieht NIEMAND gut aus,2022-12-30T14:45:05Z,UCSkK-qENLho-q-6x1PKu7Vg,Natasha Gibson Germany,2023-01-04T00:00:00Z,134893,7551,0,456,https://i.ytimg.com/vi/pjl6r5CiU68/default.jpg
nVWndqvwz3Y,Singapore welcomes 2023 with New Year fireworks at Marina Bay,2022-12-31T16:55:40Z,UC83jt4dlz1Gjl58fzQrrKZg,CNA,2023-01-04T00:00:00Z,955947,4703,0,540,https://i.ytimg.com/vi/nVWndqvwz3Y/default.jpg
aDsVYXhGlKE,2 Eigentore in 7 Minuten! | FC Liverpool - Leicester City | Highlights - Premier League 2022/23,2022-12-31T00:02:07Z,UC5dCegXiWjE57wKrhWnCo0g,Sky Sport Austria,2023-01-04T00:00:00Z,128487,1982,0,129,https://i.ytimg.com/vi/aDsVYXhGlKE/default.jpg
l6HIOd19GxY,Silvester Feuerwerk Einkaufstour Aldi Lidl ü§£ TipTapTube,2022-12-29T16:57:16Z,UCLptnohX62GV_vEEC1lSTgQ,TipTapTube,2023-01-04T00:00:00Z,224033,7711,0,758,https://i.ytimg.com/vi/l6HIOd19GxY/default.jpg
gKgSvAyPFlU,YouTube's Terrible Christmas Movies,2022-12-30T18:29:36Z,UCTSRIY3GLFYIpkR2QwyeklA,Drew Gooden,2023-01-04T00:00:00Z,1601374,117550,0,5465,https://i.ytimg.com/vi/gKgSvAyPFlU/default.jpg
byEnWJjEQRc,7 vs. Wild - Staffel 2 - Ich habe gewonnen!,2022-12-29T19:13:05Z,UCGgJQ2RbUW99O_kVzlshvGg,OttoBulletproof,2023-01-04T00:00:00Z,627218,51935,0,1716,https://i.ytimg.com/vi/byEnWJjEQRc/default.jpg
PrTjK0_m7iw,"Uncle Howdy attacks Bray Wyatt: SmackDown, Dec. 30, 2022",2022-12-31T03:00:09Z,UCJ5v_MCY6GNUBTO8-D3XoAg,WWE,2023-01-04T00:00:00Z,1924330,32791,0,2801,https://i.ytimg.com/vi/PrTjK0_m7iw/default.jpg
CQw777W-_n0,Schwalben-Neymar fliegt & Mbappe entscheidet kurz vor Schluss: PSG - Stra√üburg 2:1 | Ligue 1 | DAZN,2022-12-28T22:28:44Z,UCs4O0o873h_XtA-0RYrLoxg,DAZN Fu√üball International,2023-01-04T00:00:00Z,1340152,21170,0,1411,https://i.ytimg.com/vi/CQw777W-_n0/default.jpg
BNO6DjteidM,We're Rebuilding Homes in Kentucky for Tornado Survivors,2022-12-30T21:24:40Z,UCAiLfjNXkNv24uhpzUgPa6A,Beast Philanthropy,2023-01-04T00:00:00Z,2542127,229914,0,7953,https://i.ytimg.com/vi/BNO6DjteidM/default.jpg
p35FvoNb1gc,"Cody Gakpo: The first day | First Klopp hug, Van Dijk and the Christmas tree",2022-12-30T11:00:09Z,UC9LQwHZoucFT94I2h6JOcjw,Liverpool FC,2023-01-04T00:00:00Z,1739574,54974,0,1981,https://i.ytimg.com/vi/p35FvoNb1gc/default.jpg
0NdPaxjrpmM,Auftragsmorde und Drogenkartelle: Bandenkrieg in S√ºdfrankreichÔªø | ZDFinfo Doku,2022-12-28T17:00:01Z,UC7FeuS5wwfSR9IwOPkBV7SQ,ZDFinfo Dokus & Reportagen,2023-01-04T00:00:00Z,556467,6521,0,1188,https://i.ytimg.com/vi/0NdPaxjrpmM/default.jpg
Y3DuN1P2ReE,"Minecraft, But I Can't Leave This Chunk (#7)",2022-12-30T09:56:30Z,UCRlEFn0L2G_DktbyvN0AZ5A,WadZee,2023-01-04T00:00:00Z,1508805,106862,0,5623,https://i.ytimg.com/vi/Y3DuN1P2ReE/default.jpg
wH7YViYmY00,üá©üá™ Silvester Feuerwerk Einkaufstour am 29.12.2022 üî•üî•üî•,2022-12-29T14:39:06Z,UCZldkLPqjT2M1sSeVm51uwg,MrPyroManager,2023-01-04T00:00:00Z,336401,11366,0,1500,https://i.ytimg.com/vi/wH7YViYmY00/default.jpg
yqeirBfn2j4,15 Min. Yoga Stretch for Stress & Anxiety Relief | feel calm and relaxed right away,2022-12-29T07:00:14Z,UCHJBoCDxaCTRrwCHXEBA-BA,Mady Morrison,2023-01-04T00:00:00Z,242606,7062,0,363,https://i.ytimg.com/vi/yqeirBfn2j4/default.jpg
2b0ZzJrk8e8,Helene Fischer - Atemlos durch die Nacht (M√ºnchen 2022),2022-12-29T14:00:10Z,UCn3yU2bHX_8HMCfXOBTkXCg,Helene Fischer (Official),2023-01-04T00:00:00Z,182168,2508,0,187,https://i.ytimg.com/vi/2b0ZzJrk8e8/default.jpg
2Cr-1l-gMhM,B√∂llern ist Freiheit - Aufkl√§rung statt B√∂llerverbot‚îÉBrowser Ballett,2022-12-29T13:08:00Z,UC6zXbTQEujMO-5CzyywlVDQ,Browser Ballett,2023-01-04T00:00:00Z,123651,6400,0,534,https://i.ytimg.com/vi/2Cr-1l-gMhM/default.jpg
R5cx-2KUouE,Immer wieder Haaland! | Leeds United - Manchester City 1:3 | Highlights - Premier League 2022/23,2022-12-28T22:23:38Z,UCuOwl-VgqBHOzR8hWnonBcA,Sky Sport HD,2023-01-04T00:00:00Z,868849,17140,0,526,https://i.ytimg.com/vi/R5cx-2KUouE/default.jpg
94nxoFwmFiQ,Komplett Abriss! ü§Ø Die 7 vs Wild Party war zu krank üòÇ (Highlights),2022-12-29T10:25:35Z,UCrVOJT_lQtdm210lUREVIvw,Knossi-Stories,2023-01-04T00:00:00Z,320462,9010,0,625,https://i.ytimg.com/vi/94nxoFwmFiQ/default.jpg
beTLgihgpU8,"8 Dinge, die sich 2023 √§ndern",2022-12-28T13:00:22Z,UCZHpIFMfoJJ_1QxNGLJTzyA,MrWissen2go,2023-01-04T00:00:00Z,992448,36549,0,2554,https://i.ytimg.com/vi/beTLgihgpU8/default.jpg
VTUBbZ1SAjo,Schnelles Chicken Wings Rezept von Steffen Henssler,2022-12-31T08:00:15Z,UC6MePD-FOhqIelMJx-D99JQ,Hensslers Schnelle Nummer,2023-01-04T00:00:00Z,97218,3229,0,118,https://i.ytimg.com/vi/VTUBbZ1SAjo/default.jpg
VL4soinKYlE,"Sind B√∂ller, Raketen & Co. an Silvester noch zeitgem√§√ü? | Ausgerechnet | WDR",2022-12-28T17:00:15Z,UCn7wWR5KnpX_N6ZaBNuyVYw,WDR,2023-01-04T00:00:00Z,317389,4147,0,2426,https://i.ytimg.com/vi/VL4soinKYlE/default.jpg
c3dDagZMALQ,22 Problems Solved in 2022,2022-12-29T16:05:35Z,UC9RM-iSvTu1uPJb8X5yp3EQ,Wendover Productions,2023-01-04T00:00:00Z,891071,38486,0,2875,https://i.ytimg.com/vi/c3dDagZMALQ/default.jpg
AgiJvaz0UJ4,MARK FORSTER bei mir zu HAUSE! Wir schreiben n SONG (jetzt geh√∂rt er zur Familie),2022-12-28T14:00:05Z,UCNpP_PH0Uj8Ldc7INQ-ih_Q,Bulien Jam,2023-01-04T00:00:00Z,925125,73310,0,1173,https://i.ytimg.com/vi/AgiJvaz0UJ4/default.jpg
8LFKeHAJYXA,7 vs. Wild: Panama - King of the Jungle | Folge 16,2022-12-28T17:00:07Z,UCSyAFJ6cmgYabA0RfPCNuzA,Fritz Meinecke,2023-01-04T00:00:00Z,4114215,320470,0,17284,https://i.ytimg.com/vi/8LFKeHAJYXA/default.jpg
k2kWZemG1WE,"Krypto, #Bitcoin & Co: Revolution oder Spekulation? ‚Äì Leschs Kosmos [Ganze TV-Folge] |¬†Harald Lesch",2022-12-28T14:00:20Z,UC5E9-r42JlymhLPnDv2wHuA,Terra X Lesch & Co,2023-01-04T00:00:00Z,386371,10142,0,2195,https://i.ytimg.com/vi/k2kWZemG1WE/default.jpg
FsrbecGW4tk,Einfach nur Gaga! Clemens gelingt Mega-Comeback | SPORT1 - DARTS-WM,2022-12-28T06:00:06Z,UCPj_Vtw0hKnhJapQuATBUrA,SPORT1,2023-01-04T00:00:00Z,446012,7483,0,208,https://i.ytimg.com/vi/FsrbecGW4tk/default.jpg
MaK_QcKBTbg,BUTRINT IMERI - CIGAREN,2022-12-27T19:00:10Z,UCt5X7v-Tu5E9Zje9P0poZRA,AVD Digital,2023-01-04T00:00:00Z,4726212,57363,0,1788,https://i.ytimg.com/vi/MaK_QcKBTbg/default.jpg
Kp4lMxTThAs,TEA TAIROVIC - PLAKALA BIH I BEZ SUZA (COVER 2022),2022-12-28T15:14:28Z,UCYo2cFsn4NyVH3BF5PfzDkw,Tea Tairovic,2023-01-04T00:00:00Z,1756375,19860,0,599,https://i.ytimg.com/vi/Kp4lMxTThAs/default.jpg
7ZdU9Rebc8U,"Schul Dinge, die Ich NIE verstanden habe 2",2022-12-28T13:30:01Z,UC5fXKHt71tdFS4u5hq997pA,ein Holzkopf,2023-01-04T00:00:00Z,295181,25576,0,1048,https://i.ytimg.com/vi/7ZdU9Rebc8U/default.jpg
CIvp3DrIAlk,KABONGO DJ X VEGEDREAM - Merci les bleus  (lyrics video officielle),2022-12-28T15:02:43Z,UCBGPpIZG2IEkEOm_s8BOoQw,Vegedream,2023-01-04T00:00:00Z,2243180,117974,0,4135,https://i.ytimg.com/vi/CIvp3DrIAlk/default.jpg
6Ka3X_wlZLU,I Beat Minecraft in Antarctica,2022-12-29T21:31:40Z,UCrYrcFGGs_nke1MggS8Jvqg,Karl,2023-01-04T00:00:00Z,1957307,94069,0,4271,https://i.ytimg.com/vi/6Ka3X_wlZLU/default.jpg
ZtB5JOPK5-E,Attack Speed sein Urgro√üvater | Bounty of One KOOP! feat. @HandOfBlood,2022-12-28T16:00:24Z,UClBmiTKoJn6gT6WtJgsnhcg,Auch Sterzik,2023-01-04T00:00:00Z,96189,3649,0,98,https://i.ytimg.com/vi/ZtB5JOPK5-E/default.jpg
J9FSW0JpheQ,Wir reagieren auf LEAS ALTEN KANAL! (cringe 10000),2022-12-28T15:00:31Z,UC1eD3pqLeIKam4c3-UZrCiw,HeyMo!,2023-01-04T00:00:00Z,107424,6663,0,140,https://i.ytimg.com/vi/J9FSW0JpheQ/default.jpg
2FAbfpxlH6k,ATEEZ(ÏóêÏù¥Ìã∞Ï¶à) - 'HALAZIA' Official MV Teaser 2,2022-12-29T05:00:10Z,UCQdq-lqPEq_yZ_wP_kuVB9Q,KQ ENTERTAINMENT,2023-01-04T00:00:00Z,672738,71580,0,5241,https://i.ytimg.com/vi/2FAbfpxlH6k/default.jpg
mNhqm6bKUf0,ASMR Girl in the back of the Class Has a Big Crush On You!,2022-12-28T21:30:03Z,UCFmL725KKPx2URVPvH3Gp8w,ASMR Glow,2023-01-04T00:00:00Z,723383,26793,0,1899,https://i.ytimg.com/vi/mNhqm6bKUf0/default.jpg
nBOEwmDxjfU,"KNICKS at MAVERICKS | FULL GAME HIGHLIGHTS | December 27, 2022",2022-12-28T04:27:43Z,UCWJ2lWNubArHWmf3FIHbfcQ,NBA,2023-01-04T00:00:00Z,1787803,30638,0,2934,https://i.ytimg.com/vi/nBOEwmDxjfU/default.jpg
yGL8rpGWMPI,Mein Jahresr√ºckblick 2022,2022-12-28T14:15:49Z,UCs33ZUq-3M7WPOyyRhgspeA,Annikazion,2023-01-04T00:00:00Z,83720,6596,0,186,https://i.ytimg.com/vi/yGL8rpGWMPI/default.jpg
LUlMWWCfZI4,BILD zerst√∂rt Aktivisten (Vorsicht: Cringe),2022-12-28T16:00:09Z,UCFgBYlz5LwymPSWBX-G6hBA,2 Bored Guys,2023-01-04T00:00:00Z,139355,13425,0,765,https://i.ytimg.com/vi/LUlMWWCfZI4/default.jpg
JsfhPerez2Q,is 90s thinness coming back?,2022-12-28T17:32:45Z,UCoOss5XiPpnLHGmLrBvNkJg,Mina Le,2023-01-04T00:00:00Z,749060,44279,0,3246,https://i.ytimg.com/vi/JsfhPerez2Q/default.jpg
63EfrFXjCFc,Magic-Pistons altercation results in multiple ejections | NBA on ESPN,2022-12-29T01:29:34Z,UCiWLfSweyRNmLpgEHekhoAg,ESPN,2023-01-04T00:00:00Z,883083,5135,0,2774,https://i.ytimg.com/vi/63EfrFXjCFc/default.jpg
v-9Ig3O_bPc,Wohnung gesucht mit Down-Syndrom | Marie will alles | 4/4 | WDR Doku,2022-12-29T17:00:36Z,UCUuab1dctZzN5ZmRmQnTzkg,WDR Doku,2023-01-04T00:00:00Z,175582,3761,0,281,https://i.ytimg.com/vi/v-9Ig3O_bPc/default.jpg
ztsIAWuMr3c,Hundeschlitten UNFALL? | Nerd in the Dirt - Folge 2,2022-12-28T09:00:35Z,UC6Gc4KQ1ueDnh8x7plaAD3w,Trymacs,2023-01-04T00:00:00Z,789321,57551,0,1615,https://i.ytimg.com/vi/ztsIAWuMr3c/default.jpg
olDiOVls8WY,Klaas schockt Sven Hannawald mit gef√§hrlichstem Radrennen der Welt | Duell um die Welt |,2022-12-27T15:00:24Z,UCmoa-beOd9dBmZIiLVXB8Bw,Joko & Klaas,2023-01-04T00:00:00Z,551150,10006,0,480,https://i.ytimg.com/vi/olDiOVls8WY/default.jpg
TG8mN-nmsS8,"@Halle77 VW Bus T3 | Schiebet√ºr, die Fortsetzung | Kleber ist trocken | Wie geht es weiter?",2022-12-28T18:00:08Z,UCB49IVzJuNpjY8OVthe5dwQ,Garage 76,2023-01-04T00:00:00Z,58578,4907,0,321,https://i.ytimg.com/vi/TG8mN-nmsS8/default.jpg
1InQxERWZEQ,2022 war zu wild,2022-12-27T18:00:25Z,UCKGMHVipEvuZudhHD05FOYA,Simplicissimus,2023-01-04T00:00:00Z,477014,49694,0,2257,https://i.ytimg.com/vi/1InQxERWZEQ/default.jpg
1DuA7yEPjN4,Polenb√∂ller: Lebensgef√§hrliches Feuerwerk an Silvester | D√ºrfen Die Das? | NDR,2022-12-27T16:11:43Z,UCAKB9wGGRccBDrvbbbmgetw,NDR Ratgeber,2023-01-04T00:00:00Z,296705,4854,0,1707,https://i.ytimg.com/vi/1DuA7yEPjN4/default.jpg
_1NuPFnuvEc,WayV Â®ÅÁ•ûV 'Phantom' MV,2022-12-28T09:00:17Z,UCEf_Bc-KVd7onSeifS3py9g,SMTOWN,2023-01-04T00:00:00Z,3141063,424530,0,46844,https://i.ytimg.com/vi/_1NuPFnuvEc/default.jpg
LogNuRTShKY,"Let's talk about Temptation, Baby! üêç mit Calvin üî• | #13 | Temptation Island VIP",2022-12-27T08:00:07Z,UCicCAjGusiS6tnurN74wrEA,Temptation Island,2023-01-04T00:00:00Z,287505,6420,0,737,https://i.ytimg.com/vi/LogNuRTShKY/default.jpg
SUty6XyVvD0,J√ºrgen von der Lippe - Porno r√ºckw√§rts,2022-12-27T19:27:19Z,UCBZXnHidY0rYhDprCBXNo9A,J√ºrgen von der Lippe,2023-01-04T00:00:00Z,293534,5872,0,136,https://i.ytimg.com/vi/SUty6XyVvD0/default.jpg
JvQs8c4jpvY,LiDiRo reagiert auf SANTA der BOSS: Ein Sturm zieht auf (+Song) | Julien Bam,2022-12-24T16:01:16Z,UCE5rBWLmUEfQmKn_-bb9D5Q,DiLiRo,2023-01-04T00:00:00Z,276071,17356,0,320,https://i.ytimg.com/vi/JvQs8c4jpvY/default.jpg
jEzUuwqf_ZU,VOYAGE - LA LA LA (OFFICIAL VIDEO),2022-12-27T12:00:11Z,UCcF7lkZqxzI2asePTbksVdA,IDJVideos.TV,2023-01-04T00:00:00Z,2592277,78806,0,2772,https://i.ytimg.com/vi/jEzUuwqf_ZU/default.jpg
qXJ0FRHHEZI,We Raced To Visit The Most US States In 100 Hrs - Day 3,2022-12-28T15:31:33Z,UCxkM67T_Iele-mRVUiBkRqg,Jet Lag: The Game,2023-01-04T00:00:00Z,601656,21451,0,1642,https://i.ytimg.com/vi/qXJ0FRHHEZI/default.jpg
rOPrCxs0itE,LUKA MAGIC!‚ú® Luka Doncic posts FIRST EVER 60-20-10 triple-double in HISTORIC comeback | SportsCenter,2022-12-28T05:27:59Z,UCiWLfSweyRNmLpgEHekhoAg,ESPN,2023-01-04T00:00:00Z,900407,9776,0,1495,https://i.ytimg.com/vi/rOPrCxs0itE/default.jpg
w9B6G8Vty8s,EGG DROP - I Did A Thing vs William Osman,2022-12-28T14:01:28Z,UCfMJ2MchTSW2kWaT0kK94Yw,William Osman,2023-01-04T00:00:00Z,1132918,69134,0,2333,https://i.ytimg.com/vi/w9B6G8Vty8s/default.jpg
Lr_YsshAPx4,Geschenkschleife basteln mit Papier üéÄ Leichte Schleife basteln um Weihnachtsgeschenke zu dekorieren.,2022-12-22T16:09:00Z,UCtkd62HsnkCr6INcVexlsnw,Basteln,2023-01-04T00:00:00Z,189993,104,0,2,https://i.ytimg.com/vi/Lr_YsshAPx4/default.jpg
IDntoic3PiE,ATEEZ(ÏóêÏù¥Ìã∞Ï¶à) - 'HALAZIA' Official MV Teaser 1,2022-12-28T05:00:04Z,UCQdq-lqPEq_yZ_wP_kuVB9Q,KQ ENTERTAINMENT,2023-01-04T00:00:00Z,821677,78300,0,3487,https://i.ytimg.com/vi/IDntoic3PiE/default.jpg
F5N-tq1cYds,Was ist deine Lieblingsstellung? üòÇüò±üî• Reeperbahn Stra√üenumfrage,2022-12-26T10:24:15Z,UCMVpeJ6VSCrp8WB2JA0pF-g,Thats.M.E,2023-01-04T00:00:00Z,1012690,33255,0,605,https://i.ytimg.com/vi/F5N-tq1cYds/default.jpg
i_VE5sGhjJM,Er ist da! | Fendt 939 Generation 7 (Fendt One) | Black Beauty | Farming Week,2022-12-27T17:31:53Z,UCzLfMn361BBVGwMKqbj0Bcg,TwitchFarming,2023-01-04T00:00:00Z,207318,4399,0,338,https://i.ytimg.com/vi/i_VE5sGhjJM/default.jpg
2j0-krGT-dw,Schnelles K√∂fte Rezept von Steffen Henssler,2022-12-29T08:00:00Z,UC6MePD-FOhqIelMJx-D99JQ,Hensslers Schnelle Nummer,2023-01-04T00:00:00Z,113422,3242,0,187,https://i.ytimg.com/vi/2j0-krGT-dw/default.jpg
PLDFgKzWy3o,"2022, in 7 minutes",2022-12-27T13:00:20Z,UCLXo7UDZvByw2ixzpQCufnA,Vox,2023-01-04T00:00:00Z,4335468,263434,0,12348,https://i.ytimg.com/vi/PLDFgKzWy3o/default.jpg
QdIQ9MDp0lw,"Please, pass the ball! ü§£ | Sadio Man√©'s German lesson | FC Bayern",2022-12-27T11:43:46Z,UCZkcxFIsqW5htimoUQKA0iA,FC Bayern M√ºnchen,2023-01-04T00:00:00Z,437500,17569,0,671,https://i.ytimg.com/vi/QdIQ9MDp0lw/default.jpg
l0dzm7OqUgg,"Drecks Schrankaufbau: Lack inhalieren, mehrer Nervenzusammenbr√ºche kriegen! (Wir brauchen Therapie)",2022-12-27T16:01:04Z,UC-be6zeJzhz-bnv-PIxCemg,Anni The Duck,2023-01-04T00:00:00Z,114513,8269,0,282,https://i.ytimg.com/vi/l0dzm7OqUgg/default.jpg
7iGmx9QAyxw,H√§rteste Expedition unseres Lebens! | Nerd in the Dirt - Folge 1,2022-12-26T09:00:03Z,UC6Gc4KQ1ueDnh8x7plaAD3w,Trymacs,2023-01-04T00:00:00Z,1123134,95843,0,2719,https://i.ytimg.com/vi/7iGmx9QAyxw/default.jpg
nHXZcJJqSw0,Online Liebe: Jetzt wird geheiratet! | Wie weit kann Liebe gehen? #7,2022-12-27T14:00:30Z,UC5sgxwQGzW8BFTqLSMrklJw,Die Frage,2023-01-04T00:00:00Z,96127,2210,0,310,https://i.ytimg.com/vi/nHXZcJJqSw0/default.jpg
n60hCulK9sQ,Dieser Fehler hat meinen Tesla gekillt üò¢,2022-12-27T17:13:57Z,UC3rz4cx41jWj7shRBTetzkw,Elektrisiert,2023-01-04T00:00:00Z,71036,3334,0,386,https://i.ytimg.com/vi/n60hCulK9sQ/default.jpg
2G5f7U-yI1Y,"Zuckerverzicht: Ver√§nderungen & Folgen f√ºr Ihren K√∂rper nach 7, 30 und 365 Tagen - Das bringt es!",2022-12-26T16:15:00Z,UC-Ivlaz1y9TToFnpzmA7adw,DoktorWeigl,2023-01-04T00:00:00Z,405800,9490,0,1070,https://i.ytimg.com/vi/2G5f7U-yI1Y/default.jpg
G-OlRZDy5bc,Devils-Sturm zaubert im Regen! | Manchester United - Nottingham Forest | Highlights - Premier League,2022-12-27T22:24:34Z,UCuOwl-VgqBHOzR8hWnonBcA,Sky Sport HD,2023-01-04T00:00:00Z,502058,10273,0,441,https://i.ytimg.com/vi/G-OlRZDy5bc/default.jpg
D9f1gGal9HE,Havertz mit Traumstart nach der Pause! | FC Chelsea - Bournemouth 2:0 | Highlights - Premier League,2022-12-27T20:03:49Z,UCuOwl-VgqBHOzR8hWnonBcA,Sky Sport HD,2023-01-04T00:00:00Z,364846,6819,0,170,https://i.ytimg.com/vi/D9f1gGal9HE/default.jpg
XVF02KP-ASQ,"Arm in der Platte, reich in der Villa | Doku",2022-12-26T16:00:19Z,UCZOM0CqaJ5njZB_O-RyQSsw,MDR Investigativ,2023-01-04T00:00:00Z,380354,2261,0,813,https://i.ytimg.com/vi/XVF02KP-ASQ/default.jpg
UoMVXfxpLsg,Game Theory: You Are NOT The Hero Of Poppy Playtime (Project Playtime),2022-12-27T19:05:04Z,UCo_IB5145EVNcf8hw1Kku7w,The Game Theorists,2023-01-04T00:00:00Z,2825194,155539,0,7749,https://i.ytimg.com/vi/UoMVXfxpLsg/default.jpg
Ma9ASvGCrIA,IN DER WEIHNACHTSB√ÑCKEREI (SONG) ‚éÆ Younes Jones,2022-12-27T15:00:09Z,UCrPRmXwDFfiKQNr-CT-uShQ,Younes Jones,2023-01-04T00:00:00Z,97673,2863,0,186,https://i.ytimg.com/vi/Ma9ASvGCrIA/default.jpg
J4HXd8tepX4,Undercover bei Klima-Klebern | Darum ist das Video gescheitert,2022-12-26T14:41:17Z,UC5GRnOZTvP7cvmCVQQnjiBQ,Marvins Zweitkanal,2023-01-04T00:00:00Z,98746,6816,0,378,https://i.ytimg.com/vi/J4HXd8tepX4/default.jpg
kBTMaRUwOzg,What Parts of New York State Look Like After Record Winter Storm | Insider News,2022-12-27T19:44:50Z,UCHjm6wybRbldhqveS7c2WTA,Insider News,2023-01-04T00:00:00Z,1747351,7034,0,2104,https://i.ytimg.com/vi/kBTMaRUwOzg/default.jpg
sc6vH4qDvtw,Star Wars: The Bad Batch Season 2 | Mission | Disney+,2022-12-27T20:00:23Z,UCZGYJFUizSax-yElQaFDp5Q,Star Wars,2023-01-04T00:00:00Z,938058,24081,0,986,https://i.ytimg.com/vi/sc6vH4qDvtw/default.jpg
_ps-eYat1WI,21 Most Annoying Pok√©mon to Evolve,2022-12-27T18:58:31Z,UCSAYHSNaY5_UEol4_frPurg,MandJTV,2023-01-04T00:00:00Z,1179229,41246,0,4606,https://i.ytimg.com/vi/_ps-eYat1WI/default.jpg
Yt0lDiIkQTA,Wieso kuschelt Joko mit einem Kaktus? Meister-Schmuggler Joko & Klaas | Duell um die Welt,2022-12-27T13:00:17Z,UCmoa-beOd9dBmZIiLVXB8Bw,Joko & Klaas,2023-01-04T00:00:00Z,222420,4024,0,191,https://i.ytimg.com/vi/Yt0lDiIkQTA/default.jpg
xfnpBEa89Xo,Die Deutsche Bahn und die Versp√§tungen | ARTE Re:,2022-12-27T11:00:27Z,UCLLibJTCy3sXjHLVaDimnpQ,ARTEde,2023-01-04T00:00:00Z,405467,5941,0,2258,https://i.ytimg.com/vi/xfnpBEa89Xo/default.jpg
1nLHIM2IPRY,I Asked An Actual Apollo Engineer to Explain the Saturn 5 Rocket - Smarter Every Day 280,2022-12-26T23:14:29Z,UC6107grRI4m0o2-emgoDnAA,SmarterEveryDay,2023-01-04T00:00:00Z,1802166,63823,0,5058,https://i.ytimg.com/vi/1nLHIM2IPRY/default.jpg
ka8We7nvS8I,MEIN WEIHNACHTEN 2022  üéÖüèº NOCH MEHR GESCHENKE üéÅ ASH,2022-12-26T14:34:40Z,UCsXNJS4rYNWKbhYAS0x6q3w,Ash,2023-01-04T00:00:00Z,91716,3634,0,155,https://i.ytimg.com/vi/ka8We7nvS8I/default.jpg
gbCtMqbMLmM,OUTTAKES: SANTA der BOSS: Ein Sturm zieht auf,2022-12-25T11:00:20Z,UCNpP_PH0Uj8Ldc7INQ-ih_Q,Bulien Jam,2023-01-04T00:00:00Z,702013,81599,0,1144,https://i.ytimg.com/vi/gbCtMqbMLmM/default.jpg
KivZieyf3b0,10 million subs elbow reveal,2022-12-25T20:00:10Z,UCFAiFyGs6oDiF1Nf-rRJpZA,Technoblade,2023-01-04T00:00:00Z,9179052,1092392,0,94343,https://i.ytimg.com/vi/KivZieyf3b0/default.jpg
MSuhaJww738,Die ZERST√ñRUNG von KLAUS SCHWAB und dem GREAT RESET DOGMA! Teil 2,2022-12-25T13:38:11Z,UCpV9LpCg4uwYCQZ3qoEn_YQ,Aktien mit Kopf,2023-01-04T00:00:00Z,426700,26864,0,3496,https://i.ytimg.com/vi/MSuhaJww738/default.jpg
mmUhDa0ICCM,YOUTUBER gefangen im ALPHACLAN GEF√ÑNGNIS !!!,2022-12-28T07:31:00Z,UCBAwb75eZSj7w0MeS9ngLtg,Russik,2023-01-04T00:00:00Z,86032,3288,0,615,https://i.ytimg.com/vi/mmUhDa0ICCM/default.jpg
WLguOjp1HIY,[SPOILER 1071] OMG...ES WIRD ERNST!,2022-12-28T07:53:35Z,UCA1JxVLHHGl1LMlvYPrXzQA,One Piece Theoretiker,2023-01-04T00:00:00Z,107330,3854,0,430,https://i.ytimg.com/vi/WLguOjp1HIY/default.jpg
kYEkKwNd6RE,"Temptation Island VIP 2022 WIEDERSEHEN: Die LETZTE ABRECHNUNG von Christina, Aleks & Vanessa",2022-12-26T23:02:22Z,UCd8hH-tW1-y7B6S8BjAH_dA,Ramon Wagner,2023-01-04T00:00:00Z,133641,2537,0,638,https://i.ytimg.com/vi/kYEkKwNd6RE/default.jpg
UuF9qg3lZXo,Weihnachten 2022 - Bescherung - Geschenke - Riesengro√üe √úberraschung üéÖ TipTapTube,2022-12-25T13:39:03Z,UCLptnohX62GV_vEEC1lSTgQ,TipTapTube,2023-01-04T00:00:00Z,243851,8166,0,389,https://i.ytimg.com/vi/UuF9qg3lZXo/default.jpg
RFiGxJZND00,BRESKVICA - LOS (OFFICIAL VIDEO),2022-12-25T14:00:08Z,UCBiMpZjlU-V37dA7LePHVFQ,Generacija Zed,2023-01-04T00:00:00Z,4636718,57602,0,1951,https://i.ytimg.com/vi/RFiGxJZND00/default.jpg
O-dTd_00lgA,GTA 5 - CHOO-CHOO CHARLES zu GOTT CHARLES upgraden!!,2022-12-26T12:37:54Z,UCtbmy36Z0gtHoJVDQZtBAuA,IDzock,2023-01-04T00:00:00Z,182027,11029,0,237,https://i.ytimg.com/vi/O-dTd_00lgA/default.jpg
LpZBYlK5GKY,Zwingt Dennis seinen Bruder Benni zu Extrem-Piercing in Ekelkeller? | Duell um die Welt |,2022-12-26T21:30:01Z,UCmoa-beOd9dBmZIiLVXB8Bw,Joko & Klaas,2023-01-04T00:00:00Z,291158,7122,0,324,https://i.ytimg.com/vi/LpZBYlK5GKY/default.jpg
E4_5HNMLkIk,I tried the world's biggest climbing gym    //   With Alexis Landot,2022-12-26T18:24:39Z,UC_gSotrFVZ_PiAxo3fTQVuQ,Magnus Midtb√∏,2023-01-04T00:00:00Z,644532,18930,0,1018,https://i.ytimg.com/vi/E4_5HNMLkIk/default.jpg
Y5pBkYb0jSw,Kim Kardashian | Angie Martinez IRL Podcast,2022-12-26T18:55:06Z,UC9yRXKq58_XkpeOcKjwqyjA,Angie Martinez,2023-01-04T00:00:00Z,1255024,30072,0,5616,https://i.ytimg.com/vi/Y5pBkYb0jSw/default.jpg
_cdGKiXsQ8o,Escape from Tarkov Beta - 0.13 Patch trailer (feat. the Streets of Tarkov),2022-12-26T20:13:09Z,UC5QGploHhl9_XaxDiHZKamg,Battlestate,2023-01-04T00:00:00Z,877563,37911,0,3713,https://i.ytimg.com/vi/_cdGKiXsQ8o/default.jpg
L6PYiBwba1M,I tried 2-ingredient recipes I found on Tik Tok (ew?),2022-12-25T16:00:07Z,UC2qn0BbyTywWCuAy1f1ecfg,Naomi Jon,2023-01-04T00:00:00Z,1025550,68269,0,1394,https://i.ytimg.com/vi/L6PYiBwba1M/default.jpg
m6DtyQ1ZP5k,Diese Kameras und Objektive kommen in 2023,2022-12-26T11:18:53Z,UC49whJg4qljZoV8vH6R7H-A,Stephan Wiesner,2023-01-04T00:00:00Z,54993,2733,0,299,https://i.ytimg.com/vi/m6DtyQ1ZP5k/default.jpg
vhqlxs9GtGs,Welche neuen 'Influencer Produkte' schlecht sind,2022-12-26T18:26:01Z,UCc1mI4jmjd7jE4nG9EzCCYg,SELTIX,2023-01-04T00:00:00Z,130026,12324,0,301,https://i.ytimg.com/vi/vhqlxs9GtGs/default.jpg
3DaFOa8FgOA,Part 2 Trailer | BLEACH: Thousand-Year Blood War - The Separation PV | VIZ,2022-12-26T17:04:21Z,UCV1da9peoqEwqr45bpTJsbQ,vizmedia,2023-01-04T00:00:00Z,1848595,61130,0,2862,https://i.ytimg.com/vi/3DaFOa8FgOA/default.jpg
gu93e6Lc_S8,Istanbul Vlog mit Ege,2022-12-26T17:47:31Z,UC0iaUEWevQB9EifDzRWKtBQ,Nihan,2023-01-04T00:00:00Z,52208,1747,0,121,https://i.ytimg.com/vi/gu93e6Lc_S8/default.jpg
0J9ZTPKxNx0,Fenerbah√ße - A. Hatayspor (4-0) Highlights/√ñzet | Spor Toto S√ºper Lig - 2022/23,2022-12-27T20:59:00Z,UCPe9vNjHF1kEExT5kHwc7aw,beIN SPORTS T√ºrkiye,2023-01-04T00:00:00Z,115877,1743,0,310,https://i.ytimg.com/vi/0J9ZTPKxNx0/default.jpg
Im5RBLNcRko,"Weniger Mitarbeiter, neue Partner und √ñffnungszeiten | Das wird sich 2023 √§ndern",2022-12-26T17:02:00Z,UCMx67Q1xiYdoN5WeYPveANw,DER KIOSK,2023-01-04T00:00:00Z,38614,1772,0,92,https://i.ytimg.com/vi/Im5RBLNcRko/default.jpg
7IKab3HcfFk,I Survived 50 Hours In Antarctica,2022-12-24T20:59:59Z,UCX6OQ3DkcsbYNE6H8uQQuVA,MrBeast,2023-01-04T00:00:00Z,66815857,3207242,0,114569,https://i.ytimg.com/vi/7IKab3HcfFk/default.jpg
NiA4KL0JKTM,5 Minuten Harry Podcast #26 - Es ist zu einfach,2022-12-24T11:00:10Z,UCDIDXF4WM1qQzerrxeEfSdA,coldmirror,2023-01-04T00:00:00Z,724566,48869,0,4177,https://i.ytimg.com/vi/NiA4KL0JKTM/default.jpg
K3OFzBEZuyM,The day this massive streamer almost died on stream - I spent a day with QTCinderella,2022-12-26T19:33:31Z,UCPJHQ5_DLtxZ1gzBvZE99_g,AnthonyPadilla,2023-01-04T00:00:00Z,954026,75915,0,3745,https://i.ytimg.com/vi/K3OFzBEZuyM/default.jpg
ejFtv8Fodu8,Wintersturm Elliott: K√§ltewelle l√§hmt weiter Teile der USA  | BR24,2022-12-25T18:46:52Z,UCcweJsCV2TUP_kzMX25U-oQ,BR24,2023-01-04T00:00:00Z,438460,1124,0,0,https://i.ytimg.com/vi/ejFtv8Fodu8/default.jpg
