qNpHsPWD3tI,La sombre histoire de la meÃÅthampheÃÅtamine !,2023-01-03T17:00:01Z,UCWnfDPdZw6A23UtuBpYBbAg,Dr Nozman,2023-01-04T00:00:00Z,378393,27377,0,1036,https://i.ytimg.com/vi/qNpHsPWD3tI/default.jpg
4QEZPRSxUZc,Une l√©gende nous a quitt√©s : l‚Äôhommage √† Ken Block - Automoto Express #305,2023-01-03T18:23:06Z,UC0Dt2F2e-EEIj1vg_hvFTdQ,Automoto,2023-01-04T00:00:00Z,155715,8997,0,700,https://i.ytimg.com/vi/4QEZPRSxUZc/default.jpg
xyf_ZSbprL8,Le repas le plus Long de l'Histoire ! (le mac and cheese √† la truffe est une dinguerie),2023-01-03T16:00:35Z,UCv7qvz1OqnedUcBjFZayHXQ,Chef Verrecchia,2023-01-04T00:00:00Z,209245,10451,0,180,https://i.ytimg.com/vi/xyf_ZSbprL8/default.jpg
mLZEJLHeJYI,"Danielle pi√©g√©e pendant 6 mois (feat Joyca, Jimmy Labeeu, GMK, Momo Henni)",2023-01-02T16:02:33Z,UC1iLfWw_KN-UrEDLSdd3L_A,Studio Danielle,2023-01-04T00:00:00Z,824373,47211,0,770,https://i.ytimg.com/vi/mLZEJLHeJYI/default.jpg
hdq9OHbXLSo,"Tu perds, t‚Äôas un GAGE EXTR√äME Sp√©cial Nouvel An ! (Ft. Les¬†Cro√ªtons)",2023-01-01T17:01:50Z,UCo3i0nUzZjjLuM7VjAVz4zA,Michou,2023-01-04T00:00:00Z,2134267,149108,0,2574,https://i.ytimg.com/vi/hdq9OHbXLSo/default.jpg
5phjqy-IXjo,LE PIRE STREAM DE MA VIE,2023-01-03T17:00:03Z,UC-bQgl7oy_rEk05rNWYXafA,Kameto,2023-01-04T00:00:00Z,184766,12003,0,96,https://i.ytimg.com/vi/5phjqy-IXjo/default.jpg
Lkg6rTBd_po,Tout cuire Sous-Vide c'est possible?,2023-01-03T16:02:04Z,UC71wXCoTvVy63AW2s0jdwvw,Gurky,2023-01-04T00:00:00Z,217212,11132,0,225,https://i.ytimg.com/vi/Lkg6rTBd_po/default.jpg
LfqVVOsQ9Wg,BONNE ANN√âE HENRY ! (Sign√© : ton fr√®re qui t‚Äôaime),2023-01-02T19:40:05Z,UC3DVTbnJNVFbDq1gVLVFdvw,Henry Tran,2023-01-04T00:00:00Z,666557,94972,0,2665,https://i.ytimg.com/vi/LfqVVOsQ9Wg/default.jpg
AlEzvJkB4KM,Dakar 2023 - √âtape 3 : R√©sum√© auto/moto,2023-01-03T19:22:48Z,UCRm-DLbhzojKd10edotYxMg,France tv sport,2023-01-04T00:00:00Z,123846,2607,0,69,https://i.ytimg.com/vi/AlEzvJkB4KM/default.jpg
I_dooxUEhbw,Un mois pour perdre un maximum de gras,2023-01-02T16:00:12Z,UCC_r3spMB5i5QKgtdNVO0OQ,Pierre Croce,2023-01-04T00:00:00Z,834706,60355,0,1106,https://i.ytimg.com/vi/I_dooxUEhbw/default.jpg
bwzeqRt8dNs,Jancovici : R√©chauffement climatique : bient√¥t la fin des saisons ? - Yves Calvi - 02/01/2023,2023-01-03T22:14:13Z,UCNovJemYKcdKt7PDdptJZfQ,Jean-Marc Jancovici,2023-01-04T00:00:00Z,46620,2034,0,500,https://i.ytimg.com/vi/bwzeqRt8dNs/default.jpg
wYxeFOczOv8,Dakar 2023 - √âtape 2 : R√©sum√© auto/moto,2023-01-02T19:27:40Z,UCRm-DLbhzojKd10edotYxMg,France tv sport,2023-01-04T00:00:00Z,217271,3239,0,127,https://i.ytimg.com/vi/wYxeFOczOv8/default.jpg
TJc03EKKU8c,Cyprien: Parlons Des Raisons De Son Flop (Et Pourquoi C'est Positif),2023-01-03T15:41:25Z,UCBZiV7nzkE4jzk8uEqhZwqA,Sir Gisby,2023-01-04T00:00:00Z,109530,8946,0,263,https://i.ytimg.com/vi/TJc03EKKU8c/default.jpg
HeAituWMZGA,Kylian Mbapp√© a fait sensation dans les tribunes de la NBA,2023-01-03T11:02:00Z,UC9GGzAhhvhJO1hL10-BcgNA,LeHuffPost,2023-01-04T00:00:00Z,243590,3751,0,503,https://i.ytimg.com/vi/HeAituWMZGA/default.jpg
1j34BbdK2F8,"205 VR6 T, Elle est l√†",2023-01-03T18:21:44Z,UCYLWGBcV68TqXFajwe87DRA,Mad forged Motor,2023-01-04T00:00:00Z,28321,2487,0,357,https://i.ytimg.com/vi/1j34BbdK2F8/default.jpg
HukrhgJc8RY,JE MONTE DES VRAIES CHEMIN√âES SUR MON SCANIA V8,2023-01-03T18:07:56Z,UCZVYr14sp_JxoEWYWBLIESA,NUTS MOTORS,2023-01-04T00:00:00Z,27071,3014,0,227,https://i.ytimg.com/vi/HukrhgJc8RY/default.jpg
yiul7rsJDN8,Faut-il fuir les exchanges ? | Bonne ann√©e 2023,2023-01-03T17:19:38Z,UChlTcWDE8gd4tsl_L727NrQ,Hasheur,2023-01-04T00:00:00Z,31567,3003,0,942,https://i.ytimg.com/vi/yiul7rsJDN8/default.jpg
Rz2OxW2x4_4,V≈ìux de Pap Ndiaye pour 2023,2023-01-02T09:01:36Z,UChlY6SRpLSk-c1lHirAnXtg,√âducation France,2023-01-04T00:00:00Z,46025,0,0,0,https://i.ytimg.com/vi/Rz2OxW2x4_4/default.jpg
rFZ2hVbvXNs,√âTOIL√â ou SURGEL√â ? (le jeu de d√©gustation IMPOSSIBLE) #3 üá®üá¶,2023-01-01T16:25:00Z,UCgvqvBoSHB1ctlyyhoHrGwQ,Amixem,2023-01-04T00:00:00Z,2512273,190313,0,5441,https://i.ytimg.com/vi/rFZ2hVbvXNs/default.jpg
2yVrWk9WQ2s,Omar Sy : L'interview face cach√©e,2023-01-01T19:05:27Z,UCUo1RqYV8tGjV38sQ8S5p9A,HugoD√©crypte,2023-01-04T00:00:00Z,442415,24236,0,659,https://i.ytimg.com/vi/2yVrWk9WQ2s/default.jpg
UMkKrVpyLJo,Hassan - Coeur Noir (Clip Officiel),2023-01-03T18:50:07Z,UCdHnhKSsy1yGGZz4DSkOrJQ,Hassan,2023-01-04T00:00:00Z,274414,22595,0,1557,https://i.ytimg.com/vi/UMkKrVpyLJo/default.jpg
oPkA9H1gJWM,Perspectives 2023 : Attachez vos ceintures !,2023-01-03T14:15:02Z,UCX0IqCxHb4xhdE9QPixAlfg,Marc Touati,2023-01-04T00:00:00Z,58199,3332,0,432,https://i.ytimg.com/vi/oPkA9H1gJWM/default.jpg
us3F8r0X3Ek,Ma PREMI√àRE COURSE sur GLACE √©tait FOLLE ! (coucou Seb Loeb) | MSA#019,2023-01-03T17:00:35Z,UCyPV2XiTRB_VuJqRAPfHAiQ,Romain Monti,2023-01-04T00:00:00Z,28193,2763,0,230,https://i.ytimg.com/vi/us3F8r0X3Ek/default.jpg
DnL1q7cZIpQ,J'ai trich√© avec des LEGO Minecraft en Build Battle..,2023-01-03T16:30:02Z,UCXNZ1paNrOtUj2gIECn5n9g,Invisible Man,2023-01-04T00:00:00Z,53267,3201,0,256,https://i.ytimg.com/vi/DnL1q7cZIpQ/default.jpg
04ym2IlpUXU,Les Bodin's rendent visite √† Emma et Fabien [Sc√®nes de m√©nages],2023-01-01T21:21:03Z,UCzyxOmzdkE6ym4U_ATLhVag,Les Bodin's - Officiel,2023-01-04T00:00:00Z,285852,2461,0,65,https://i.ytimg.com/vi/04ym2IlpUXU/default.jpg
ec7FleG4WyY,R√©sum√© 17√®me journ√©e - Ligue 1 Uber Eats / 2022-2023,2023-01-03T02:00:37Z,UCQsH5XtIc9hONE1BQjucM0g,Ligue 1 Uber Eats,2023-01-04T00:00:00Z,388430,7870,0,189,https://i.ytimg.com/vi/ec7FleG4WyY/default.jpg
nQdnzKw6UAs,SEVEN CONSECUTIVE OLD TRAFFORD WINS! üî• | Man Utd 3-0 Bournemouth | Highlights,2023-01-04T00:00:21Z,UC6yW44UGJJBvYTlfC7CRg2Q,Manchester United,2023-01-04T00:00:00Z,2763642,80272,0,1985,https://i.ytimg.com/vi/nQdnzKw6UAs/default.jpg
C5iUX3fa52c,"L‚Äôoverdose des jeunes au travail, C√©line Dion, la Chine r√©pond‚Ä¶ Actus du jour",2023-01-03T21:00:05Z,UCAcAnMF0OrCtUep3Y4M-ZPw,HugoD√©crypte - Actus du jour,2023-01-04T00:00:00Z,247159,9359,0,948,https://i.ytimg.com/vi/C5iUX3fa52c/default.jpg
rrcWc-77KX0,Mig - Pas de ralentir 3 (Clip Officiel),2023-01-01T11:00:29Z,UCeK5X84-Bkg_YNUCvrzJyWQ,MIG,2023-01-04T00:00:00Z,531703,35062,0,1200,https://i.ytimg.com/vi/rrcWc-77KX0/default.jpg
RryELkLiZO4,Coulage des plots b√©ton pour l'extension du hangar - 2023,2023-01-03T06:30:04Z,UC3l2JpG0vN8xMkvvfCwavcQ,Cha√Æne Agricole,2023-01-04T00:00:00Z,46325,4756,0,114,https://i.ytimg.com/vi/RryELkLiZO4/default.jpg
oTi00ML4pT4,en 2023 faut arreÃÇter tout √ßa...,2023-01-01T13:02:57Z,UCaNbR_-YuhhqVm6OQk_TPbg,JohanPapz,2023-01-04T00:00:00Z,665782,52447,0,592,https://i.ytimg.com/vi/oTi00ML4pT4/default.jpg
HhbNue81zaA,PETIT TOUR DES M3 & M4 DU BON COIN !,2023-01-03T16:00:08Z,UC84Qvq7qfKcaeCxnPsDD59A,AKR GANG,2023-01-04T00:00:00Z,27984,1407,0,57,https://i.ytimg.com/vi/HhbNue81zaA/default.jpg
iwuE_TXhOV8,[EXCLU] MattKe - FREE KOBA ! (Partigui) #Plan√®teRap,2023-01-02T20:00:10Z,UC5BYACI8gIm3wDlVnhKFG5A,SkyrockFM,2023-01-04T00:00:00Z,152780,7327,0,277,https://i.ytimg.com/vi/iwuE_TXhOV8/default.jpg
uPyfcZmwCKM,A qui appartient cette r√©solution ? (le plus gros fou rire de ma cha√Æne),2023-01-03T17:30:31Z,UCC41LOM2xam1mheSAGIv_rg,Ala√Øa,2023-01-04T00:00:00Z,63068,5646,0,78,https://i.ytimg.com/vi/uPyfcZmwCKM/default.jpg
44t6gq-rPiQ,Le r√©sum√© de Manchester United / Bournemouth - Premier League 2022-23 (19√®me journ√©e),2023-01-03T22:22:23Z,UC8ggH3zU61XO0nMskSQwZdA,CANAL+ Sport,2023-01-04T00:00:00Z,127517,3541,0,158,https://i.ytimg.com/vi/44t6gq-rPiQ/default.jpg
Ijg_5Qy_gGw,j'ai d√©pens√© _______‚Ç¨ sur fortnite,2023-01-03T16:18:33Z,UCiFyJ_EBmF2XJuR9buWE_3A,Unchained_Off,2023-01-04T00:00:00Z,315215,32240,0,7508,https://i.ytimg.com/vi/Ijg_5Qy_gGw/default.jpg
fE1SfV-tpK8,JE GAGNE LE PREMIER TOURNOI SUPERSONIC LEGEND EN SOLOQ ?!,2023-01-02T17:00:22Z,UCbJWraz5h4F-IX2frhqKglQ,Kaydop,2023-01-04T00:00:00Z,130686,7335,0,172,https://i.ytimg.com/vi/fE1SfV-tpK8/default.jpg
UQR5Z6v2j54,Elle se pr√©pare une cachette de fou alors que j'ai jamais visit√© la map...,2023-01-02T19:00:10Z,UCM4vjbHttZB1HH9bF_Ln3cA,Valouzz 2.0,2023-01-04T00:00:00Z,174028,14245,0,313,https://i.ytimg.com/vi/UQR5Z6v2j54/default.jpg
TrlsjGxeqVs,On RECRUTE LE GOAT pour DOMINER la LIGUE 1  (S01E02),2023-01-03T16:00:13Z,UCpVHRTbMjqnSkhiDeQGHTNg,Souen v.2,2023-01-04T00:00:00Z,55707,4151,0,94,https://i.ytimg.com/vi/TrlsjGxeqVs/default.jpg
KZssQZ5hqaQ,La kin√©siologue,2023-01-03T16:00:17Z,UC2tegK5ck2HZOHvvjN5brNA,Pierre Thevenoux,2023-01-04T00:00:00Z,32489,1621,0,123,https://i.ytimg.com/vi/KZssQZ5hqaQ/default.jpg
RgQ8rvf42HE,FORTNITE MAIS je ne PEUX PAS LOOTER MES ENNEMIS ! ü•µ,2023-01-03T17:45:00Z,UCPt41nVZoMm0A3_YFy4l3BQ,ZetFarTV,2023-01-04T00:00:00Z,40328,5345,0,490,https://i.ytimg.com/vi/RgQ8rvf42HE/default.jpg
W85l-5j8HHU,LE BEST-OF DE SQUEEZIE - 2022 üî•,2023-01-03T17:00:13Z,UCY-_QmcW09PHAImgVnKxU2g,SQUEEZIE GAMING,2023-01-04T00:00:00Z,461720,39989,0,310,https://i.ytimg.com/vi/W85l-5j8HHU/default.jpg
MxXUeohsBrw,Montpellier 1-2 OM | Le r√©sum√© de la victoire,2023-01-02T23:01:00Z,UCoKweTwEeA-D9vuSVw_Z_DQ,OM,2023-01-04T00:00:00Z,38801,1321,0,68,https://i.ytimg.com/vi/MxXUeohsBrw/default.jpg
l1iyMZ3S5Vo,Est-ce que la physique de Minecraft peut exister en vrai ?,2023-01-03T19:13:45Z,UCfznY5SlSoZoXN0-kBPtCdg,Fuze III,2023-01-04T00:00:00Z,232256,27454,0,1122,https://i.ytimg.com/vi/l1iyMZ3S5Vo/default.jpg
Gcrl1HgpV1Q,‚ö°L'ART DU DRIBBLE - CONTES DE FOOT,2023-01-02T17:01:37Z,UCrD9KhV8IUjmy2GErWS3BYQ,Contes de Foot,2023-01-04T00:00:00Z,91127,5395,0,447,https://i.ytimg.com/vi/Gcrl1HgpV1Q/default.jpg
0rNvCXRUbQk,CHIPIE LIE DETECTOR #2 : L√âA DE LA STAR ACADEMY,2023-01-01T11:00:01Z,UCJFBmrpBmGnpI0OOV0IbxNQ,Mayadorable,2023-01-04T00:00:00Z,222460,9633,0,161,https://i.ytimg.com/vi/0rNvCXRUbQk/default.jpg
_ZAgIHmHLdc,NewJeans (Îâ¥ÏßÑÏä§) 'OMG' Official MV,2023-01-02T09:00:00Z,UC3IZKseVpdzPSBaWxBxundA,HYBE LABELS,2023-01-04T00:00:00Z,9657255,860823,0,41896,https://i.ytimg.com/vi/_ZAgIHmHLdc/default.jpg
6lXXZabyLzk,L'HISTOIRE D'UN ABONN√â QUI TRAVAILLAIT POUR UN MILLIARDAIRE RUSSE ! üí∏ (Anecdotes Abonn√©s),2023-01-03T16:45:00Z,UCOdKaYgvLlPuinUJ1z5Gm2g,MichouOff,2023-01-04T00:00:00Z,405270,33613,0,1281,https://i.ytimg.com/vi/6lXXZabyLzk/default.jpg
zdhWNYf7XXI,10 FILLES VS 10 MECS POUR 500‚Ç¨ ! (je suis d√©gout√© omg),2023-01-02T19:04:08Z,UCuT4BDkqNaZoyn9jFUXDz3w,Noa.,2023-01-04T00:00:00Z,79011,3436,0,220,https://i.ytimg.com/vi/zdhWNYf7XXI/default.jpg
YbUzSXqbhZA,Ma NOUVELLE VOITURE de + 500 CHEVAUX !,2023-01-02T16:00:14Z,UCT_GK8jTMglC2yFusiAtPjQ,Alphadelta06,2023-01-04T00:00:00Z,144828,8343,0,499,https://i.ytimg.com/vi/YbUzSXqbhZA/default.jpg
wCY1qvel3ug,JE RENCONTRE LE VRAI TARZAN! üá™üá∏,2023-01-03T17:00:07Z,UCANpuYKdHozVX_h-GmoSLOQ,Leo Urban,2023-01-04T00:00:00Z,33315,2632,0,145,https://i.ytimg.com/vi/wCY1qvel3ug/default.jpg
zAZnRi8i26g,Montpellier vs Marseille | LIGUE 1 HIGHLIGHTS | 1/2/2023 | beIN SPORTS USA,2023-01-02T20:04:29Z,UC0YatYmg5JRYzXJPxIdRd8g,beIN SPORTS USA,2023-01-04T00:00:00Z,47905,456,0,40,https://i.ytimg.com/vi/zAZnRi8i26g/default.jpg
wiyHdhJx650,Le r√©sum√© d'Arsenal / Newcastle - Premier League 2022-23 (19√®me journ√©e),2023-01-03T21:47:25Z,UC8ggH3zU61XO0nMskSQwZdA,CANAL+ Sport,2023-01-04T00:00:00Z,133040,3342,0,212,https://i.ytimg.com/vi/wiyHdhJx650/default.jpg
JTBaIptvbz8,LE CLIP QUI PEUX ME FAIRE TOUT PERDRE ?! - BEST OF FUURY #66,2023-01-03T16:57:34Z,UCC3ETsvIwZ0kgMbgrfBRUhw,FuuRy,2023-01-04T00:00:00Z,32411,2921,0,57,https://i.ytimg.com/vi/JTBaIptvbz8/default.jpg
cYt0k108JWY,NE CHOISISSEZ PAS LA MAUVAISE TOMBE SECR√àTE SUR MINECRAFT FAMILLE MERCREDI ADDAMS POPPY PLAYTIME MOD,2023-01-02T11:55:21Z,UCpvDmsFc5m9XBW9fSO3E0cA,DARKY,2023-01-04T00:00:00Z,64765,1551,0,74,https://i.ytimg.com/vi/cYt0k108JWY/default.jpg
Zm1VIGNmPxI,The Smile: Tiny Desk Concert,2023-01-03T10:00:25Z,UC4eYXhJI4-7wSWc8UNRwD4A,NPR Music,2023-01-04T00:00:00Z,332013,19882,0,1119,https://i.ytimg.com/vi/Zm1VIGNmPxI/default.jpg
J6W9FVrj0-c,"NBA All-Star Game 2023 : Conf√©rence Est, nos 5 titulaires et 7 rempla√ßants !",2023-01-03T17:36:39Z,UCK4YnDjmmMySzXSYYiHQDxw,TrashTalkProduction,2023-01-04T00:00:00Z,32590,1887,0,185,https://i.ytimg.com/vi/J6W9FVrj0-c/default.jpg
T70sk6gfQ6c,In Europe My Work Is Done ‚úÖ | Cristiano Ronaldo's FIRST Al-Nassr Press Conference,2023-01-03T16:59:24Z,UCZ7wY7MRDSygp63HIEfdQZA,Sky Sports Football,2023-01-04T00:00:00Z,670156,16574,0,3909,https://i.ytimg.com/vi/T70sk6gfQ6c/default.jpg
mH1Bt-eSRDE,TOP 14 - J14: Sofiane Guitoune porte √† l'envers le talonneur clermontois,2023-01-02T10:05:34Z,UCWrD2VhZdO-_W8QDBxiXmeg,TOP 14 - Officiel,2023-01-04T00:00:00Z,46550,217,0,54,https://i.ytimg.com/vi/mH1Bt-eSRDE/default.jpg
14PRLutFE0s,LA NOUVELLE VOITURE DE BEN üòà,2023-01-02T15:14:01Z,UCyRnVNtJYhAFZP1xOTPAL4Q,AKRAMJUNIOR DAILY,2023-01-04T00:00:00Z,225464,10584,0,755,https://i.ytimg.com/vi/14PRLutFE0s/default.jpg
Y3PcXmcZUQ4,Faut-il ABANDONNER la MATI√àRE NOIRE ? DNDE 278,2023-01-03T17:00:17Z,UCDC6DBi0kRp6Jk21xqfvFLA,Hugo Lisoir,2023-01-04T00:00:00Z,67635,5371,0,445,https://i.ytimg.com/vi/Y3PcXmcZUQ4/default.jpg
3C_Z3cRq560,CLASH de PECHE ! Battle p√™che du brochet en 1 vs 1 -- Tosh vs Canito,2023-01-02T17:00:05Z,UCrdH-v7wr6nYBl38G2xcR-A,Scarna Fishing,2023-01-04T00:00:00Z,26669,2382,0,507,https://i.ytimg.com/vi/3C_Z3cRq560/default.jpg
hrBrdZDlcZQ,"Clara Luciani : Un ami m'a fait des boulettes, √ßa s'est tr√®s mal pass√© - √Ä Bient√¥t de te Revoir",2023-01-02T17:00:31Z,UCI5piXsv5S9NHj4D4X6AHDw,francetv slash / talents,2023-01-04T00:00:00Z,42148,1269,0,65,https://i.ytimg.com/vi/hrBrdZDlcZQ/default.jpg
HoPquO6xTF4,La VF de Cartman dans South Park (rien que √ßa) c'est lui : Christophe Lemoine !,2023-01-02T17:00:15Z,UCHQda5vLxrH0Ff0I0kMq4zw,Konbini,2023-01-04T00:00:00Z,219183,7662,0,455,https://i.ytimg.com/vi/HoPquO6xTF4/default.jpg
AAh3HRyI7XQ,L'achat le plus cher d'Apple ! (5 Milliards ‚Ç¨),2023-01-03T15:25:33Z,UCJy0lX8ThZ7lCtst7JnegWQ,Jojol,2023-01-04T00:00:00Z,92005,6853,0,127,https://i.ytimg.com/vi/AAh3HRyI7XQ/default.jpg
osQsfiBzt1o,üî¥üîµ LENS - PSG LIVE / üî•ALLEZ PARIS! / üòç GROS CHOC! MBAPPE ENCORE HEROS? NEYMAR ET MESSI ABSENTS! / L1,2023-01-01T22:28:45Z,UCzSSwnU5MohO6vQqmMjKUyw,L' immigr√© parisien,2023-01-04T00:00:00Z,272030,9098,0,109,https://i.ytimg.com/vi/osQsfiBzt1o/default.jpg
iavby9hqI6k,RC LENS - PARIS SAINT-GERMAIN (3 - 1) - R√©sum√© - (RCL - PSG) / 2022-2023,2023-01-02T20:38:45Z,UCQsH5XtIc9hONE1BQjucM0g,Ligue 1 Uber Eats,2023-01-04T00:00:00Z,335940,4667,0,553,https://i.ytimg.com/vi/iavby9hqI6k/default.jpg
74-hMv9X2VY,LONDON vlog,2023-01-02T15:00:03Z,UCRE-097LGtx_Zo7LrHvkycA,ÌñâÎ≥µÏßÄÏàò 103%,2023-01-04T00:00:00Z,6166742,890980,0,93934,https://i.ytimg.com/vi/74-hMv9X2VY/default.jpg
P0rJEdXNwP8,IL D√âTRUIT ENCORE CE JEU ! ‚ñ∫ REACT SHESHOUNET,2023-01-02T07:00:05Z,UCMmcGgqHuLjZVsYzYYX_Vqw,Locklear Replays & VODs,2023-01-04T00:00:00Z,59459,3753,0,118,https://i.ytimg.com/vi/P0rJEdXNwP8/default.jpg
DmlEvKTPc2Y,HAUL SPECIAL -30 DEGR√âS (j'ai d√©nich√© des merveilles!),2023-01-02T18:01:45Z,UCR-fgueb8Ufzrl0qNXCwcdg,Romy Victory,2023-01-04T00:00:00Z,61432,5530,0,138,https://i.ytimg.com/vi/DmlEvKTPc2Y/default.jpg
xAtULTJeszo,What I got for Xmas üéÅ Mes cadeaux de No√´l 2022 + de retour apr√®s une Digital Detox ‚ú®üéÑ | LOdoesmakeup,2023-01-02T17:05:33Z,UCXzdvY4dU-W5e7FGY8EeLkA,LOdoesmakeup,2023-01-04T00:00:00Z,38995,2807,0,163,https://i.ytimg.com/vi/xAtULTJeszo/default.jpg
ctcKeLMpu5A,AVATAR - Le pire Cameron ? - Episode IX,2023-01-01T16:00:12Z,UC8-UThnwzBI5ApzVG4MY7VQ,NEXUS VI,2023-01-04T00:00:00Z,168451,14114,0,1093,https://i.ytimg.com/vi/ctcKeLMpu5A/default.jpg
dQYG8eL-y_c,ASMR: MASSAGE CR√ÇNIEN ü•∂ des FRISSONS dans ton CERVEAU üß†,2023-01-01T20:00:06Z,UCxRaD00T2m4DR05ZR74hstg,Alteanne ASMR,2023-01-04T00:00:00Z,73453,3823,0,274,https://i.ytimg.com/vi/dQYG8eL-y_c/default.jpg
cbiobXBtskA,Dakar 2023 - √âtape 1 : R√©sum√© auto/moto,2023-01-01T20:25:19Z,UCRm-DLbhzojKd10edotYxMg,France tv sport,2023-01-04T00:00:00Z,167605,3221,0,88,https://i.ytimg.com/vi/cbiobXBtskA/default.jpg
V5rzYtQVf7g,LES PIRES CUISINIERS DE FRANCE C'EST NOUS ! ( on ouvre un restau chelou ),2023-01-01T10:33:33Z,UCM5_vkhZbNgKnvy6f_lvxcA,Dooms,2023-01-04T00:00:00Z,209451,24731,0,876,https://i.ytimg.com/vi/V5rzYtQVf7g/default.jpg
fqrN307EVnY,ü§¨ FAUT QU'ON PARLE. (LENS 3-1 PSG),2023-01-01T22:27:27Z,UCzSSwnU5MohO6vQqmMjKUyw,L' immigr√© parisien,2023-01-04T00:00:00Z,144418,7682,0,1538,https://i.ytimg.com/vi/fqrN307EVnY/default.jpg
qTRhRqZ8aeg,√Ä ma recherche du bonheur,2022-12-31T09:59:00Z,UCEUZRSYr1a2hnBfnpWslFeQ,Djilsi,2023-01-04T00:00:00Z,698369,62293,0,1559,https://i.ytimg.com/vi/qTRhRqZ8aeg/default.jpg
BznsINrR3Eg,MON ANN√âE 2022,2023-01-01T16:00:04Z,UCKKY2Jcg_P9fhfHD3ICyMxg,Ponce,2023-01-04T00:00:00Z,82259,5678,0,141,https://i.ytimg.com/vi/BznsINrR3Eg/default.jpg
MNogvDlls_g,Bugatti a MENTI sur le nombre de Chiron ! - Automoto Express #304,2023-01-02T18:16:57Z,UC0Dt2F2e-EEIj1vg_hvFTdQ,Automoto,2023-01-04T00:00:00Z,94018,3996,0,202,https://i.ytimg.com/vi/MNogvDlls_g/default.jpg
tnykCiOUthc,Inoxtag - Dans La Zone (Clip Officiel),2022-12-30T17:31:00Z,UCL9aTJb0ur4sovxcppAopEw,Inoxtag,2023-01-04T00:00:00Z,2471970,264472,0,17203,https://i.ytimg.com/vi/tnykCiOUthc/default.jpg
lFSAwMOyAfU,"TU RIS, TU PAYES ! (impossible √† tenir mdrrr)",2022-12-31T13:31:21Z,UCD7wEPp2a5MPOnrfo5ZtkuA,Adem&Bilal,2023-01-04T00:00:00Z,675422,29278,0,2225,https://i.ytimg.com/vi/lFSAwMOyAfU/default.jpg
0N0KmkVaCU0,LE KFC DE NO√ãL AU JAPON üçó (et son concurrent),2023-01-01T10:00:00Z,UC97S5Uiopake8FiOLCy3rkg,Tev & Louis,2023-01-04T00:00:00Z,223057,11819,0,237,https://i.ytimg.com/vi/0N0KmkVaCU0/default.jpg
VCsyHVKLXUg,ASMR | shampooing et coupe chez la coiffeuse ‚úÇÔ∏è,2023-01-02T20:54:19Z,UCuY8UOqVmzRw9pCK2Gxr5Aw,ASMR Serena,2023-01-04T00:00:00Z,64280,2464,0,151,https://i.ytimg.com/vi/VCsyHVKLXUg/default.jpg
fHXy0SI3qKI,Le r√©sum√© de Brentford / Liverpool - Premier League 2022-23 (19√®me journ√©e),2023-01-02T19:36:37Z,UC8ggH3zU61XO0nMskSQwZdA,CANAL+ Sport,2023-01-04T00:00:00Z,287436,5938,0,363,https://i.ytimg.com/vi/fHXy0SI3qKI/default.jpg
Q5smEE8QCMs,CETTE VID√âO VA CHANGER VOTRE VIE,2023-01-02T17:24:06Z,UCpwqmemmPbCsrFeaNRe6FgQ,AnasEnVlog,2023-01-04T00:00:00Z,122284,17366,0,686,https://i.ytimg.com/vi/Q5smEE8QCMs/default.jpg
zCUFchYPU3I,"Le Premier Qui Me Trouve Gagne 1000‚Ç¨ ! (ft. Unchained, Power Jumper,Brice)",2023-01-02T16:32:17Z,UCWYZhxrmRmLlzDtOcjkbTAQ,DHM,2023-01-04T00:00:00Z,55132,1875,0,100,https://i.ytimg.com/vi/zCUFchYPU3I/default.jpg
7AsugG5oF3A,TRIPLE DUEL INVOCATION GOHAN BEAST ! LE RETOUR ! DBZ DOKKAN BATTLE,2023-01-01T17:00:03Z,UCZDfPkTudGv0hWx4BVBO5Iw,Shini,2023-01-04T00:00:00Z,73466,8150,0,341,https://i.ytimg.com/vi/7AsugG5oF3A/default.jpg
tUCT82t1Y8Q,GOT the beat 'Stamp On It' Stage Video,2023-01-01T13:00:24Z,UCcdX97nVNsZgAA0NxvHnU9w,Girls On Top,2023-01-04T00:00:00Z,3755687,249264,0,9264,https://i.ytimg.com/vi/tUCT82t1Y8Q/default.jpg
uyU9LFoqNK0,Ils ont pass√© la pire soir√©e de leur vie,2022-12-30T18:35:17Z,UCWeg2Pkate69NFdBeuRFTAw,SQUEEZIE,2023-01-04T00:00:00Z,4263175,338319,0,3393,https://i.ytimg.com/vi/uyU9LFoqNK0/default.jpg
e6K24ekzkzU,"Fini 2022, une nouvelle vie s‚Äôoffre √† nous ü•π",2023-01-01T11:00:16Z,UCobKE2pCskZnatGHG50PH2w,Pidi,2023-01-04T00:00:00Z,329715,27353,0,496,https://i.ytimg.com/vi/e6K24ekzkzU/default.jpg
yqKBndjsf5o,Gueule de bois : Y-a-t-il un rem√®de ? D'o√π √ßa vient ?,2023-01-01T09:45:03Z,UCG9G2dyRv04FDSH1FSYuLBg,Jamy - Epicurieux,2023-01-04T00:00:00Z,274734,19229,0,849,https://i.ytimg.com/vi/yqKBndjsf5o/default.jpg
4M4NSJY5paE,L'exp√©rience de l'uchronie : votre cerveau va exploser !,2023-01-02T11:00:02Z,UCP46_MXP_WG_auH88FnfS1A,Nota Bene,2023-01-04T00:00:00Z,190412,13383,0,840,https://i.ytimg.com/vi/4M4NSJY5paE/default.jpg
oeLzRyHy8Dw,2022 j‚Äôai presque tout perdu ‚Ä¶,2023-01-01T14:00:31Z,UCsnRkRtbTyISkfGTGwM7VfQ,Major Mouvement,2023-01-04T00:00:00Z,173843,9723,0,824,https://i.ytimg.com/vi/oeLzRyHy8Dw/default.jpg
AhM2E86ktYA,BEST OF LOCKLEAR 2022 üî•ü§©,2023-01-02T19:11:14Z,UCvuACILbubOXV_OMBWqLM2g,LOCKLEAR,2023-01-04T00:00:00Z,101769,11341,0,243,https://i.ytimg.com/vi/AhM2E86ktYA/default.jpg
WohPoayqABk,4 BOSS que tu ne VEUX PAS TUER,2023-01-02T18:26:38Z,UCeVpI1jEdMUfboWOtl_Bq6g,Iconoclaste,2023-01-04T00:00:00Z,137136,7286,0,591,https://i.ytimg.com/vi/WohPoayqABk/default.jpg
yYafhW21OxQ,J'ai surv√©cu 100 Jours en Hardcore sur Minecraft !,2023-01-01T19:00:10Z,UCZ9-07M-FdcNjBXOlIOS5Ow,Myrolame,2023-01-04T00:00:00Z,48818,4802,0,199,https://i.ytimg.com/vi/yYafhW21OxQ/default.jpg
CcMpSa8Ylkg,LA DISPARITION (TR√àS) √âTRANGE DE LEAH ROBERTS EN ROADTRIP,2023-01-01T14:52:38Z,UCI4z28P09JTbIfhZ-aRFYfg,Victoria Charlton,2023-01-04T00:00:00Z,101961,6437,0,224,https://i.ytimg.com/vi/CcMpSa8Ylkg/default.jpg
aqKslraStas,"2023 objectifs, vision board et mindset !",2023-01-02T18:00:00Z,UCrGAPOOrcfz7AFcsjdPKy8A,jenesuispasjolie,2023-01-04T00:00:00Z,51238,2996,0,51,https://i.ytimg.com/vi/aqKslraStas/default.jpg
N-JYKFeMqbs,"Un affichage sauvage, sauvage - Haroun",2023-01-01T12:19:02Z,UCKeL_a8Pu3bdt251ICPV8bA,Haroun,2023-01-04T00:00:00Z,207194,6165,0,165,https://i.ytimg.com/vi/N-JYKFeMqbs/default.jpg
CwcvrnCbC1U,J'ai utilis√© des TNT Lucky Blocs pour Finir Minecraft..,2023-01-02T17:00:06Z,UCDB1PaqiausfXbVI2Jjk0iQ,Ninjaxx,2023-01-04T00:00:00Z,304639,18970,0,888,https://i.ytimg.com/vi/CwcvrnCbC1U/default.jpg
lxN4dmIMf7c,LE POUVOIR DES ARBRES,2023-01-01T13:01:25Z,UCS_7tplUgzJG4DhA16re5Yg,Balade Mentale,2023-01-04T00:00:00Z,156589,11175,0,438,https://i.ytimg.com/vi/lxN4dmIMf7c/default.jpg
M7PNQslHR7Q,JE DIS AU REVOIR √Ä LA PIRE ANN√âE DE MA VIE,2023-01-01T18:00:06Z,UCow3NWBEvlA8xmugJ3W256g,MyBetterSelf,2023-01-04T00:00:00Z,58889,4081,0,142,https://i.ytimg.com/vi/M7PNQslHR7Q/default.jpg
6RBoo2ThcA8,‚öΩ J17 | Lyon - Clermont : le r√©sum√© vid√©o (0-1),2023-01-01T23:00:07Z,UC0AN3tG8NZvDTEWH8kWhhpw,Clermont Foot 63,2023-01-04T00:00:00Z,29796,284,0,45,https://i.ytimg.com/vi/6RBoo2ThcA8/default.jpg
UdCTKR5vhBA,Brentford 3-1 Liverpool | An unreal night under the lights! üî•| Premier League Highlights,2023-01-02T22:10:26Z,UCAalMUm3LIf504ItA3rqfug,Brentford Football Club,2023-01-04T00:00:00Z,2059953,27198,0,1009,https://i.ytimg.com/vi/UdCTKR5vhBA/default.jpg
Z_zoYcN462Q,J'ouvre une BOITE MYST√àRE WETHENEW √† +1.500‚Ç¨ ! üëü (la folie),2023-01-01T18:02:00Z,UCm_BCO5KK3NllkscpWPnRgA,Vinceeh,2023-01-04T00:00:00Z,111273,10815,0,5052,https://i.ytimg.com/vi/Z_zoYcN462Q/default.jpg
lI_y4NYa5Yo,On a retrouv√© l'homme BANNI par BIGFLO - Reportage,2023-01-01T17:00:31Z,UCmTw8i4EZqvv8jNH2rQyTOw,Zen Emission,2023-01-04T00:00:00Z,276431,21804,0,181,https://i.ytimg.com/vi/lI_y4NYa5Yo/default.jpg
mmmVXGm9k2A,FAIRE TOP 1 QU'AVEC LES COFFRES ADOUB√âS SUR FORTNITE !,2023-01-01T12:00:18Z,UCPt41nVZoMm0A3_YFy4l3BQ,ZetFarTV,2023-01-04T00:00:00Z,85914,7256,0,464,https://i.ytimg.com/vi/mmmVXGm9k2A/default.jpg
2eu7WOl5JcY,LA PIRE ANN√âE DE MA VIE...,2023-01-01T16:00:00Z,UCbsCnqy9UkJQlUdJNMr5gZw,Bodytime,2023-01-04T00:00:00Z,105265,7643,0,524,https://i.ytimg.com/vi/2eu7WOl5JcY/default.jpg
ovpUf_U70fk,Le MEILLEUR CACHE CACHE de L'HISTOIRE de FORTNITE !,2023-01-01T18:00:17Z,UCfzXKxo0egNwE76Eb8pldTA,WaZz,2023-01-04T00:00:00Z,193208,14066,0,1044,https://i.ytimg.com/vi/ovpUf_U70fk/default.jpg
ouli1MEgh-4,Freeze the Whole Arena ‚ùÑÔ∏è (New Season),2023-01-02T09:00:49Z,UC_F8DoJf9MZogEOU51TpTbQ,Clash Royale,2023-01-04T00:00:00Z,1030798,32376,0,699,https://i.ytimg.com/vi/ouli1MEgh-4/default.jpg
epKRJ6xSZWo,Yield To Warrior Champion's Shield! Clash of Clans Season Challenges,2023-01-01T08:00:28Z,UCD1Em4q90ZUK2R5HKesszJg,Clash of Clans,2023-01-04T00:00:00Z,1619566,30817,0,970,https://i.ytimg.com/vi/epKRJ6xSZWo/default.jpg
fX5CsZDdmIg,MON DERNIER DATE DE L‚ÄôANN√âE  üíç  RAT√â üò®,2022-12-31T17:05:00Z,UC1JGqeIGKPVD2SE1U5LuJEQ,KmS,2023-01-04T00:00:00Z,139120,10639,0,269,https://i.ytimg.com/vi/fX5CsZDdmIg/default.jpg
KwxVWvqlsio,"Ensemble, nous allons r√©ussir. Mes v≈ìux 2023 aux Fran√ßais.",2022-12-31T19:20:47Z,UCFqGa9uitcB-fWyNZK2xImw,Emmanuel Macron,2023-01-04T00:00:00Z,156239,2680,0,2143,https://i.ytimg.com/vi/KwxVWvqlsio/default.jpg
xxg3p2ejVFU,J'OUVRE X30 CHOIX ICONE DE BASE ( c'est une dinguerie ) ! FIFA 23,2023-01-02T11:00:34Z,UCyMphFAptEpX0guoKGnmjTg,R2S,2023-01-04T00:00:00Z,46527,1822,0,541,https://i.ytimg.com/vi/xxg3p2ejVFU/default.jpg
1rBjFL_XxYA,Pas de ralentir 3,2022-12-31T23:01:49Z,UCcH2xS_gRlYkfnA9xMFCxNg,Mig - Topic,2023-01-04T00:00:00Z,89220,6252,0,278,https://i.ytimg.com/vi/1rBjFL_XxYA/default.jpg
xGd_HhPYX4A,The Brawlies 2022 - Brawl Stars Community Award Show!,2022-12-31T11:00:28Z,UCooVYzDxdwTtGYAkcPmOgOw,Brawl Stars,2023-01-04T00:00:00Z,6375035,242171,0,12878,https://i.ytimg.com/vi/xGd_HhPYX4A/default.jpg
67p6VYgfsX4,JE MANGE COMME KYLIAN MBAPP√â PENDANT 24H !,2022-12-30T17:00:38Z,UCpWaR3gNAQGsX48cIlQC0qw,Tibo InShape,2023-01-04T00:00:00Z,1421858,73316,0,2098,https://i.ytimg.com/vi/67p6VYgfsX4/default.jpg
6iMJ2Gf-b7U,GAGNER UNE DRAFT 100% LOBS ! FIFA 23,2023-01-02T17:15:00Z,UCDCM2fWU5uTclFCYIrinzkw,AF5,2023-01-04T00:00:00Z,117148,6139,0,282,https://i.ytimg.com/vi/6iMJ2Gf-b7U/default.jpg
tGZJ44EWVsk,ES-TU TOUJOURS EN COUPLE ? (toujours plus indiscret),2022-12-31T13:14:59Z,UC80X7gpQB_NQ5JpXP1mFT-g,FABI1,2023-01-04T00:00:00Z,181478,18077,0,298,https://i.ytimg.com/vi/tGZJ44EWVsk/default.jpg
yKqDXjg1VOU,Il faut qu'on parle,2022-12-30T17:03:05Z,UCByWJsWPztkY3Rta2B62tgg,Hugopos√©,2023-01-04T00:00:00Z,740276,60699,0,1185,https://i.ytimg.com/vi/yKqDXjg1VOU/default.jpg
AwGsSvOwqd8,Noizy - Fatos Nano (Official Music Video),2022-12-31T20:00:07Z,UCim40Arej9EBOfg0ViFW2ww,thisisnoizy,2023-01-04T00:00:00Z,1668099,45543,0,2110,https://i.ytimg.com/vi/AwGsSvOwqd8/default.jpg
CVPUDbUnAcQ,MAIS IL A ESSAY√â DE LA TUER L√Ä ??? (Pensionnat √† la campagne #2),2022-12-31T10:15:00Z,UCExLbK-vl-4kRV-2cScRtPw,Linca,2023-01-04T00:00:00Z,244242,25261,0,202,https://i.ytimg.com/vi/CVPUDbUnAcQ/default.jpg
UOMqYrbRncY,Qui a la meilleure des daronnes ?,2022-12-29T19:10:19Z,UCFfukyWXS7h1viyLMYLl19A,Maskey,2023-01-04T00:00:00Z,1600871,151968,0,3254,https://i.ytimg.com/vi/UOMqYrbRncY/default.jpg
u00FkVlbOyM,Fin,2022-12-30T10:28:38Z,UCUl7mwOyySfZzUkq4H29nug,LeBouseuh,2023-01-04T00:00:00Z,701609,57619,0,1362,https://i.ytimg.com/vi/u00FkVlbOyM/default.jpg
2FcDNi1HkfI,Happy New Year Live! üéÜ London Fireworks 2023 üî¥ BBC,2023-01-01T00:15:15Z,UCCj956IF62FbT7Gouszaj9w,BBC,2023-01-04T00:00:00Z,4079000,42386,0,4678,https://i.ytimg.com/vi/2FcDNi1HkfI/default.jpg
BlSZMvUTLPI,296 - Bonne ann√©e 2023 ! Carte virtuelle √† partager,2022-12-18T06:00:07Z,UCm-4mfr6Yd3hRvzW7L5a1uQ,LOA LYS,2023-01-04T00:00:00Z,172977,1021,0,37,https://i.ytimg.com/vi/BlSZMvUTLPI/default.jpg
EEvcJPRPEQA,R√©sum√© 16√®me journ√©e - Ligue 1 Uber Eats / 2022-2023,2022-12-30T03:42:56Z,UCQsH5XtIc9hONE1BQjucM0g,Ligue 1 Uber Eats,2023-01-04T00:00:00Z,756263,13316,0,478,https://i.ytimg.com/vi/EEvcJPRPEQA/default.jpg
8c3eiHwpKM4,Je Teste KFC et Burger King Au Japon ( C‚Äôest n‚Äôimporte quoi),2022-12-30T17:18:03Z,UCKq9JxyISqBHDd-fXfV3QtQ,FastGoodCuisine,2023-01-04T00:00:00Z,779684,25554,0,345,https://i.ytimg.com/vi/8c3eiHwpKM4/default.jpg
keFRueltLIU,TV„Ç¢„Éã„É°„ÄéÊù±‰∫¨„É™„Éô„É≥„Ç∏„É£„Éº„Ç∫„ÄèËÅñÂ§úÊ±∫Êà¶Á∑® „Éé„É≥„ÇØ„É¨„Ç∏„ÉÉ„ÉàOP„ÄêOfficialÈ´≠Áî∑dism„Äå„Éõ„ÉØ„Ç§„Éà„Éé„Ç§„Ç∫„Äç„Äë,2022-12-31T15:00:30Z,UCnrudQZNXphuOk0QB8Yz6oQ,TV„Ç¢„Éã„É°„ÄéÊù±‰∫¨„É™„Éô„É≥„Ç∏„É£„Éº„Ç∫„Äè„ÉÅ„É£„É≥„Éç„É´,2023-01-04T00:00:00Z,2908337,105338,0,4025,https://i.ytimg.com/vi/keFRueltLIU/default.jpg
gL0iO4DthRs,"[2022 MBC Í∞ÄÏöîÎåÄÏ†úÏ†Ñ] ÏóêÏù¥Ìã∞Ï¶à - Ìï†ÎùºÏßÄÏïÑ (ATEEZ - HALAZIA), MBC 221231 Î∞©ÏÜ°",2022-12-31T14:41:14Z,UCe52oeb7Xv_KaJsEzcKXJJg,MBCkpop,2023-01-04T00:00:00Z,510083,67458,0,3242,https://i.ytimg.com/vi/gL0iO4DthRs/default.jpg
1k_uJwXoFlk,Soir√©e anecdotes - Best-of #59 (Papy Grenier - Cyberpunk 2077 & Streets of Rage),2022-12-30T17:05:00Z,UClK4fpmIAz8V1BVafysM2WA,Best Of JDG Twitch,2023-01-04T00:00:00Z,439655,19346,0,434,https://i.ytimg.com/vi/1k_uJwXoFlk/default.jpg
LZ-E5K5u8PI,Innoss'B - Maboko Milayi feat. Awilo Longomba(Official video),2022-12-31T09:00:19Z,UCS8Q_gpBvsl2Xxgw0Q1Jn-A,Officialinnossb,2023-01-04T00:00:00Z,802082,22527,0,2451,https://i.ytimg.com/vi/LZ-E5K5u8PI/default.jpg
FwT_A5hOS7I,Le NOUVEL ORDRE MONDIAL que vous n‚Äôavez pas vu venir (et Klaus Schwab n'y est pour rien),2022-12-30T17:42:00Z,UCOXSWVjCHbnA3Uty5i-CGag,Michael Ferrari,2023-01-04T00:00:00Z,349835,10727,0,1075,https://i.ytimg.com/vi/FwT_A5hOS7I/default.jpg
SDojD19oMzM,5 ECRITURES INDECHIFFRABLES qu'on ne comprendra JAMAIS,2022-12-30T17:35:20Z,UCfGfdZuYifBYb1fmZcL1JBQ,Trash,2023-01-04T00:00:00Z,692590,37799,0,816,https://i.ytimg.com/vi/SDojD19oMzM/default.jpg
NJIITj3m2tg,"HIGHLIGHTS | Brighton & Hove Albion vs Arsenal (2-4) | Saka, Odegaard, Nketiah, Martinelli",2022-12-31T22:00:17Z,UCpryVRk_VDudG8SHXgWcG0w,Arsenal,2023-01-04T00:00:00Z,2660057,40314,0,1393,https://i.ytimg.com/vi/NJIITj3m2tg/default.jpg
ZnKTDzV5Mlo,les pires exp√©riences TikTok,2022-12-30T19:33:40Z,UChInPG6UUKs45roXmELCRQA,Superconeri,2023-01-04T00:00:00Z,303078,30964,0,581,https://i.ytimg.com/vi/ZnKTDzV5Mlo/default.jpg
SszP3hlQ55Y,ATEEZ(ÏóêÏù¥Ìã∞Ï¶à) - 'HALAZIA' Official MV,2022-12-30T05:00:02Z,UCQdq-lqPEq_yZ_wP_kuVB9Q,KQ ENTERTAINMENT,2023-01-04T00:00:00Z,26719906,496244,0,73286,https://i.ytimg.com/vi/SszP3hlQ55Y/default.jpg
uGxGzgxb4IA,TRIPLE DUEL INVOCATION GOHAN BEAST !! LE GRAND RETOUR !! DBZ DOKKAN BATTLE,2022-12-30T19:00:19Z,UCCyAzMaIWGw1vsCsL4IHbHQ,YEKAIS,2023-01-04T00:00:00Z,93870,9366,0,1002,https://i.ytimg.com/vi/uGxGzgxb4IA/default.jpg
cyQiTNTuDI8,Pourquoi 2022 est La meilleure ann√©e de ma vie ?! (pour l‚Äôinstant en tout cas),2022-12-29T17:30:03Z,UCo6Z9cEI8Hf3nyrLUfDITtA,Inoxtag 2.0,2023-01-04T00:00:00Z,910666,63248,0,932,https://i.ytimg.com/vi/cyQiTNTuDI8/default.jpg
skO_bVXMWzU,New Year's 2023: Dubai puts on thrilling fireworks show at Burj Khalifa,2022-12-31T20:51:09Z,UChLtXXpo4Ge1ReTEboVvTDg,Global News,2023-01-04T00:00:00Z,4747202,33845,0,2793,https://i.ytimg.com/vi/skO_bVXMWzU/default.jpg
syN5zTH51FA,DIE HARD : Un No√´l EXPLOSIF !!,2022-12-30T16:33:19Z,UCkMsSGlEMPRxhqvGj6qeucQ,12 Parsecs,2023-01-04T00:00:00Z,144236,12472,0,1216,https://i.ytimg.com/vi/syN5zTH51FA/default.jpg
Nlix387k_Z4,LEBOUSEUH ET MOI REGARDONS MES BULLETINS DE NOTE ! (suis-je intelligent ?),2022-12-31T14:30:06Z,UCHOsAeV69QGK3CPl137JLdQ,Dobby,2023-01-04T00:00:00Z,95447,8176,0,113,https://i.ytimg.com/vi/Nlix387k_Z4/default.jpg
3tApQl8ZTYU,"John Cena & Kevin Owens vs. Roman Reigns & Sami Zayn: SmackDown, Dec. 30, 2022",2022-12-31T04:22:33Z,UCJ5v_MCY6GNUBTO8-D3XoAg,WWE,2023-01-04T00:00:00Z,5427444,121035,0,5595,https://i.ytimg.com/vi/3tApQl8ZTYU/default.jpg
KEj2N_-54U0,La gagnante Sacha danse sur Nothing Compares 2 U de Sin√©ad O'Connor - Prodiges 2022 Saison 9 finale,2022-12-29T20:46:36Z,UCMAsbyhdsFCS60r27l6XIZg,Prodiges,2023-01-04T00:00:00Z,509510,1157,0,0,https://i.ytimg.com/vi/KEj2N_-54U0/default.jpg
dSk-m4GCt50,"Mister V : Les Jones, son groupe de country avec Freddy Gladieux et Vincent Tirel - CANAL+",2022-12-30T17:00:23Z,UCmHfCD8c8CmjlyWa8d4GObg,Clique TV,2023-01-04T00:00:00Z,435089,10728,0,201,https://i.ytimg.com/vi/dSk-m4GCt50/default.jpg
SEitMwDvkCw,Ces YouTubeurs essayent de me battre dans une Course de SHINY,2022-12-30T15:44:10Z,UCI-6nJH-anZG21rot5421tA,JOSPLAY,2023-01-04T00:00:00Z,148451,9115,0,308,https://i.ytimg.com/vi/SEitMwDvkCw/default.jpg
_xTWyoq9xz8,Ce que vous ne saviez pas sur Shrek.. (ft Amine),2022-12-31T19:17:10Z,UCqHmOglzbxLcrzYYbHcwjmw,RebeuDeter 2.0,2023-01-04T00:00:00Z,377227,51885,0,870,https://i.ytimg.com/vi/_xTWyoq9xz8/default.jpg
CO4n4eIM3Z4,Youtube: Les SucceÃÄs Et Scandales De 2022,2022-12-30T15:14:13Z,UCe6JX3pZtPwSD5ksQPfNKRQ,Sir Gibsy,2023-01-04T00:00:00Z,236483,16370,0,620,https://i.ytimg.com/vi/CO4n4eIM3Z4/default.jpg
-DpNMnVHWLc,COURSE ENTRE FR√àRE ! URUS LAMBORGHINI VS A45 AMG !,2022-12-30T16:58:54Z,UCu-Quc_pm6WHudzfPNwrWYQ,TEAM A&B,2023-01-04T00:00:00Z,164141,8314,0,492,https://i.ytimg.com/vi/-DpNMnVHWLc/default.jpg
lF0hCExlR2o,J'ai construit un vrai IKEA pour vendre des faux meubles... - Episode 50 | Minecraft Modd√© S6,2022-12-30T20:06:29Z,UCfznY5SlSoZoXN0-kBPtCdg,Fuze III,2023-01-04T00:00:00Z,540392,34357,0,2113,https://i.ytimg.com/vi/lF0hCExlR2o/default.jpg
Iu1g6IR62l4,Les Mercenaires de l'espace | DU PUR DBZ ! - Dragonballogy,2022-12-30T15:58:13Z,UC5sbGkJ_Fuzn_NCxFfX0zLw,LeChefOtaku,2023-01-04T00:00:00Z,152352,11904,0,1040,https://i.ytimg.com/vi/Iu1g6IR62l4/default.jpg
sVjpD_yRyHI,JE PASSE MA FORMATION POUR CONDUIRE DES SCOOTERS 125CC ! üõµ (j'ai peur ...),2022-12-31T10:15:02Z,UCOdKaYgvLlPuinUJ1z5Gm2g,MichouOff,2023-01-04T00:00:00Z,955673,61308,0,1431,https://i.ytimg.com/vi/sVjpD_yRyHI/default.jpg
3GFRMwS-M2E,ON FABRIQUE UN VOLCAN ft. @DocJazy,2022-12-30T17:00:05Z,UCzKBmXm7Or4tAt3RN2kVHAg,Apo,2023-01-04T00:00:00Z,159355,14948,0,248,https://i.ytimg.com/vi/3GFRMwS-M2E/default.jpg
TsjKoo9SKaY,BEST OF STELIUS 2022,2022-12-30T17:00:22Z,UC4Coa1n8VHHJ9tdYptUeSOA,Stelius,2023-01-04T00:00:00Z,59620,4568,0,129,https://i.ytimg.com/vi/TsjKoo9SKaY/default.jpg
PthR3w0zLkw,üá´üá∑PARIS LA F√äTE DU NOUVEL AN CHAMPS-ELYS√âES 2022 Live Streaming 31/DECEMBRE/2022,2022-12-31T23:23:43Z,UCmLKaHIZqVpAeQCayN9GZpw,ART VISION TV / C&B JOURNAL,2023-01-04T00:00:00Z,82081,1004,0,89,https://i.ytimg.com/vi/PthR3w0zLkw/default.jpg
CIvp3DrIAlk,KABONGO DJ X VEGEDREAM - Merci les bleus  (lyrics video officielle),2022-12-28T15:02:43Z,UCBGPpIZG2IEkEOm_s8BOoQw,Vegedream,2023-01-04T00:00:00Z,2243180,117976,0,4135,https://i.ytimg.com/vi/CIvp3DrIAlk/default.jpg
L5Pw-2IH3XA,R√©sum√© : L‚ÄôEspanyol g√¢che les f√™tes de fin d‚Äôann√©e du Bar√ßa !,2022-12-31T15:17:58Z,UCfj4kQ6_mYO5r4hzX5KloVw,beIN SPORTS France,2023-01-04T00:00:00Z,295519,5875,0,494,https://i.ytimg.com/vi/L5Pw-2IH3XA/default.jpg
fCMHWVtgy4I,J'ai REPERDU  6h  de ma vie ! (Un Casse-T√™te √† 1000 mouvements - Partie 2/2),2022-12-30T16:30:06Z,UCTafEJoRl5myC8A50plIrng,FabienOlicard,2023-01-04T00:00:00Z,150748,6937,0,162,https://i.ytimg.com/vi/fCMHWVtgy4I/default.jpg
2ljvTgnOAMA,R√©sum√© : Le Real sauv√© par Benzema √† Valladolid,2022-12-30T22:41:05Z,UCfj4kQ6_mYO5r4hzX5KloVw,beIN SPORTS France,2023-01-04T00:00:00Z,713139,12646,0,1798,https://i.ytimg.com/vi/2ljvTgnOAMA/default.jpg
0GVQX3D3V5c,Clash of Clans - 2022 Year in Review,2022-12-30T13:00:00Z,UCD1Em4q90ZUK2R5HKesszJg,Clash of Clans,2023-01-04T00:00:00Z,2701028,107775,0,2914,https://i.ytimg.com/vi/0GVQX3D3V5c/default.jpg
Q_widED2iDo,LEQUEL DE CES 2 GARDIENS DOIT SIGNER PRO ? (#OVDF 10),2022-12-30T17:00:15Z,UCNcQD2iO8PsfDWNxcO18R8A,Today it's Football,2023-01-04T00:00:00Z,70203,4058,0,134,https://i.ytimg.com/vi/Q_widED2iDo/default.jpg
GpaAvEiDbb8,Notre R√©veillon 2022 en Famille üéÑ,2022-12-30T17:02:13Z,UCo1c0US2TFt2aKxeG4WjZqQ,Noemie Makeuptouch,2023-01-04T00:00:00Z,73302,4399,0,141,https://i.ytimg.com/vi/GpaAvEiDbb8/default.jpg
XtvxbYXlo3A,OM 6 - 1 Toulouse | Le r√©sum√© de la victoire üòç,2022-12-29T23:00:23Z,UCoKweTwEeA-D9vuSVw_Z_DQ,OM,2023-01-04T00:00:00Z,177038,5408,0,247,https://i.ytimg.com/vi/XtvxbYXlo3A/default.jpg
LsDfuPltYgU,LA CHASSE AUX TRESORS DE THEOBABAC (PARTIE 1),2022-12-30T15:32:34Z,UCGt553K1a2MNHfioKJFPCPA,TheoBabac,2023-01-04T00:00:00Z,158227,25740,0,685,https://i.ytimg.com/vi/LsDfuPltYgU/default.jpg
WaQMD3sYZiw,Resumen de Real Valladolid vs Real Madrid (0-2),2022-12-30T22:48:14Z,UCTv-XvfzLX3i4IGWAm4sbmA,LaLiga Santander,2023-01-04T00:00:00Z,2342698,42439,0,1396,https://i.ytimg.com/vi/WaQMD3sYZiw/default.jpg
JIUYCBTaRzA,3 types de RESSOURCES qui vont bient√¥t DISPARA√éTRE !,2022-12-29T16:25:28Z,UCA9IJ0GhYcbSst7C6cQWrKw,Science Trash,2023-01-04T00:00:00Z,523208,30682,0,1487,https://i.ytimg.com/vi/JIUYCBTaRzA/default.jpg
yGKMgWHHVfw,COMMENT sont n√©s les FPS ? üí•,2022-12-30T16:45:31Z,UCNPdmQb1CkYd-02btbdA79g,Trash Bandicoot,2023-01-04T00:00:00Z,348230,24223,0,643,https://i.ytimg.com/vi/yGKMgWHHVfw/default.jpg
wiIfat5ObSk,LE RETOUR DU GANG DES ROSES !,2022-12-30T17:50:41Z,UCQCLfdYnlC6Mq4Bw0siab8Q,PRINCE,2023-01-04T00:00:00Z,83747,6426,0,110,https://i.ytimg.com/vi/wiIfat5ObSk/default.jpg
FA5jJrgFsk0,Je leur fais une surprise ! On r√©agit aux meilleurs moments du Local !,2022-12-29T18:20:54Z,UCzmAjLUueTrr-cfr8OIYpng,Romain - Les Inachev√©s,2023-01-04T00:00:00Z,264324,16812,0,102,https://i.ytimg.com/vi/FA5jJrgFsk0/default.jpg
OARVElr0wb4,Fabrication d'un PLAN DE TRAVAIL en bois et de CAISSONS pour l'atelier,2022-12-30T16:00:16Z,UC9fGq2-6FaftcegcIadLf6A,Samuel Mamias,2023-01-04T00:00:00Z,65993,2859,0,148,https://i.ytimg.com/vi/OARVElr0wb4/default.jpg
QyUjKwbCEUQ,T'as d√©j√† vu Y-A-T-IL UN YOUTUBER DANS L'AVION ? (De Logan Paul),2022-12-29T18:03:50Z,UCMSIO26dYPtd-bYPaBuiPvA,Notseriou's,2023-01-04T00:00:00Z,304544,33898,0,3947,https://i.ytimg.com/vi/QyUjKwbCEUQ/default.jpg
BuSYe-9S-wc,Grosse r√©paration √† chaud du pneu de la moissonneuse Axial 2388 !,2022-12-30T14:30:03Z,UCyEWw_87YOcFw9RoU00sW-Q,Alexandre de Prodealcenter,2023-01-04T00:00:00Z,85155,3072,0,76,https://i.ytimg.com/vi/BuSYe-9S-wc/default.jpg
WVB6Ye-EgHE,"LNB All-Star Game : La France renverse la Team Monde, Wembanyama MVP",2022-12-29T22:26:55Z,UCcMGbm0EYWh1SZZ8MsM75tw,NBA Extra - beIN SPORTS France,2023-01-04T00:00:00Z,210496,3817,0,133,https://i.ytimg.com/vi/WVB6Ye-EgHE/default.jpg
pFIDGTqMMo8,DEVINEZ SUR QUI J'SUIS TOMB√â... üò≠,2022-12-30T17:30:08Z,UCgoOB6Pd9Wnaa4VXsOswydw,S73,2023-01-04T00:00:00Z,78283,12041,0,404,https://i.ytimg.com/vi/pFIDGTqMMo8/default.jpg
WA5XkP9qr2c,HIGHLIGHTS: Liverpool 2-1 Leicester City | TWO own goals give Reds comeback win,2022-12-31T00:00:10Z,UC9LQwHZoucFT94I2h6JOcjw,Liverpool FC,2023-01-04T00:00:00Z,3902582,55363,0,4194,https://i.ytimg.com/vi/WA5XkP9qr2c/default.jpg
Vi_ebE5orXA,Javier Pastore explique pourquoi il a sign√© au PSG et l'adaptation au jeu de Zlatan | Colinterview,2022-12-30T17:00:15Z,UCe9HICFoRdu6OfpMHMb1CVA,Colinterview - Oh My Goal,2023-01-04T00:00:00Z,65433,1749,0,221,https://i.ytimg.com/vi/Vi_ebE5orXA/default.jpg
au5YDfgIcPg,au d√©but c'√©tait une FAQ mais,2022-12-30T19:20:12Z,UCuLS5cbAG6fgBwega9RaG9A,clararunaway,2023-01-04T00:00:00Z,76767,7169,0,666,https://i.ytimg.com/vi/au5YDfgIcPg/default.jpg
N0B42wgLn_I,LA S13 EST DEVENUE DINGUE ! - √âtape DRIFT #40,2022-12-30T14:00:18Z,UCtwHMjc-yz2CTFhiE-lIGcA,Tanguy Cryms,2023-01-04T00:00:00Z,50315,3266,0,641,https://i.ytimg.com/vi/N0B42wgLn_I/default.jpg
o8D0cSKEvZM,Interview Le Civil par Mehdi Ma√Øzi - Le C√¥ne,2022-12-30T16:00:07Z,UCeg0PVLfsBKFLGd9V_EvbGA,Caballero & JeanJass,2023-01-04T00:00:00Z,55145,3693,0,90,https://i.ytimg.com/vi/o8D0cSKEvZM/default.jpg
qvDoFt8PVrI,CE QUE J'AI EU √Ä NO√ãL ü•πüéÅ | Cadeaux No√´l 2022,2022-12-30T21:41:42Z,UCcfE8SPpL4W-hEf5ABnSWmA,Ayo Coralie,2023-01-04T00:00:00Z,80710,6769,0,160,https://i.ytimg.com/vi/qvDoFt8PVrI/default.jpg
z_ngg7gLAbE,Les marques les plus FIABLES ( et bonne ann√©e ),2022-12-29T17:15:02Z,UCC9mlCpyisiIpp9YA9xV-QA,Vilebrequin,2023-01-04T00:00:00Z,1382098,89284,0,4044,https://i.ytimg.com/vi/z_ngg7gLAbE/default.jpg
JiBKPy13xo4,Ils prennent des risques idiots pour rien,2022-12-29T16:05:47Z,UCWjwOKRRrxhWeZzgdj4qoMw,Pierre Croce Volume 2,2023-01-04T00:00:00Z,529587,28831,0,236,https://i.ytimg.com/vi/JiBKPy13xo4/default.jpg
SS7WKqmev84,Les Enfants SDF au Japon,2022-12-30T13:42:27Z,UCdX4YGh4EH5xDNobHVe4RWA,Tokyo no Jo,2023-01-04T00:00:00Z,160513,11438,0,522,https://i.ytimg.com/vi/SS7WKqmev84/default.jpg
BbK2U7ssSrg,J'AI LA BRAGUETTE OUVERTE PENDANT TOUTE LA VID√âO,2022-12-29T19:00:06Z,UCpeLQhRiHb3DiAFVyAQummw,Marine LB,2023-01-04T00:00:00Z,206809,16728,0,262,https://i.ytimg.com/vi/BbK2U7ssSrg/default.jpg
_dFhDWcJdac,Cette avocate est dangereuse ‚ò†Ô∏è,2022-12-30T14:32:47Z,UCynBu7PDfJsCXeCSqT1QUQw,Vous Avez Le Droit,2023-01-04T00:00:00Z,125405,8284,0,474,https://i.ytimg.com/vi/_dFhDWcJdac/default.jpg
zMsqDi_gNxQ,IL FAIT TOUT NOIR #21 chez Thomas VDB (avec Adrien M√©nielle),2022-12-29T20:32:26Z,UCOVoNHFbubiMjod0VmZeEHQ,Aur√©lien Pr√©veaux,2023-01-04T00:00:00Z,142250,7908,0,205,https://i.ytimg.com/vi/zMsqDi_gNxQ/default.jpg
NJ80Nd5yAq8,MON PLUS BEAU CADEAU,2022-12-30T13:16:18Z,UC5RvmSFOO3NvKTEoIhp0kjg,Caroline,2023-01-04T00:00:00Z,63368,2706,0,70,https://i.ytimg.com/vi/NJ80Nd5yAq8/default.jpg
lTEZmEcY_Xg,NEIMA EZZA X SDM x ASHAFAR X CYRIL KAMER X LIZ - THE EXCHANGE | SNIPES SOUNDBOOTH CYPHER,2022-12-30T11:00:25Z,UC6E0J5AwHJiyQsM4u46f0hQ,SNIPES,2023-01-04T00:00:00Z,412907,7196,0,557,https://i.ytimg.com/vi/lTEZmEcY_Xg/default.jpg
I4Bj7380UI8,Jouer en 96/9 : √áA FAIT QUOI ?,2022-12-29T17:04:16Z,UCRhyS_ylPQ5GWBl1lK92ftA,L√©o - TechMaker,2023-01-04T00:00:00Z,260020,15405,0,763,https://i.ytimg.com/vi/I4Bj7380UI8/default.jpg
lr5TKey83GI,R√âUSSIR EN SOLO LE RAID PYROBUT ( RAID 7 ETOILE FACILE ) | Pok√©mon Violet et Ecarlate,2022-12-30T12:05:06Z,UCk0S1rHGmfKpMDo9FG9ZFAA,Boramy Gaming,2023-01-04T00:00:00Z,37598,1276,0,308,https://i.ytimg.com/vi/lr5TKey83GI/default.jpg
odjlvDyy6h8,Approche scientifique : pourquoi les produits anti-ondes n'ont aucune chance d'√™tre efficaces,2022-12-29T17:03:04Z,UCH6ppHEvV3_WIXEwmhv9HEg,Deus Ex Silicium,2023-01-04T00:00:00Z,172123,15336,0,1781,https://i.ytimg.com/vi/odjlvDyy6h8/default.jpg
EVV3gfJC5nc,OULA #12 ON EST VIEUX,2022-12-29T16:00:05Z,UCuZ6w38DjAZwQj0PlNZT5sQ,Emy LTR,2023-01-04T00:00:00Z,133631,15210,0,135,https://i.ytimg.com/vi/EVV3gfJC5nc/default.jpg
jMueq0U9c-I,5 GROS FLOPPEURS NULS DANS LES MANGA ET ANIMES !  AFRO ROSHI,2022-12-30T17:00:22Z,UCVJSkMJaKp-zqQ6R5jlXDMw,Afro Roshi,2023-01-04T00:00:00Z,62353,11483,0,458,https://i.ytimg.com/vi/jMueq0U9c-I/default.jpg
P1HpzHnzJLU,EN 2023 FAUT ARR√äTER,2022-12-29T10:00:07Z,UCLPSWyuMGlNMM1RK_2EFuIA,Juste Zo√©,2023-01-04T00:00:00Z,182827,18824,0,217,https://i.ytimg.com/vi/P1HpzHnzJLU/default.jpg
9cjXjtnUzEY,Linda de Suza : Le succ√®s et la descente aux enfers chez Thierry Ardisson | INA Arditube,2022-12-28T12:59:58Z,UCNBD4uZG6nWH2MMdgGESisw,INA Arditube,2023-01-04T00:00:00Z,421098,3157,0,458,https://i.ytimg.com/vi/9cjXjtnUzEY/default.jpg
DRGhtfgK204,ASMR c'est DEJA fini pour les micros √† 2400‚Ç¨,2022-12-29T20:00:02Z,UCB8il9i9Bl9mxEaCaClFEXQ,ASMinotauR,2023-01-04T00:00:00Z,60365,3414,0,313,https://i.ytimg.com/vi/DRGhtfgK204/default.jpg
e54-LnFNsbs,R√©sum√© : Charbonnier sauve la peau de Saint-Etienne contre Caen,2022-12-30T20:09:01Z,UCfj4kQ6_mYO5r4hzX5KloVw,beIN SPORTS France,2023-01-04T00:00:00Z,194248,2335,0,373,https://i.ytimg.com/vi/e54-LnFNsbs/default.jpg
Jfyx9xOPPnQ,MON P√àRE de 59 ANS en RS3 de 760 CHEVAUX (J'ai VRAIMENT PEUR....üò∞),2022-12-30T17:24:51Z,UC9Gy70rMPtzP2zK4K2c8SqQ,G3_ADRIEN,2023-01-04T00:00:00Z,54648,4116,0,170,https://i.ytimg.com/vi/Jfyx9xOPPnQ/default.jpg
Kz6yND2j-H0,"Linda De Suza, sa derni√®re interview chez Jordan De Luxe",2022-12-28T11:45:11Z,UCoFreATRzAtkvq2R2yq96ug,Jordan De Luxe,2023-01-04T00:00:00Z,532346,3832,0,546,https://i.ytimg.com/vi/Kz6yND2j-H0/default.jpg
kN94NgOkAYI,MARWA R√âPOND pour MOI!! (je la drague pas),2022-12-28T17:00:03Z,UCCxAWA2XC7LQDjxgYOnmJeA,Bastos,2023-01-04T00:00:00Z,415236,15089,0,352,https://i.ytimg.com/vi/kN94NgOkAYI/default.jpg
