qNpHsPWD3tI,28,dr nozman|nozman|science,False,False
4QEZPRSxUZc,2,automoto|tf1,False,False
xyf_ZSbprL8,26,[None],False,False
mLZEJLHeJYI,23,[None],False,False
hdq9OHbXLSo,24,[None],False,False
5phjqy-IXjo,24,kameto|kamet0|kameto twitch|kameto live|kamel|billy|rebeu deter,False,False
Lkg6rTBd_po,24,fr|france|français|qc|québec|québécois|canada|canadien|gurky dégustation|crash test|gurky ingrédients étranges|insolite|bizarre|étrange|dégustation|défi|expérience|gurky|taste test|comparaison|cuisine|cooking|cuisiner|cuisson sous vide|sous vide|thermocirculateur|Tout cuire Sous-Vide c'est possible|gurky sous vide|gurky expérience|pizza sous vide|ingrédients improbables sous vide|test cuisson sous vide|hot dog sous vide|hamburger sous vide|recette sous vide,False,False
LfqVVOsQ9Wg,24,Henry|Le Rire jaune|Kevin Tran|Henry Tran|Cyprien|Locklear|Squeezie|Gotaga|Doigby|Mastu|Amixem|LOAT|Joyca|Théodore|Amine|Amine m'a tué,False,False
AlEzvJkB4KM,24,Chicherit|Dakar 2023|Daniel Sanders|Etape 3 Dakar|Loeb|Peterhansel|Resume Etape 3|Van Beveren,False,False
I_dooxUEhbw,23,pierre|croce|pierrecroce|funny|marrante|drole|vidéo|vidéos|youtubeur|lol|fun|comedie|comedy|comedien|benjamin|verrecchia,False,False
bwzeqRt8dNs,28,énergie|climat|science,False,False
wYxeFOczOv8,24,Dakar 2023|Dakar 2023 Etape 2|Dakar 2023 Etape 3|Loeb|Mason Klein|Nasser Al-Attiyah|Resume Dakar|Sebastien Loeb,False,False
TJc03EKKU8c,24,sir gibsy|sir gisby|cyprien|fujisan|minori,False,False
HeAituWMZGA,25,kylian mbappe|kylian mbappe nba draft|kylian mbappe psg|kylian mbappe nba|kylian mbappe brooklyn nets|kylian mbappe ovation|Achraf Hakimi|kylian mbappe achraf hakimi|brooklyn nets mbappe|nets spurs mbappe|nets spurs|brooklyn nets|kevin durant|kylian mbappe kevin durant|huffpost|huffington post|huffpost france,False,False
1j34BbdK2F8,22,[None],False,False
HukrhgJc8RY,2,[None],False,False
yiul7rsJDN8,25,faut-il fuir les éxchanges ?|fuir les échanges ?|quitter les exchanges|bonne année|2023|hasheur|hacheur|Owen Simonin|sujets importants 2023|crypto|blockchain|defi|FTX|ust|risques|comportements|résolutions 2023|wallet|binance,False,False
Rz2OxW2x4_4,27,éducation|éducation nationale|education.gouv.fr|yt:cc=on,True,True
rFZ2hVbvXNs,23,amixem|humour|delire,False,False
2yVrWk9WQ2s,27,HugoDécrypte|Hugo|Travers|Hugo Travers|Actus|Reportage|Documentaire|Actus du jour|CIA|John Brennan|Raid|Directeur|Obama|Barack Obama|Etats-Unis,False,False
UMkKrVpyLJo,23,[None],False,False
oPkA9H1gJWM,25,France|Euro|inflation|récession|stagflation|énergie|croissance|dette|immobilier|bourse|Cac40|Nasdaq|taux d'intérêt|krach|épargne|placements|investissement|consommation,False,False
us3F8r0X3Ek,2,[None],False,False
DnL1q7cZIpQ,10,invisible man|invisible man minecraft|invisible man minecraft mais|minecraft mais|minecraft mais avec|minecraft mais 100x plus|minecraft|killian minecraft|build battle|minecraft séurisé|minecraft piégé|labyrinthe piégé|maison piégé minecraft|triche en build battle|invisible man build battle|celui qui construit le meilleur labyrinthe piégé gagne|lego build battle|lego minecraft|j'ai triché avec des lego minecraft|amixem lego|build battle lego,False,False
04ym2IlpUXU,23,[None],False,False
ec7FleG4WyY,17,Résumé 17ème journée|résumé|résumé Ligue 1 Uber Eats|buts Ligue 1 Uber Eats|but Ligue 1 Uber Eats|ligue 1|Ligue 1 Uber Eats|championnat|journée|football|foot|match|France|sp:ty=high|sp:dt=2023-01-01T00:00:00Z|sp:vl=fr|sp:st=soccer|sp:li=france,False,False
nQdnzKw6UAs,17,manchester united|mufc|man utd|manutd|mu|ggmu|old trafford|goals|highlights|raphael varane|jadon sancho|cristiano ronaldo|ronaldo|ronaldo goals|david de gea|de gea|maguire|shaw|fred|mctominay|man utd goals|Elanga|Rashford|Marcus Rashford|Bruno|Bruno Fernandes|Lindelof|Erik ten Hag|Ten Hag|Martinez|Malacia|Eriksen|Casemiro|Antony|MU Highlights,False,False
C5iUX3fa52c,25,[None],False,False
rrcWc-77KX0,10,MIG|mig|migue|mige|mig 2020|mig officiel|mig official|mig clip video|mig rap|mig clip|mig rap français|mig Barbara kean clip|mig comme johny|mig faits divers|mig paroles|mig 18 mars|mig 30 septembre|Mig - Pas ralentir 3 (Clip officiel)|Mig - Pas ralentir 3|mig barbara kean clip|Mig - Pas ralenti,False,False
RryELkLiZO4,27,betonnière|ciment|gravier|sable|fondation,False,False
oTi00ML4pT4,24,[None],False,False
HhbNue81zaA,24,[None],False,False
iwuE_TXhOV8,10,Skyrock|Planète Rap|Rap|Freestyle|Fred Musa|2022|Rap 2022|Paris|Fred de Sky|Live|Yanns|Partir Loin|Clic clic pan|clic pan|pan|Cloud|Marwa Loud,False,False
uPyfcZmwCKM,24,[None],False,False
44t6gq-rPiQ,17,[None],False,False
Ijg_5Qy_gGw,20,unchained|unchained_off|unchained off|unchained fortnite|fortnite unchained|fortnite|fortnite battle royale|gaming|gameplay|fortnite gameplay|fortnite chapitre 3|fortnite update|fortnite nouvel item|fortnite leaks|fortnite event|mr beast fortnite|fortnite chapitre 4|chapitre 4|mise à jour|fortnite mise à jour|vbucks|vbucks gratuit|défilé de mode|concours de skins|fortnite skin|skin|j'ai dépensé _______€ sur fortnite|combien j'ai dépensé sur fortnite,False,False
fE1SfV-tpK8,20,Kaydop|rocket league|rlcs|vitality|rocket league kaydop|kaydop rocket league|kaydop settngs|kaydop gotaga|kaydop 1v4|flip reset|rocket league skills|rocket league dribble|rocket league techniques|kaydop 2vs2|solary|solary kaydop|solary rocket league,False,False
UQR5Z6v2j54,20,Cache Cache|Valouzz|Mercredi|Cache Cache Mercredi|Mercredi Netflix|Netflix|Cache Cache Fortnite|Fortnite Créatif|Fortnite|Valouzz Fortnite|Valouzz Cache Cache,False,False
TrlsjGxeqVs,20,Souen|Souen v.2|Souen V2|FIFA 23|twitch|best of|fun|troll|tryhard|foot|football|fut 23|carriere|manager|entraineur|souenito|de la vega|ronaldom,False,False
KZssQZ5hqaQ,23,[None],False,False
RgQ8rvf42HE,20,fortnite|zetfar|défi|faire|top 1|qu'avec|les|je|ne|peux|pas|looter|mes|ennemis,False,False
W85l-5j8HHU,20,squeezie best of|squeezie moments marrants|squeezie compilation|squeezie 2022|squeezie rewind|squeezie méga,False,False
MxXUeohsBrw,17,Olympique de Marseille|OM|chaine|Marseille|football|soccer|Fútbol|video om|montpellier marseille|résumé montpellier om|résumé Om|résumé marseille,False,False
l1iyMZ3S5Vo,20,[None],False,False
Gcrl1HgpV1Q,17,contes de foot|conte de foot|dribble|skills|art|football|ronaldinho|okocha|taarabt|ben arfa|messi|messi skills|ronaldinho skills|neymar|neymar skills|maradona|ronaldo nazario|robinho|garrincha|pelé|matthews|cruyff|cruyff skills|pele skills|figo|zidane|zidane skills|maradona skills|ronaldo skills|cristiano|elastico|sombrero|dribbles|george best|nani|quaresma|sofiane boufal|eden hazard|mbappe|dembele|mbappe skills,False,False
0rNvCXRUbQk,26,mayadorable,False,False
_ZAgIHmHLdc,10,HYBE|HYBE LABELS|하이브|하이브레이블즈,False,False
6lXXZabyLzk,20,michou|michouoff|off|best of|video,False,False
zdhWNYf7XXI,20,moi c'est noa|Noa.|noa|thread,False,False
YbUzSXqbhZA,2,alphadelta06|alphadelta06 vlog,False,False
wCY1qvel3ug,17,[None],False,False
zAZnRi8i26g,17,[None],False,False
wiyHdhJx650,17,[None],False,False
JTBaIptvbz8,20,[None],False,False
cYt0k108JWY,20,poppy playtime 3|ne choisissez pas|minecraft ne choisissez pas|ne choisissez pas minecraft|minecraft tete|famille addams|minecraft famille addams|minecraft mercredi addams|mercredi addams minecraft|mercredi addams|morticia addams|mercredi netflix|boxy boo|minecraft boxy boo|boxy boo minecraft|project playtime|boxy girl|tombe|tombe secrete|minecraft tombe|tombe minecraft|luca et alberto|encanto|Enid Sinclair|tete minecraft|minecraft morticia addams,False,False
Zm1VIGNmPxI,10,NPR|NPR Music|National Public Radio|Live|Performance|tiny desk|tiny desk concert|tony desk|tiny concert,False,False
J6W9FVrj0-c,17,emission|basket|nba|Apéro TrashTalk,False,False
T70sk6gfQ6c,17,Sky Sports|Sky Sports Football|ronaldo|cristiano ronaldo|ronaldo al nassr|al nassr|cristiano|saudi arabia|ronaldo presentation|ronaldo press conference|ronaldo unveiling|football|soccer|premier league|premier league goals|premier league highlights|premier league stream|arsenal|newcastle|manchester|man utd|man city|liverpool|chelsea|spurs|tottenham|gary neville|jamie carragher|roy keane|messi|lionel messi,False,False
mH1Bt-eSRDE,17,[None],False,False
14PRLutFE0s,2,Akr|Nissangtr|Nissan|Gtr|Drift|Grip|Circuit|Akramjunior|Benji,False,False
Y3PcXmcZUQ4,28,Matière noire|théorie MOND|Astronomie|espace|hugo lisoir dnde,False,False
3C_Z3cRq560,24,pêche|peche|peche au leurre|peche du brochet|scarna fishing|bar decume|kanalgratis|pike and wild|pike fight|battle|fishing battle|fishing tournament|pike fishing|fishing|pond fishing|big fish|big pike|record|poisson record|énorme brochet|fishing club|CLASH de PECHE ! Battle pêche du brochet en 1 vs 1 -- Tosh vs Canito|clash|clash peche|tosh vs canito|pêche du brochet en 1 vs 1,False,False
hrBrdZDlcZQ,24,slash|francetv|france télévision|francetv slash|talk|artiste|talents|sophie marie larrouy|À bientôt de te revoir|Podcast|podcast filmé|discussion|interview|Humour|Artiste|Blagues|Interview|Spectacle|Scène|Show|Clara Luciani|Chanteuse|Clara Lu|Respire encore|Clara Luciani - Cœur|Clara Luciani concert|Clara luciani live,False,False
HoPquO6xTF4,24,konbini|kombini,False,False
AAh3HRyI7XQ,28,Apple|achat apple|apple park|iphone|mac|siege social apple|steve jobs|histoire apple|iphone 15|iphone 15 pro|keynote apple|rumeurs iphone|iphone pliable|macbook|ios|nouveautés|ios 16|ios 17|interieur apple|steve jobs theater,False,False
osQsfiBzt1o,17,foot|football|streaming|direct|match|sowdred|ligue 1|paris saint germain|paris sg|paris|psg|lens|rc lens|rcl|lens psg|lens vs psg|lens paris|lens vs paris|lens paris sg|lens vs paris sg|rcl psg|rcl vs psg|rcl paris|rcl vs paris|psg lens|psg vs lens|psg rcl|paris lens|match en direct|matche en direct|match en direct aujourd-hui|match lens psg en direct|lens psg live|lens paris live|rcl psg live|live psg lens|psg live|psg match|lens live,False,False
iavby9hqI6k,17,RC LENS PSG|Lens Paris|Résumé RC LENS PARIS SAINT-GERMAIN|Résumé RC LENS PSG|RC LENS|Lens|PARIS SAINT-GERMAIN|Paris|résumé|buts|but|résumé Ligue 1 Uber Eats|ligue 1|ligue 1 uber eats|L1|championnat|journée|football|foot|match|France|sp:ty=high|sp:dt=2023-01-01T20:45:00Z|sp:vl=fr|sp:st=soccer|sp:li=france|sp:ti:home=RC LENS|sp:ti:away=PSG,False,False
74-hMv9X2VY,22,[None],False,False
P0rJEdXNwP8,24,games|twitch|locklear|locklir|locklear vod|locklear replay|locklear rediff|locklear react|react|locklear sheshounet|sheshounet|locklear react sheshounet|react sheshounet|sheshounet calisto protocol,False,False
DmlEvKTPc2Y,26,romy|romy victory|victory|vintage|romyvictory|francais|vlog|fashion|beaute|old money|academia|preppy|haul|try on|outfits|idee|idees|outfit,False,False
xAtULTJeszo,24,LOdoesmakeup|makeup|beauty|beauté|beauty blogger|cadeaux de noël|xmas presents|what i got for xmas|what i got for christmas|ce que j'ai eu pour Noël|soldes|soldes hiver|haul|luxury|luxe|déménagement|nouvelle maison|noel 2022|hiver 2022|soldes 2023|hermes|intérieur|la redoute,False,False
ctcKeLMpu5A,1,SciFi|Science Fiction|SF Française|Neuxs VI|Neuxs 6|Vaisseau Spatial|Spaceship|Capitaine Nexus|Blida|Metz|Fensch Toast|Pitch Black|James Cameron|Avatar 2|La Voie De L'eau|Aliens|Abyss|Titanic|Avatar|Naavis,False,False
dQYG8eL-y_c,24,asmr|alteanne|dormir|kali|tom asmr|relaxation|trigger|déclencheur|frissons|blue yeti|relax|tina asmr|asmr fr|stress|sleep|deep sleep|tingles,False,False
cbiobXBtskA,24,Benavides|Carloss Sainz|Dakar 2023|Etape 1 Dakar|Loeb|Resume Dakar|Ricky Brabec|Van Beveren,False,False
V5rzYtQVf7g,24,dooms|youtubeuse|gaming|youtubeusegamingdooms|humour|divertissement|cuisine|cuisine de l'extreme,False,False
fqrN307EVnY,17,foot|football|streaming|direct|match|sowdred|ligue 1|paris saint germain|paris sg|paris|psg|lens|rc lens|rcl|lens psg|lens vs psg|lens paris|lens vs paris|lens paris sg|lens vs paris sg|rcl psg|rcl vs psg|rcl paris|rcl vs paris|psg lens|psg vs lens|psg rcl|paris lens|match en direct|matche en direct|match en direct aujourd-hui|match lens psg en direct|lens psg live|lens paris live|rcl psg live|live psg lens|psg live|psg match|lens live,False,False
qTRhRqZ8aeg,24,djilsi|france|google map|on va ou|camera cachee|cache la cam|sidjil|fac|amixem|mastu|defis|challenges|vlogs|toulouse|hasard|instagram|story time|anecdote|mcfly|carlito|accident|aventure|survivre|cache|clio|rip|piercing|roulette russe|roulette|russe|gage|defi|nerf|velo|paris|frontiere|pekin express|parodie|requins|mont blanc|entrainement|escalader|escalade|laponie|moto|neige|grand prix eplorer|formule 4|squeezie|camping car|etats unis|usa|las vegas|los angeles|bonheur,False,False
BznsINrR3Eg,20,poncefesse|rivenzi|ponce|twitch|live|best of 2019|best of ponce|poncezap|poncezap 2019|lestream best of|ponce la nuit|ponce storytime|ponce mariokart|mariokart|ponce youtube|zap ponce|best of 2022|best of ponce 2022|best of 2022 ponce|poncezap 2022|ponce best of|2022|les meilleurs moments|les meilleurs moments de 2022|2022 ponce|ponce 2022|mes meilleurs moments|moments 2022|mon année|année 2022|mon année 2022|récap 2022,False,False
MNogvDlls_g,2,automoto|tf1,False,False
tnykCiOUthc,10,inox|inoxtag|inox dans la zone|inoxtag dans la zone|dans la zone|inoxtag musique|inoxtag son|inox crazy frog remix|remix crazy frog inox|drill jersey|drill|jersey,False,False
lFSAwMOyAfU,24,Adem|et|bilal|Tu ris|ris|perds|tu perds|rigoler|funny|gagné|perdre|cadeau|lacoste|argent|tune|billets|ps5|défis|challenge|défi|tu payes|ruiner|gênant|gêne|blagues|rire|A&B|frère|Dubaï|brother|-2000€|-10 000€|Fou rire|Pleurer|frissons,False,False
0N0KmkVaCU0,24,kfc|noel|japon|tev|louis,False,False
VCsyHVKLXUg,24,asmr|coiffeur|coiffure|cheveux|rp|roleplay|jeu de role|scalp|massage|cuir|chevelu|play|joue|attention|personelle|personal|french|français|brosse|brush|peigne|cut|salon|spa|ciseaux|sound|son|coupe|shampooing|crinkle|tapping|scratching|close up|micro|inaudible|whisper|chuchote|amie|friend|voice|voix|doux|soft|fille|girl|paper|papier|liquide|rain|pluie|spray|mousse|foam|pinceau|visage|face|sleep|dormir|help|aide|insomnie|s'endormir|relax|relaxation|détente|bien etre|frisson|tingles|triggers,False,False
fHXy0SI3qKI,17,[None],False,False
Q5smEE8QCMs,24,Anas video|Bledard|Motivation|Story|Dépression|Déprime|Conseils de vie|anas,False,False
zCUFchYPU3I,24,dhm|Unchained|power jumper|bricebbrice|pjp|Unchained off|Brice|DHM|dhm pjp|dhm unchained|dhm brice|pgw|Cache cache|cache cache youtubeur|cache cache pgw|Le premier qui me trouve gagne|dhm cache cache|LE DERNIER QUI SORT DU CERCLE GAGNE 1000€|le dernier qui|last to leave|mrbeast|mrbeast en français|dernier a quitter challenge|le dernier qui sort du cercle a gagné|unchained fortnite|dhm fortnite|michou|inox,False,False
7AsugG5oF3A,20,Dokkan battle|Dbz dokkan battle|dokkan|battle|Yekais|Shini|Lilian31|Triple duel|Triple duel invocation|Invocation|triple duel dokkan battle|triple duel invocation dokkan battle|duel dokkan battle|Yekais shini lilian|Duel invocation|invocation dokkan battle|Gohan beast dokkan battle|Yekais vs shini|Shini dokkan battle,False,False
tUCT82t1Y8Q,22,got the beat|갓더비트|보아|boa|소녀시대|girls' generation|snsd|태연|taeyeon|효연|hyoyeon|hyo|레드벨벳|red velvet|슬기|seulgi|웬디|wendy|에스파|aespa|카리나|karina|윈터|winter|girls on top|stamp on it|choreography|stage|video|dance|스탬프온잇|안무|무대|라이브|smcu|smtown|2023,False,False
uyU9LFoqNK0,24,[None],False,False
e6K24ekzkzU,24,best of de l'année|2022|bonjour 2023|nouvelle année|nouvelle vie|pidi|valouzz|dozo family|vie de parents|tout se que je vous ai caché,False,False
yqKBndjsf5o,28,jamy|jamy gourmaud|c'est pas sorcier|jami|le monde de jamy|épicurieux|gueule de bois|gueule de bois remède|gueule de bois que faire|trop bu|La gueule de bois Jamy|La gueule de bois|D'où vient l'expression gueule de bois ?|les symptômes de la gueule de bois|Pourquoi a-t-on la gueule de bois ?|Y-a-t-il un remède à la gueule de bois ?|Pourquoi a-t-on la gueule de bois,False,False
4M4NSJY5paE,27,nota|bene|histoire|uchronie|pensée|expérience|et si|outil|historien|science|test|hypothèse|mythe|casser|briser|grand homme|prouver|leçon|enseigner,False,False
oeLzRyHy8Dw,28,major mouvement|objectifs2022|2022|bonheur|bilan|échec,False,False
AhM2E86ktYA,20,locklear best of|locklear live|locklear twitch|locklear irl|locklear best moments|locklear recap|locklear tik tok,False,False
WohPoayqABk,27,boss|tragiques|4 boss ico|boss iconoclaste|jeu vidéo|jeux vidéo|zelda|wind waker|ganon|ganondorf|inscryption|leshy|nier|replicant|beepy|it takes two cutie|it takes two|iconoclaste,False,False
yYafhW21OxQ,20,myrolame|minecraft|100 jours|minecraft hardcore|j'ai survécu|100 jours minecraft|survivre 100 jours|survivre,False,False
CcMpSa8Ylkg,24,[None],False,False
aqKslraStas,26,jenesuispasjolie|mode|health|look|lifestyle|déco|maison|business|naturel|entrepreneur,False,False
N-JYKFeMqbs,23,[None],False,False
CwcvrnCbC1U,20,minecraft|minecraft ninjaxx|ninjaxx|ninjax,False,False
lxN4dmIMf7c,27,baladementale,False,False
M7PNQslHR7Q,24,My|Better|Self|mybetterself|bilan|bilan de l'année|nouvelles résolutions|objectifs|atteindre ses objectifs|aller mieux|psychologue|couple|amour|comment séduire|comment se mettre en couple|comment séduire un homme|s'accepter,False,False
6RBoo2ThcA8,17,Clermont|Foot|63|Auvergne|ligue|professionnel|CF63|LFP|Football|soccer|ligue 1|uber eats|puy de dome|résumé|vidéo|highlight|buts|goals|ol|lyon|olympique|lyonnais|victoire|muhammed|cham,False,False
UdCTKR5vhBA,17,Brentford Football Club|Brentford FC|Brentford|Premier League|EPL|FPL|Football|Soccer|Premier League Football,False,False
Z_zoYcN462Q,22,Vinceeh|Sneakers|Boite Mystère|Wethenew|New Balance|Cactus Jack|Nike|Air Max,False,False
lI_y4NYa5Yo,23,humour|twitch|live|stream|streaming|emission,False,False
mmmVXGm9k2A,20,fortnite|zetfar|défi|faire|top 1|qu'avec|les|coffres|adoubés,False,False
2eu7WOl5JcY,17,musculation|bodytime|alex pj|perte de poids|se muscler|programme muscu|prendre muscle|transformation physique|coach sportif|twm bodytime|alex bodytime|pj bodytime|abdos|fitness,False,False
ovpUf_U70fk,20,fortnite|wazz|manette|gameplay|tuto|tutoriel|joueur pro|pro|s'entrainer|scrim|cache cache|cache-cache|tilted towers|100 joueurs|zetfar|wazz zetfar|cache cache wazz|cache cache tilted|énorme cache cache|cache cache géant|cache cache tilted towers|toute la map|map entière|saison 2|season 2|cache cache extrême|chapitre 4|nouvelle map|meilleur cache cache,False,False
ouli1MEgh-4,20,Clash Royale|Clash Royale Game|Supercell|Supercell Game|Clash Royale Supercell|Mobile Game,False,False
epKRJ6xSZWo,20,clash of clans|COC|Clash of Clans Gameplay|Clash of Clans Strategy|Clash of Clans Animation|Clash of Clans Commercial|Clash of Clans Attacks|Clash of Clans Town Hall|Hog Rider|PEKKA|Clan Wars|season challenges|clan war leagues|clash on|clan game|clan games|clash-a-rama|clasharama|warrior champion|royal champion skin|lunar new year|happy new year|lny|new scenery,False,False
fX5CsZDdmIg,24,Came kms|Tiktok couple|Camelia 92|Kms et camelia|Couple goals|Kms|Camelia|Tiktok|Kms video|2v|Camelia video|Dating|Couple|Drague,False,False
KwxVWvqlsio,25,emmanuel macron|france|élysée|président|politique|gouvernement|direct|streaming|live|macron|voeux|voeu|tv|allocution|déclaration|bilan|2022|2023|brégançon|bureau,False,False
xxg3p2ejVFU,20,fifa 23|fut 23|r2s|pack|opening|pack opening|fifa|fut|rewards|recompenses|icone|icones|icon|player pick|choix joueur|player pick icon|icon player pick|icone choix joueur|choix joueur icone|choix icone de base|icone de base choix|choix joueur icone de base|player pick icon baby|icon baby player pick|icone pack|pack icone|recompenses fut champions|rewards fut champions|winter wildcard|icon sbc|icon pack player pick|icone pack choix joueur|fifa23|fut23|r9,False,False
1rBjFL_XxYA,10,Mig|Pas de ralentir 3,False,False
xGd_HhPYX4A,20,brawl stars|mobile game|mobile strategy game|mobile rpg|mobile battle royale|battle royale|supercell game|brawlies|2022|community award|award show|best,False,False
67p6VYgfsX4,24,tibo inshape|teamshape,False,False
6iMJ2Gf-b7U,20,af5|pack opening|draft|futchampions|pro fifa|psg af5|vidéo fifa|fifa france|arsenef5|arsene|tuto fifa|fifa af5|fifa francais|fifa fr|fifa 23|af5 fifa|fifa 2023|fut 23|fut 2023 af5|fifa 23 fr|fifa 23 francais|youtubeur fifa|draft fifa 23|carriere fifa 23|fifa 23 af5|arsene fifa|fifa 23 défi|fifa 23 draft|GAGNER UNE DRAFT 100% LOBS ! FIFA 23|draft lobs|lobs fifa 23|draft en lobs|défi af5|fifa af5 draft|af5 fifa 23|draft fifa,False,False
tGZJ44EWVsk,24,fabi1|fab1|fabien|fabien local|fabi1 local|fab1 local|ES-TU TOUJOURS EN COUPLE ? (toujours plus indiscret)|ES-TU TOUJOURS EN COUPLE ?|ES-TU TOUJOURS EN COUPLE|TOUJOURS EN COUPLE|TOUJOURS EN|EN COUPLE|ES-TU TOUJOURS|ES-TU TOUJOURS EN|TU TOUJOURS EN COUPLE|EN COUPLE ?|toujours plus indiscret|toujours plus|plus indiscret|nouveau local|nouveau local lebouseuh|fabi1 thea|fabi1 anecdote|fabi1 faq|fab1 faq|fabi1 lebouseuh|faq couple|thea et fabi1,False,False
yKqDXjg1VOU,24,hugoposé|retour|hugoposay retour|hugoposay retour explication|pause|hugoposay pause|pourquoi hugoposay ne fait plus de video|pourquoi hugoposay ne sort plus de video|faq|hugoposay faq|pourquoi hugoposay arrete youtube|il faut qu’on parle|hugoposay il faut qu’on parle|hugoposay age|hugoposay post it|hugoposay youtube|le vendredi des vrais|hugoposé 2022,False,False
AwGsSvOwqd8,24,fatos nano|noizy|noizy fatos nano,False,False
CVPUDbUnAcQ,24,linca|loat|réact|réaction|vidéo réaction|pensionnat à la campagne|de chavagne|de sarlat|mais il a essayé de la tuer là,False,False
UOMqYrbRncY,23,Maskey|Maskeylevrai|podcast|humour|drole|foire|aux|crevards|fac,False,False
u00FkVlbOyM,24,[None],False,False
2FcDNi1HkfI,24,fireworks|NYE|new year countdown 2023|fireworks live|big ben|NYE 2023|fireworks 2023|NYE 2023 fireworks|NEW YEAR'S EVE|new year's fireworks 2023|London NYE Fireworks 2023|2023 London Fireworks|London New Year's Day Fireworks|Fireworks london 2023|Fireworks london eye|fireworks big ben|London Fireworks new year's eve|BBC New Year's Eve Fireworks|UK Fireworks 2023|london fireworks|NYE fireworks|london eye,False,False
BlSZMvUTLPI,24,Bonne année 2023|voeux 2023|vœux 2023|meilleurs voeux,False,False
EEvcJPRPEQA,17,Résumé 16ème journée|résumé|résumé Ligue 1 Uber Eats|buts Ligue 1 Uber Eats|but Ligue 1 Uber Eats|ligue 1|Ligue 1 Uber Eats|championnat|journée|football|foot|match|France|sp:ty=high|sp:dt=2022-12-28T00:00:00Z|sp:vl=fr|sp:st=soccer|sp:li=france,False,False
8c3eiHwpKM4,26,Fastgoodcuisine|Fastgood|Fastfood|Fastfoodcuisine|Food|Fast Food|McDonalds|McDo|mcdonalds mukbang|mcdonalds menu hacks|je teste un mcdo|mcdo challenge|degustation mcdo|dégustation burger|big mac|dégustation mcdo|big burger|fastgoodcuisine mcdo|mc donalds|Fastfood corée|fastfood mythe|Kfc|kfc fastgoodcuisine|Burger king|kfc asmr|Japon|Japan|KFC au Japon|Fastfood au japon|FastGood Japon|Japon fast food|Je Teste KFC Au Japon,False,False
keFRueltLIU,1,東京リベンジャーズ|東京リベ|東京卍リベンジャーズ|東京卍會|少年マガジン|東リベ|タケミチ|マイキー|佐野万次郎|三ツ谷|場地圭介|場地|松野千冬|千冬|乾青宗|イヌピー|九井一|ココ|イヌココ|八戒|柴八戒|柴太寿|太寿|柴柚葉|林勇|花江夏樹|榎木淳弥|杉田智和|小松未可子|新祐樹|松岡禎丞|畠中祐|ブラックドラゴン|聖夜決戦編|聖夜決戦|黒龍|ドラケン|狩野翔|ヒゲダン|髭男|Official髭男dism|ホワイトノイズ|OP|オープニング|アニメ|東卍,False,False
gL0iO4DthRs,10,MBC가요대제전|Lee Junho|Yoona|Jang Sung Kyu|MBC Music Festival|2022 Music Festival|2021 MBC Music Festival|에이티즈|할라지아|ATEEZ|HALAZIA,False,False
1k_uJwXoFlk,20,JDG|Joueur du Grenier|Best-of|Twitch|Fred|Soirée anecdotes|Papy Grenier|Cyberpunk 2077|Street of Rage,False,False
LZ-E5K5u8PI,10,Maboko Milayi|afro beat|afro congo|awilo longomba|djizzo|innoss'b|jeune leader|kinshasa|m soul records|nouveau clip innoss'b|rumba,False,False
FwT_A5hOS7I,26,Indépendance financière|comment Devenir Riche|liberté financiere|les brics dans la mondialisation|les brics ont démoli le g7|brics monnaie|monnaie de réserve|la chute du dollar et de l'euro et comment en profiter|fin de l'hégémonie américaine|fin de l'hégémonie occidentale|nouvelle monnaie brics|étalon or explication|michael ferrari avis|michael ferrari formation|nouvel ordre mondial|exporter l'inflation|chute de l'occident|kadhafi|dinar or|fin du dollar,False,False
SDojD19oMzM,27,écriture|indéchiffrables|egypte|hieroglyphes|pierre de rosette|code|histoire|science,False,False
NJIITj3m2tg,17,Arsenal|Arsenal FC|Arsenal Football Club|Football|Club|EPL|Premier League|Soccer|Sport|Team|Oleksandr Zinchenko|Alex Zinchenko|Mana Iwabuchi|Kieran Tierney|Teirney|meidema|Aaron Ramsdale|Takehiro Tomiyasu|granit xhaka|gabriel martinelli|bukayo saka|Thomas partey|Gabriel Magalhaes|Odegaard|Odegard|Ødegaard|Smithrowe|Gabriel Jesus|smith rowe|arsenal highlights|arsenal training|mikel arteta,False,False
ZnKTDzV5Mlo,23,expérience|experience Tik-Tok|experience Tik Tok|Tik Tok|Tik-Tok|test|les pires|pire|pire experience|super|superconeri|superconnerie,False,False
SszP3hlQ55Y,10,KQ|케이큐|에이티즈|ATEEZ|HONGJOONG|SEONGHWA|YUNHO|YEOSANG|SAN|MINGI|WOOYOUNG|JONGHO|홍중|성화|윤호|여상|민기|우영|종호|에이티즈 영상|에이티즈 세계관|에이티즈 티저|ATEEZ 티저|KPOP Music video|ATEEZ MV|ATEEZ TEASER|KQ엔터테인먼트|KQ Entertainment|에이티즈 더월드 시리즈 뮤비|에이티즈 뮤비|에이티즈 뮤직비디오|에이티즈 할라티즈|ATEEZ HALATEEZ|HALAZIA|할라지아|ATEEZ 스핀오프|에이티즈 스핀오프|ATEEZ SPINOFF|에이티즈 할라지아 티저|에이티즈 할라지아|에이티즈 뮤비 티저|에이티즈 스핀오프 티저|할라지아 뮤비|할라지아 뮤직비디오|에이티즈 할라지아 뮤직비디오,False,False
uGxGzgxb4IA,20,yekais|dokkan battle|dokkan battle fr|dokkanbattle|invocation dokkan battle|dokkan|invocation dokkan|dragon ball dokkan battle|dragon ball dokkanbattle|dbz dokkan battle|yekais dokkan|yekais dokkan battle|ultimate duel invocation|ultimate duel invocation dokkan battle|triple duel invocation dokkan battle|duel invocation dokkan|yekais vs shini|yekais vs lilian|yekais shini lilian|gohan beast|triple duel invocation gohan beast|dokkan battle gohan beast,False,False
cyQiTNTuDI8,24,Inoxtag|Inox|Inox 2021|best of inoxtag|best of inox|meilleur moment inoxtag|Nouvelle année 2022|Best of,False,False
skO_bVXMWzU,25,global news|dubai fireworks|dubai fireworks show|dubai fireworks display|dubai nye|dubai nye show|dubai new year's eve fireworks|dubai nye fireworks|dubai burj khalifa show|dubai burj khalifa|new years eve|new years 2023|new years eve fireworks|nye fireworks|uae fireworks,False,False
syN5zTH51FA,28,die hard|noel|bruce willis,False,False
Nlix387k_Z4,24,[None],False,False
3tApQl8ZTYU,17,Jey Uso|Jimmy Uso|John Cena|Kevin Owens|Paul Heyman|Roman Reigns|Sami Zayn|Solo Sikoa|superstars|world wrestling entertainment|wrestle|wrestler|wrestling|wwe|wwe 2021|مصارعه|कुश्ती|डब्लू डब्लू ई|पहलवान|मैच|व्यावसायिक कुश्ती|सुपरस्टार|Smackdown clips|smackdown highlights|smackdown winners|smackdown match card|smackdown tonight|friday night smackdown|wwe smackdown|smackdown 2022|smackdown fox|john cena|john cena returns 2022,False,False
KEj2N_-54U0,10,Prodiges|France 2|Musique classique|concours|chant|lyrique|prodiges france 2|danse classique|chant lyrique|musique|2021|saison 8|Faustine Bollaert|Gauthier Capuçon|Marie-Claude Pietragalla|kids|talent show|2022|talent|dance|music|danse|faustine bollaert|chorégraphe|violoncelliste|danseuse étoile|Julie Fuchs|soprano|Divertimento|Zahia Ziouani|orchestre|29 décembre 2022|saison 9|Prince|Sinéad O'Connor|Nothing Compares 2 U|sacha|finale|gagnante,True,False
dSk-m4GCt50,24,CLIQUE|MOULOUD|CLIQUE TV|CANAL+|CANAL PLUS|CLIQUE X|Mouloud Achour|INTERVIEW,False,False
SEitMwDvkCw,20,Pokemon|race|shiny|josplay|sneaze|redemption|vohlt|hexakil|shyro|yubeldark|royal munjask|shiny race|course shiny|youtubeurs,False,False
_xTWyoq9xz8,24,RebeuDeter|Billy|AmineMaTue|Amine|Jeu horreur|Jeu|Horreur|Live|Best of|Rediffusion|Twitch|Amine et Billy|Shrek|Hotel|Hostel|Five night|5 nuits|Screamer,False,False
CO4n4eIM3Z4,24,sir gibsy|sir|gibsy|sans langue de bois|analyse|analyse non constructive|critique|avis|fr|norman|cyprien|squeezie|mister v|feldup,False,False
-DpNMnVHWLc,24,Adem&Bilal|Team A&B|Urus|Dubaï|challenge|défi|défis|A45 AMG|LAMBORGHINI|frère|COURSE|voiture|vitesse|funny|1vs1|VS|300km,False,False
lF0hCExlR2o,20,Fuze|FuzeIII|Minecraft|Moddé|Ikea|Construction|Magasin|Meuble,False,False
Iu1g6IR62l4,24,[None],False,False
sVjpD_yRyHI,20,michou|michouoff|off|best of|video,False,False
3GFRMwS-M2E,24,apo|appo|doc|docjazy|fun|funny|teamcrouton|croutonapo|croutondoc|experience|drole|chimie|volcan,False,False
TsjKoo9SKaY,20,gaming|funtage|fun|delire|stelius|funny|moments|funwise,False,False
PthR3w0zLkw,24,[None],False,False
CIvp3DrIAlk,10,[None],False,False
L5Pw-2IH3XA,17,Foot|Football|résumé|highlights|but|buts|FC Barcelone|Barça|Marc-Andre ter Stegen|Jules Kounde|Pedri|busquets|gavi|raphinha|Robert Lewandowski|Ousmane Dembele|Jordi Alba|ansu fati|ferran torres|Frenkie De Jong ; Memphis Depay|Franck Kessie|Miralem Pjanic|Espanyol barcelone|barcelone|Alvaro Fernandez|Oscar Gil|Vinicius de Souza Costa|joselu|Martin BraithwaiteSergi Darder|Edu Exposito|Javi Puado|Wassim Keddari|Dani Gomez,False,False
fCMHWVtgy4I,24,[None],False,False
2ljvTgnOAMA,17,résumé|highlights|real|de|madrid|valladolid|ronaldo|cristiano|cr7|karim|benzema|nueve|la|liga|eduardo|camavinga|fc|foot|football|club|barcelone|barcelona,False,False
0GVQX3D3V5c,20,clash of clans|COC|Clash of Clans Gameplay|Clash of Clans Strategy|Clash of Clans Animation|Clash of Clans Commercial|Clash of Clans Attacks|Clash of Clans Town Hall|Hog Rider|PEKKA|Clan Wars|season challenges|clan war leagues|clash on|clan game|clan games|clash-a-rama|clasharama,False,False
Q_widED2iDo,17,football|challenge|today it's football|tifamily|tif|defi|vinsky|boume|boume sama|foot|soccer,False,False
GpaAvEiDbb8,22,[None],False,False
XtvxbYXlo3A,17,Olympique de Marseille|OM|chaine|Marseille|football|soccer|Fútbol|video om|om toulouse|om tfc|but payet noel|but rongier|but kolasinac|tfc om|om resume|om highlight|nuno tavares,False,False
LsDfuPltYgU,24,[None],False,False
WaQMD3sYZiw,17,liga|laliga|laliga santander|football|resumen|goles|highlights|goal|gol|penalty|expulsión|expulsion|Sergio Leon|Sergio León|VAR|Ancelotti|Pacheta|Javi Sánchez|Javi Sanchez|header|cabezazo|Kroos|Vini Jr.|Vinicius Jr|Vinícius Jr|Fresneda|Fede Valverde|Joaquín Fernández|Joaquin Fernandez|Escudero|Roque Mesa|Masip|Courtois|paradon|paradón|top save|Monchu|Aguado|Ivan Sanchez|Oscar Plano|Óscar Plano|Asensio|Ceballos|Carvajal|Rudiger|brace|double|Alaba|Mendy|Camavinga,False,False
JIUYCBTaRzA,28,science|ressources|humanité|disparaître|humain|civilisation|épuisée|importante|minerai|or|lithium|particules|métaux|cuivre|pétrole|stock|extraire|exploitation|technologie|gisement|réserve|métal|bijoux|diamant|ressource|forage|industrie|manque|eau|douce|désassellement|assèche|climat|nourriture|miel|abeilles|rendement|fruit|légume,False,False
yGKMgWHHVfw,20,Jeux vidéo|Jeu vidéo|Gaming|Game|fps,False,False
wiIfat5ObSk,23,PRINCE|HUMOUR|GTA ANAS|GTA PRINCE|PRINCE ET ANAS|PRINCE GTA RP|GTA RP,False,False
FA5jJrgFsk0,22,local|le local|les inachevés|romain|lebouseuh|pidi|thea|fabi1|romain gamain,False,False
OARVElr0wb4,26,plan de travail|samuel mamias|travail du bois|menuiserie|ébénisterie|bois|fabrication|fait maison|menuiserie bois|menuiserie bois fabrication|meuble cuisine|plan de travail massif|assemblage plan de travail|fabrication plan de travail|plan de travail cuisine|plan de travail cuisine bois|plan de travail bois|meuble de cuisine|fabrication caisson bois|fabrication caisson cuisine|fabrication de caisson|samuel mamias atelier|samuel mamias youtube,False,False
QyUjKwbCEUQ,24,Notserious|Gatien|Film|Cinema|Y a t il|logan paul|y a-t-il un pilote dans l'avion|y a-t-til un youtuber dans l'avion|youtuber|comédie|humour|lol|film nul|parodie|nanar,False,False
BuSYe-9S-wc,27,agriculture|tutoriels|agricole|ferme|tracteur|agriyoutubeurre|agri|agriyoutuber,False,False
WVB6Ye-EgHE,17,nba|basketball|basket|all|star|game|lnb|betclic|elite|2022|paris|résumé|highlights|victor|wembanyama|france|monde|world|etrangers,False,False
pFIDGTqMMo8,24,s73|s73 omegle|s73 irl|hotel mahfouf|lena situations|s73 hotel mahfouf|omegle,False,False
WA5XkP9qr2c,17,Liverpool FC|LFC|Liverpool|Anfield|Melwood|Liverpool Football Club|premier league|klopp liverpool|Klopp|Inside LFC,False,False
Vi_ebE5orXA,17,cole interview|colinterview|Pastore|psg|Colin|Pastore psg|Pastore Ligue 1|Zlatan PSG|Zlatan Pastore|Pastore Argentine|Pastore raconte son aventure|Pastore signature psg,False,False
au5YDfgIcPg,1,clara runaway|clararunaway|Clararunaway|anecdotes|cinéma|Et tu savais pour|ET TU SAVAIS POUR ?|Clara runaway|anecdotes cinéma behind the scenes|épave|1997|behind the scene|making of,False,False
N0B42wgLn_I,2,drift|voiture|drift voiture|voiture drift|voiture de drift|drift car|tanguy cryms|cryms|vlog|nissan|200sx|s13|drifting,False,False
o8D0cSKEvZM,10,high et fines herbes|high et fines herbes saison 4|high et fines herbes le civil|medhi maizi|medhi maizi high et fines herbes|high et fines herbes mehdi maizi|mehdi maizi le code|le code mehdi maizi|le civil high et fines herbes|saison 4 high et fines herbes|high & fines herbes,False,False
qvDoFt8PVrI,26,ayocoralie|cadeaux noël|what i got for christmas|noël 2022|cadeaux 2022|french|français|hello kitty|demonia|demonia camel 311|galaxy z flip 4|xiaomi band 7|squishmallow|vêtements hello kitty|pusheen|lush|ugg|mes cadeaux noël 2022|ce que j'ai eu pour noël|ouverture cadeaux noël|christmas 2022|xmas|ce que j'ai eu à noël,False,False
z_ngg7gLAbE,2,vilebrequin|voiture|automobile|essai|test|vultech|vilbrequin|multipla|xantia|mécanique|dos d'âne|dodane|dodane 130|dos dane 130|vilebrequin dos d'ane|vilebrequin dos d'âne|dos d'ane 170|vilebrequin bus|drift|drole|fun|squeezie|amixem|joyca|1000tipla|vilebrequin bourré|dos d'âne 170|1ÈRE 130|top gear|crash|accident|jump|drift bus|dodane 170|mcfly|fiable|top fiable|les voitures les plus fiables|voiture fiable|toyota|porsche|fiabilité|tesla|vilebrequin fiable,False,False
JiBKPy13xo4,22,[None],False,False
SS7WKqmev84,24,SDF|Japon|enfants|papakatsu|mamakatsu|argent|vivre|racaille|obscure|japonais,False,False
BbK2U7ssSrg,26,marine lb|marinelbars|bibliotheque|appartement|rangement|jeux de societe|insider|time bomb,False,False
_dFhDWcJdac,25,VousAvezLeDroit|Vous Avez Le Droit|Droit|Justice|Procès|Politique|Pénal|Prudhomme|France|VALD|Citoyen|Citoyens|Micode|Underscore_|G Milgram|TeB|Tronche en Biais|AstronoGeek|Stardust,False,False
zMsqDi_gNxQ,24,france inter|floodcast|flober|queen|morning routine|tennis|malpertuis|rain man|bernie pollack|dick rivers,False,False
NJ80Nd5yAq8,26,[None],False,False
lTEZmEcY_Xg,10,rap cypher|NEIMA EZZA|SDM|ASHAFAR|CYRIL KAMER|CYRILKAMER|LIZ|THE EXCHANGE|Theexchange|Soundbooth|Soundbooth Cypher|Cypher|Rap|Rapping|Music|Collab|Collaboration|Soundboth|Soundboth Cypher|Cypher 2022|rap 2022|rapping 2022|music collab|music 2022|music 2022 new songs|German music 2022|french music 2022|spanish music 2022|dutch music|italian music|italian music 2022|italian music 2022 mix|italian music 2022 new|dutch music 2022,False,False
I4Bj7380UI8,28,Triple Screen Gaming|Triple UltraWide Screen|Triple Odyssey G9|96/9|Biggest monitor ever|Biggest gaming monitor,False,False
lr5TKey83GI,20,astuce|soluce|vf|nintendo|nintendo switch|pokémon|pokemon|pokemon ecarlate|pokemon violet|pokemon VE|pokemon ev|pokémon écarlate|astuce pokemon|ecarlate|violet|raid|pyrobut|pyrobut pokemon|raid pyrobut|pyrobut pokemon violet|pyrobut pokemon ecarlate|raid pyrobut pokemon|raid etoile|raid 7 etoiles|raid pokemon|raid pokemon violet|raid pokemon ecarlate|reussir raid|raid facile|raid solo|solo raid|pyrobut facile|vaicnre pyrobut|pyrobut facile raid,False,False
odjlvDyy6h8,28,CMO|oscillateur magnétique de compensation|sphère vitalisante|pyramide de shungite|orgone|labradorite|sélénite|pendentif WP3|lessive|anti-onde électromagnétique|peinture|enduit|papier peint|champ d'énergie vitale|bio|bien être|cage de Faraday|faraday,False,False
EVV3gfJC5nc,1,oula|oula saison2|couple|fun|couple goal|odah sama|Emy LTR|amour|enfants|baby|série|sketch|homme|femme|vieux,False,False
jMueq0U9c-I,1,ANIMES|MANGA|ICHIGO|TOP 5|5 HUMILIATIONS VRAIMENT GRAVES DANS LES MANGA ET ANIMES|DBZ|DRAGON BALL|GOKU|SASUKE|LUFFY|MHA|NARUTO|BORUTO|YWATCH VS YAMAMOTO|FREEZER|DEMON SLAYER|BROLY|BLEACH|ONE PIECE|luffy theorie|goku ultra instinct|goku vs jiren|luffy vs kaido|top manga|TOP MANGA 2022|BAKI|HUNTER X HUNTER|HXH|DRAGON BALL SUPER|REVIEW|naruto shippuden|review snk|review one piece|review demon slayer|GTO|AFRO ROSHI,False,False
P1HpzHnzJLU,24,divertissement|ennuie|humour|beauté|ados|justezoe|justezoé|justzoe|mode|challenge|tag|2023|en 2023 faut arrêter,False,False
9cjXjtnUzEY,24,INA|Archive|Institut national de l'audiovisuel|interview|thierry ardisson|Arditube|salut les terriens|canal plus|canal +|gaspard proust|humour|C8|best of,False,False
DRGhtfgK204,24,ASMR français|ASMR|Autonomous sensory meridian response|ASMR french|french ASMR|ASMR double micros|ASMR binaural|ASMR neumann KM 185|ASMR 2022|ASMR dormir|ASMR fr|ASMR la fin|ASMR fin|ASMR end|ASMR erreur,False,False
e54-LnFNsbs,17,résumé|highlights|as|saint|etienne|asse|sm|caen|stade|malherbe|ligue 2|bkt|gaetan|charbonnier|foot|football,False,False
Jfyx9xOPPnQ,2,G3adrien|G3_adrien|essai|automobile|audi rs3|rs3|new rs3|rs3 2021|RS3 400|RS3 milltek|rs3 sound|audi sport|nouvelle rs3|rs3 sportback|stage 3|stage 4|tuning|1200 chevaux|stage 5|akram|gmk|vilebrequin,False,False
Kz6yND2j-H0,22,jordan de luxe|jordan deluxe|canular|humour,False,False
kN94NgOkAYI,22,Bastos|Marwa,False,False
