knyDVKBS0gM,Rashford on the scoresheet again! üî¥ | Manchester United 3-0 Bournemouth | Highlights,2023-01-03T22:22:25Z,UCNAf1k0yIjyGu3k9BwAg3lg,Sky Sports Premier League,2023-01-04T00:00:00Z,1036947,16910,0,1429,https://i.ytimg.com/vi/knyDVKBS0gM/default.jpg
AcL6bRdbO-4,THE GREATEST LEG OF ALL TIME ü§Ø MICHAEL SMITH HITS A NINE-DARTER IN A WORLD CHAMPIONSHIP FINAL,2023-01-03T20:57:04Z,UCRvCwDp_1DwOlOpnlJf9iYw,Professional Darts Corporation,2023-01-04T00:00:00Z,626290,18491,0,1273,https://i.ytimg.com/vi/AcL6bRdbO-4/default.jpg
aUcijnAksAI,GOLDBRIDGE! Manchester United 3-0 Bournemouth |TEN HAG MasterClass,2023-01-03T22:31:17Z,UCMmVPVb0BwSIOWVeDwlPocQ,The United Stand,2023-01-04T00:00:00Z,277144,8930,0,388,https://i.ytimg.com/vi/aUcijnAksAI/default.jpg
sZPmrnAiPd8,FINDING OUT I'M PREGNANT & TELLING MY HUSBAND (ON OUR WEDDING DAY!),2023-01-03T17:37:42Z,UC1CUhQQjVS13V6cNKJyePDg,Elle Swift,2023-01-04T00:00:00Z,181135,9594,0,492,https://i.ytimg.com/vi/sZPmrnAiPd8/default.jpg
2Q3wNmHECZs,Brighton THRASH Everton at Goodison Park üò¨ | Everton 1-4 Brighton| Premier League Highlights,2023-01-03T22:07:13Z,UCNAf1k0yIjyGu3k9BwAg3lg,Sky Sports Premier League,2023-01-04T00:00:00Z,697163,8861,0,1104,https://i.ytimg.com/vi/2Q3wNmHECZs/default.jpg
nNh26gSbSB8,Bees seal famous win over hapless Liverpool üêù | Brentford 3-1 Liverpool | Premier League Highlights,2023-01-02T19:41:25Z,UCNAf1k0yIjyGu3k9BwAg3lg,Sky Sports Premier League,2023-01-04T00:00:00Z,1412778,16816,0,2694,https://i.ytimg.com/vi/nNh26gSbSB8/default.jpg
XHegE9h0ZvA,Center - Day 2 - Listen,2023-01-03T06:00:08Z,UCFKE7WVJfvaHW5q283SxchA,Yoga With Adriene,2023-01-04T00:00:00Z,604097,17963,0,1810,https://i.ytimg.com/vi/XHegE9h0ZvA/default.jpg
TWAlZB_h3XQ,Action sports legend Ken Block dies in accident,2023-01-03T14:00:19Z,UCVxBA3Cbu3pm8w8gEIoMEog,ABC7,2023-01-04T00:00:00Z,282250,2429,0,438,https://i.ytimg.com/vi/TWAlZB_h3XQ/default.jpg
R8L0szRdcVc,Ken Block: a look back at the career of the rally driver and YouTube star,2023-01-03T15:59:58Z,UCwD9E_QNwFwrQC7OnPnrg2Q,Guardian Sport,2023-01-04T00:00:00Z,259170,3684,0,271,https://i.ytimg.com/vi/R8L0szRdcVc/default.jpg
4weFxATBEiY,Evil Dead Rise ‚Äì Teaser,2023-01-03T17:00:26Z,UCjmJDM5pRKbUlVIzDYYWb6g,Warner Bros. Pictures,2023-01-04T00:00:00Z,348962,12957,0,1150,https://i.ytimg.com/vi/4weFxATBEiY/default.jpg
YM3trB-pLyY,Thank You Ken Block,2023-01-03T17:03:44Z,UCkg2ZDee9ZLBCd2LVB6DPHA,AR12Gaming,2023-01-04T00:00:00Z,257866,20083,0,1671,https://i.ytimg.com/vi/YM3trB-pLyY/default.jpg
PpznJj8ZXMY,Rangers 2-2 Celtic | Late Furuhashi Goal Denies Rangers Old Firm Victory | cinch Premiership,2023-01-02T22:00:06Z,UCakRszbIjjGYtFrDPeg5Ieg,SPFL,2023-01-04T00:00:00Z,520908,2708,0,911,https://i.ytimg.com/vi/PpznJj8ZXMY/default.jpg
EDjJ-tMLXSI,"Having Behzinga's Baby, Worst Sidemen Fan Experience, Boxing Mia Malkova ?! - SEE IT OFF Faith Kelly",2023-01-02T19:58:45Z,UClaGZdHqcUcXjr5Do_fgfmQ,bambinobecky,2023-01-04T00:00:00Z,245321,10642,0,272,https://i.ytimg.com/vi/EDjJ-tMLXSI/default.jpg
LUlDUYmTFCQ,Our Biggest Announcement Yet..,2023-01-03T17:00:26Z,UCfi-mPMOmche6WI-jkvnGXw,Good Good,2023-01-04T00:00:00Z,480508,24167,0,3132,https://i.ytimg.com/vi/LUlDUYmTFCQ/default.jpg
QdEdYfxMx-0,Adam Savage vs The Perpetual Motion Machine!,2023-01-03T15:00:11Z,UCiDJtJKMICpb9B1qf7qjEOA,Adam Savage‚Äôs Tested,2023-01-04T00:00:00Z,307173,11470,0,1907,https://i.ytimg.com/vi/QdEdYfxMx-0/default.jpg
Zm1VIGNmPxI,The Smile: Tiny Desk Concert,2023-01-03T10:00:25Z,UC4eYXhJI4-7wSWc8UNRwD4A,NPR Music,2023-01-04T00:00:00Z,332013,19881,0,1119,https://i.ytimg.com/vi/Zm1VIGNmPxI/default.jpg
66hWntvp0_4,"Doctor Tim Spector: The Shocking New Truth About Weight Loss, Calories & Diets | E209",2023-01-02T08:00:03Z,UCGq-a57w-aPwyi3pW7XLiHw,The Diary Of A CEO,2023-01-04T00:00:00Z,327300,12934,0,1861,https://i.ytimg.com/vi/66hWntvp0_4/default.jpg
dlkG7LQJjY0,Center - Day 1 - Show Up,2023-01-02T06:00:07Z,UCFKE7WVJfvaHW5q283SxchA,Yoga With Adriene,2023-01-04T00:00:00Z,1021278,32658,0,3814,https://i.ytimg.com/vi/dlkG7LQJjY0/default.jpg
Ry_3icwd68o,How Different Spillway Gates Work,2023-01-03T14:00:12Z,UCMOqf8ab-42UUQIdVoKwjlQ,Practical Engineering,2023-01-04T00:00:00Z,709473,24830,0,983,https://i.ytimg.com/vi/Ry_3icwd68o/default.jpg
nKjf3GQ03r8,Emma Raducanu vs. Linda Fruhvirtova | 2023 Auckland | WTA Match Highlights,2023-01-03T06:34:31Z,UCaBIVVpHjq6j3tSyxwTE-8Q,WTA,2023-01-04T00:00:00Z,98775,1361,0,224,https://i.ytimg.com/vi/nKjf3GQ03r8/default.jpg
zSsmsYCxxEE,I Survived 100 Days Inside My Enemy's Base,2023-01-03T05:54:28Z,UCOK98De7_ijD72RhmMEXiJw,Wemmbu,2023-01-04T00:00:00Z,210254,9809,0,647,https://i.ytimg.com/vi/zSsmsYCxxEE/default.jpg
PR715VHT8LE,Bills safety Damar Hamlin taken to hospital after Monday Night Football injury,2023-01-03T04:10:31Z,UC9ha3sh4YTCSK83dH6OlWTw,WTVR CBS 6,2023-01-04T00:00:00Z,1015760,4426,0,1389,https://i.ytimg.com/vi/PR715VHT8LE/default.jpg
2FcDNi1HkfI,Happy New Year Live! üéÜ London Fireworks 2023 üî¥ BBC,2023-01-01T00:15:15Z,UCCj956IF62FbT7Gouszaj9w,BBC,2023-01-04T00:00:00Z,4079000,42386,0,4678,https://i.ytimg.com/vi/2FcDNi1HkfI/default.jpg
56MhtcapOec,Dimtri Van den Bergh and Michael van Gerwen CLASH in semi-final! üò≥,2023-01-02T23:08:32Z,UCIBNkFKpmUx0R4gDv6wqi-g,Sky Sports Darts,2023-01-04T00:00:00Z,121776,511,0,274,https://i.ytimg.com/vi/56MhtcapOec/default.jpg
tsSEo-2l3cY,ARSENAL's TITLE TO LOSE! POTTER OUT Goldbridge Reacts,2023-01-02T14:37:46Z,UCFxG3MxHC1ogUglvJeMHmVQ,Mark Goldbridge That's Football,2023-01-04T00:00:00Z,223445,5921,0,712,https://i.ytimg.com/vi/tsSEo-2l3cY/default.jpg
UYBFMfWWBC8,Prince Harry tells 60 Minutes about his decision to speak publicly | 60 Minutes,2023-01-02T12:00:24Z,UCsN32BtMd0IoByjJRNF12cw,60 Minutes,2023-01-04T00:00:00Z,342069,2281,0,4944,https://i.ytimg.com/vi/UYBFMfWWBC8/default.jpg
UgIZ5c5Pl3w,Asha Makes a Life-Changing Decision | Coronation Street,2023-01-02T21:00:19Z,UCh6WBwaLrYGQMOsu4_ixVCg,Coronation Street,2023-01-04T00:00:00Z,69255,625,0,0,https://i.ytimg.com/vi/UgIZ5c5Pl3w/default.jpg
_ZAgIHmHLdc,NewJeans (Îâ¥ÏßÑÏä§) 'OMG' Official MV,2023-01-02T09:00:00Z,UC3IZKseVpdzPSBaWxBxundA,HYBE LABELS,2023-01-04T00:00:00Z,9657255,860816,0,41896,https://i.ytimg.com/vi/_ZAgIHmHLdc/default.jpg
UjFCJir0YQk,KLOPP HAS LOST THE PLOT! Brentford 3-1 Liverpool Match Reaction,2023-01-02T19:47:56Z,UC4B_hCk3keopt4-eJc8neiA,Anfield Agenda,2023-01-04T00:00:00Z,73864,1908,0,1080,https://i.ytimg.com/vi/UjFCJir0YQk/default.jpg
zkQ5bNLFYJQ,My UNEXPECTED New Supercar is a SHOCKING SURPRISE!,2023-01-02T19:02:00Z,UCIRgR4iANHI2taJdz8hjwLw,Shmee150,2023-01-04T00:00:00Z,322672,12143,0,1334,https://i.ytimg.com/vi/zkQ5bNLFYJQ/default.jpg
TaROjJZuPUw,ARK Except Dinosaurs are 10 Times Bigger! - ARK Survival Evolved,2023-01-02T15:00:14Z,UCHsypDw2EIbNOfam7uJy-zg,Syntac,2023-01-04T00:00:00Z,360333,14304,0,866,https://i.ytimg.com/vi/TaROjJZuPUw/default.jpg
PdGjALtkXn0,Canada vs. Slovakia - 2023 World Juniors Highlights,2023-01-03T03:55:26Z,UC--i2rV5NCxiEIPefr3l-zQ,TSN,2023-01-04T00:00:00Z,725794,7724,0,1829,https://i.ytimg.com/vi/PdGjALtkXn0/default.jpg
wJ-DfPhmXZ4,"Mate, That Was Unbelievable | Behzinga, Rice, Lanzini & Kehrer Take On The Scope Markets Challenge",2023-01-02T13:00:36Z,UCCNOsmurvpEit9paBOzWtUg,West Ham United FC,2023-01-04T00:00:00Z,427536,11584,0,291,https://i.ytimg.com/vi/wJ-DfPhmXZ4/default.jpg
R87xqomuyHw,"The TRUE No Train, ONE LIFE Challenge in Choo Choo Charles",2023-01-02T13:00:21Z,UC9ek8xUVjnmQ-q7f6CTwtxg,AstralSpiff,2023-01-04T00:00:00Z,505713,26581,0,1682,https://i.ytimg.com/vi/R87xqomuyHw/default.jpg
s473o7fbErM,Extended highlights of Stage 2 presented by Aramco - #Dakar2023,2023-01-02T18:42:13Z,UCJVKwvv58Xo3Rt4rF3NiL9w,Dakar,2023-01-04T00:00:00Z,356899,6732,0,263,https://i.ytimg.com/vi/s473o7fbErM/default.jpg
1Iva6FCUQn8,She SINGS like an ANGEL!! Shallow Lady Gaga & Bradley Cooper - Allie Sherlock cover,2023-01-02T14:30:00Z,UCGnsRwFS8Xm13lMAeouzT9g,Allie Sherlock,2023-01-04T00:00:00Z,341482,6533,0,480,https://i.ytimg.com/vi/1Iva6FCUQn8/default.jpg
ZNxivk51eko,Prince Harry to appear on 60 Minutes next Sunday,2023-01-02T01:15:00Z,UCsN32BtMd0IoByjJRNF12cw,60 Minutes,2023-01-04T00:00:00Z,221174,1054,0,1842,https://i.ytimg.com/vi/ZNxivk51eko/default.jpg
EOWP5Y7eErE,Saying goodbye is hard..,2023-01-01T16:45:00Z,UC-lHJZR3Gqxm24_Vd_AJ5Yw,PewDiePie,2023-01-04T00:00:00Z,5929582,388748,0,17345,https://i.ytimg.com/vi/EOWP5Y7eErE/default.jpg
c3pbe3qzatQ,The Ultimate Push Workout For Muscle Growth Explained (2023),2023-01-02T17:00:04Z,UC68TLK0mAEzUyHx5x5k-S1Q,Jeff Nippard,2023-01-04T00:00:00Z,228633,13920,0,621,https://i.ytimg.com/vi/c3pbe3qzatQ/default.jpg
yKeLk2BstYM,Manchester United vs Bournemouth! FELIX Transfer Off Again!,2023-01-02T21:11:00Z,UCMmVPVb0BwSIOWVeDwlPocQ,The United Stand,2023-01-04T00:00:00Z,190986,5247,0,393,https://i.ytimg.com/vi/yKeLk2BstYM/default.jpg
j27vC2ByxBE,ABSOLUTE CRIMINAL PERFORMANCE WE ARE GARBAGE! Tottenham 0-2 Aston Villa EXPRESSIONS REACTS,2023-01-01T16:42:13Z,UC-HSLEEHVlnqlgTB7UptLeg,Expressions Oozing,2023-01-04T00:00:00Z,263750,9686,0,1920,https://i.ytimg.com/vi/j27vC2ByxBE/default.jpg
RvYkeTmM1gc,"If You Build It, I'll Pay For It!",2022-12-31T20:00:04Z,UCIPPMRA040LQr5QPyJEbmXA,MrBeast Gaming,2023-01-04T00:00:00Z,10581880,472885,0,20160,https://i.ytimg.com/vi/RvYkeTmM1gc/default.jpg
keHB2NszDpM,What I Got For Christmas 2022! ‚ú® ~ Freddy My Love,2023-01-02T18:36:22Z,UCFKHiDLbWZQYh9mHJKh55ig,Freddy My Love,2023-01-04T00:00:00Z,65716,4126,0,178,https://i.ytimg.com/vi/keHB2NszDpM/default.jpg
Si8XPw1Z9PE,Extended PL Highlights: Albion 2 Arsenal 4,2023-01-02T00:00:07Z,UCf-cpC9WAdOsas19JHipukA,Official Brighton & Hove Albion FC,2023-01-04T00:00:00Z,571204,6950,0,276,https://i.ytimg.com/vi/Si8XPw1Z9PE/default.jpg
y7ytQiy-1gw,Which Arsenal players are the best to party with? üéâ| Tubes Meets Martin √òdegaard,2023-01-02T14:00:24Z,UCE97AW7eR8VVbVPBy4cCLKg,Soccer AM,2023-01-04T00:00:00Z,132060,4022,0,301,https://i.ytimg.com/vi/y7ytQiy-1gw/default.jpg
SEdAFDl_2g4,Miley Cyrus & Dolly Parton Sing Wrecking Ball & I Will Always Love You | Miley‚Äôs New Year‚Äôs Eve,2023-01-01T05:58:45Z,UCccjdJEay2hpb5scz61zY6Q,NBC,2023-01-04T00:00:00Z,2894914,75114,0,3875,https://i.ytimg.com/vi/SEdAFDl_2g4/default.jpg
_3Wah0P7uBM,"I Spent $10,000 on an ABANDONED STORAGE UNIT",2023-01-01T15:30:04Z,UCAM2fyCjEdROyELretVTiiw,HopeScope,2023-01-04T00:00:00Z,1282635,44111,0,3381,https://i.ytimg.com/vi/_3Wah0P7uBM/default.jpg
3vhPraFZxCc,"HOW ONE AUDI TT BOUGHT ME 12 CARS, 4 HOUSES & MY DREAM JOB",2023-01-01T18:44:03Z,UCcLYOTz3ct6_lk9iLToxxAw,Mat Armstrong,2023-01-04T00:00:00Z,800238,67009,0,4622,https://i.ytimg.com/vi/3vhPraFZxCc/default.jpg
GPzUoZ2WJK0,MAJOR ANNOUNCEMENT: New Rockstars in 2023!,2023-01-02T16:00:09Z,UC7yRILFFJ2QZCykymr8LPwA,New Rockstars,2023-01-04T00:00:00Z,516036,31036,0,1900,https://i.ytimg.com/vi/GPzUoZ2WJK0/default.jpg
PEfa1aoT2VY,FINISH THIS IN 20 MINUTES AND YOUR WHOLE TABLE EATS FOR FREE! | BeardMeatsFood,2023-01-01T19:00:08Z,UCc9CjaAjsMMvaSghZB7-Kog,BeardMeatsFood,2023-01-04T00:00:00Z,1360406,49813,0,3830,https://i.ytimg.com/vi/PEfa1aoT2VY/default.jpg
7vZOuClmaxk,Center - Day 0 - Welcome,2023-01-01T06:00:11Z,UCFKE7WVJfvaHW5q283SxchA,Yoga With Adriene,2023-01-04T00:00:00Z,849096,37153,0,2585,https://i.ytimg.com/vi/7vZOuClmaxk/default.jpg
e6ZZeaDcwyI,THE FINAL IS SET! | Semi-Finals Highlights | 2022/23 Cazoo World Darts Championship,2023-01-02T22:52:52Z,UCRvCwDp_1DwOlOpnlJf9iYw,Professional Darts Corporation,2023-01-04T00:00:00Z,384678,2801,0,539,https://i.ytimg.com/vi/e6ZZeaDcwyI/default.jpg
_cLsK2YZwDU,This GPU is WIRELESS?!,2023-01-02T20:16:01Z,UCXuqSBlHAE6Xw-yeJA0Tunw,Linus Tech Tips,2023-01-04T00:00:00Z,1756686,71053,0,3102,https://i.ytimg.com/vi/_cLsK2YZwDU/default.jpg
QdOzKF-kqik,I PROPOSED TO THE LOVE OF MY LIFE!! *CUTEST REACTION*,2023-01-01T18:00:10Z,UCYdPAiKT61YwlHYO6jR6w9A,Rosie and Harry,2023-01-04T00:00:00Z,89340,5735,0,755,https://i.ytimg.com/vi/QdOzKF-kqik/default.jpg
tUCT82t1Y8Q,GOT the beat 'Stamp On It' Stage Video,2023-01-01T13:00:24Z,UCcdX97nVNsZgAA0NxvHnU9w,Girls On Top,2023-01-04T00:00:00Z,3755687,249261,0,9264,https://i.ytimg.com/vi/tUCT82t1Y8Q/default.jpg
uFpjD8qI79k,We got stuck in SUB ZERO weather (Winter Van Life is TOUGH),2023-01-01T20:31:50Z,UCEJM4kRM01cY-2NeJ4-3nbw,Kinging- It,2023-01-04T00:00:00Z,176785,9632,0,853,https://i.ytimg.com/vi/uFpjD8qI79k/default.jpg
naQ0RuXB3fI,Uncle Roger Learn To Make Lobster Roll (ft. NICK DIGIOVANNI),2023-01-01T14:00:17Z,UCVjlpEjEY9GpksqbEesJnNA,mrnigelng,2023-01-04T00:00:00Z,1292488,77635,0,3113,https://i.ytimg.com/vi/naQ0RuXB3fI/default.jpg
8DNLvMTxhb8,I Cut My Long Hair SHORT *and surprised my family!*,2023-01-01T18:00:02Z,UCzzOKT1SkE7qdycJvPCR3Gg,Mia Maples,2023-01-04T00:00:00Z,922801,87969,0,16726,https://i.ytimg.com/vi/8DNLvMTxhb8/default.jpg
SakPgFUP7s8,Surprising My FAMILY With A Trip To NEW YORK!!,2023-01-01T10:00:17Z,UCwR-g7XxcLxjYVTS5qncFhg,Anastasia Kingsnorth,2023-01-04T00:00:00Z,243646,9296,0,316,https://i.ytimg.com/vi/SakPgFUP7s8/default.jpg
97ICETWIrW8,I Collected EVERY Block in Minecraft Hardcore,2023-01-01T14:00:52Z,UCJLklPT2rmAF33gVyHYH-QQ,ezY,2023-01-04T00:00:00Z,651820,24777,0,2596,https://i.ytimg.com/vi/97ICETWIrW8/default.jpg
rTbIQ5sZrDg,Fred again.. - Actual Life 3 Piano Live (22 December 2022),2023-01-01T19:30:00Z,UCXF6DMVLIVRr2OQAqyfEGeg,Fred again . .,2023-01-04T00:00:00Z,141642,6543,0,302,https://i.ytimg.com/vi/rTbIQ5sZrDg/default.jpg
skO_bVXMWzU,New Year's 2023: Dubai puts on thrilling fireworks show at Burj Khalifa,2022-12-31T20:51:09Z,UChLtXXpo4Ge1ReTEboVvTDg,Global News,2023-01-04T00:00:00Z,4747202,33845,0,2793,https://i.ytimg.com/vi/skO_bVXMWzU/default.jpg
8UGXuUfYRPo,What I Got For Christmas 2022 | Rosie McClelland,2023-01-01T18:28:27Z,UC41yKbcN8t3nooiMckDCTXQ,Rosie McClelland,2023-01-04T00:00:00Z,94747,3525,0,238,https://i.ytimg.com/vi/8UGXuUfYRPo/default.jpg
AwGsSvOwqd8,Noizy - Fatos Nano (Official Music Video),2022-12-31T20:00:07Z,UCim40Arej9EBOfg0ViFW2ww,thisisnoizy,2023-01-04T00:00:00Z,1668099,45543,0,2110,https://i.ytimg.com/vi/AwGsSvOwqd8/default.jpg
rb5M3SP3--o,Olive and Mabel - just being dogs,2023-01-01T19:00:14Z,UCjBbISPrZy7SWtiy8Ta8lnA,mrandrewcotter,2023-01-04T00:00:00Z,101970,8069,0,520,https://i.ytimg.com/vi/rb5M3SP3--o/default.jpg
E88tnKsq4KA,Signing Off,2023-01-01T18:25:32Z,UCoNRSwYHJdy-yV1b82ZdHfQ,SethEverman,2023-01-04T00:00:00Z,1484252,180034,0,7692,https://i.ytimg.com/vi/E88tnKsq4KA/default.jpg
jxYsobC-44E,MY 4500 Calorie Full Day Of Eating,2023-01-01T19:00:14Z,UChQ-d14tHB62nskossxO0tw,Joe Fazer,2023-01-04T00:00:00Z,339697,26193,0,1214,https://i.ytimg.com/vi/jxYsobC-44E/default.jpg
QaLUbBpcuyY,its time,2023-01-01T23:00:58Z,UC9mBJdNZxwE-La5vX0Kozvg,Failboat,2023-01-04T00:00:00Z,299753,23223,0,1429,https://i.ytimg.com/vi/QaLUbBpcuyY/default.jpg
Wmo83U-UHiU,The ANNOUNCEMENT You‚Äôve All Been Waiting For !! ‚Ä¶.. üî•üôåüèªüèåÔ∏è‚Äç‚ôÇÔ∏è,2023-01-01T09:00:26Z,UCwMgdK0S57nEdN_RGaajwOQ,TUBES & ANGE GOLF LIFE,2023-01-04T00:00:00Z,99716,6007,0,1307,https://i.ytimg.com/vi/Wmo83U-UHiU/default.jpg
wdtAJ8ZmbYo,Making Gingerbread Houses w/ Lexi!!,2023-01-02T00:25:16Z,UCpLcXDC0x516xkamfP3-JHg,Andrew Davila,2023-01-04T00:00:00Z,351121,18044,0,986,https://i.ytimg.com/vi/wdtAJ8ZmbYo/default.jpg
x7-d2R2PlpQ,Dolly Parton and Miley Cyrus' Iconic Jolene Performance and More | Miley‚Äôs New Year‚Äôs Eve on NBC,2023-01-01T06:09:42Z,UCccjdJEay2hpb5scz61zY6Q,NBC,2023-01-04T00:00:00Z,2251042,37542,0,1562,https://i.ytimg.com/vi/x7-d2R2PlpQ/default.jpg
5RnwearO02E,Extended highlights of the day presented by Aramco - Stage 1 - #Dakar2023,2023-01-01T17:59:16Z,UCJVKwvv58Xo3Rt4rF3NiL9w,Dakar,2023-01-04T00:00:00Z,475312,9805,0,438,https://i.ytimg.com/vi/5RnwearO02E/default.jpg
n_DtpY9wbGg,Dude Perfect vs. Luka Doncic (1-on-1),2022-12-31T14:59:56Z,UCRijo3ddMTht_IHyNSNXpNQ,Dude Perfect,2023-01-04T00:00:00Z,7819460,309510,0,7249,https://i.ytimg.com/vi/n_DtpY9wbGg/default.jpg
CAPfNrxklig,We Spent 24 Hours in VR Together,2022-12-31T13:00:12Z,UCrXzMVbjcaVvVtihxNpBvMQ,The Boys,2023-01-04T00:00:00Z,2126730,84213,0,4261,https://i.ytimg.com/vi/CAPfNrxklig/default.jpg
5Ax6c7BaxDc,Marcus Rashford reveals HILARIOUS reason he was benched against Wolves,2022-12-31T15:13:42Z,UC4i_9WvfPRTuRWEaWyfKuFw,BT Sport,2023-01-04T00:00:00Z,1195974,18731,0,1084,https://i.ytimg.com/vi/5Ax6c7BaxDc/default.jpg
hIrAsMmlQzg,Peach Bowl: Ohio State Buckeyes vs. Georgia Bulldogs | Full Game Highlights,2023-01-01T05:12:55Z,UCzRWWsFjqHk1an4OnVPsl9g,ESPN College Football,2023-01-04T00:00:00Z,3202144,21919,0,5467,https://i.ytimg.com/vi/hIrAsMmlQzg/default.jpg
epKRJ6xSZWo,Yield To Warrior Champion's Shield! Clash of Clans Season Challenges,2023-01-01T08:00:28Z,UCD1Em4q90ZUK2R5HKesszJg,Clash of Clans,2023-01-04T00:00:00Z,1619566,30817,0,970,https://i.ytimg.com/vi/epKRJ6xSZWo/default.jpg
l_QF_syGIdA,"New Year's 2023: Sydney, Australia puts on extravagant fireworks show over harbour",2022-12-31T14:13:53Z,UChLtXXpo4Ge1ReTEboVvTDg,Global News,2023-01-04T00:00:00Z,1796212,10943,0,1328,https://i.ytimg.com/vi/l_QF_syGIdA/default.jpg
3De85H5BeNg,GOLDBRIDGE! Wolves 0-1 Manchester United | Match Reaction,2022-12-31T14:58:09Z,UCMmVPVb0BwSIOWVeDwlPocQ,The United Stand,2023-01-04T00:00:00Z,279801,7553,0,396,https://i.ytimg.com/vi/3De85H5BeNg/default.jpg
3tApQl8ZTYU,"John Cena & Kevin Owens vs. Roman Reigns & Sami Zayn: SmackDown, Dec. 30, 2022",2022-12-31T04:22:33Z,UCJ5v_MCY6GNUBTO8-D3XoAg,WWE,2023-01-04T00:00:00Z,5427444,121033,0,5595,https://i.ytimg.com/vi/3tApQl8ZTYU/default.jpg
xHQU0E4sDWc,"MAKE THIS SHOT FOR $10,000",2022-12-31T19:00:20Z,UCfNWN9s_s8kRTCadk04WWJA,TBJZL,2023-01-04T00:00:00Z,363672,24969,0,620,https://i.ytimg.com/vi/xHQU0E4sDWc/default.jpg
_dFdTaxjFjc,i quit,2022-12-31T23:05:20Z,UCsEgeyBfOnGGBpjIvkDJbWg,Socksfor1,2023-01-04T00:00:00Z,837764,58228,0,19157,https://i.ytimg.com/vi/_dFdTaxjFjc/default.jpg
1HKmnriYImE,Fiesta Bowl: TCU Horned Frogs vs. Michigan Wolverines | College Football Playoff,2023-01-01T01:11:58Z,UCzRWWsFjqHk1an4OnVPsl9g,ESPN College Football,2023-01-04T00:00:00Z,1432321,10439,0,3843,https://i.ytimg.com/vi/1HKmnriYImE/default.jpg
veJNTfp4Ie8,Paris Hilton Sings Stars Are Blind with Miley Cyrus and Sia | Miley‚Äôs New Year‚Äôs Eve Party on NBC,2023-01-01T05:21:30Z,UCccjdJEay2hpb5scz61zY6Q,NBC,2023-01-04T00:00:00Z,2021648,36814,0,2605,https://i.ytimg.com/vi/veJNTfp4Ie8/default.jpg
5Z5xKSDQy5w,SIDEMEN REACTION VIDEO FT DARKEST,2022-12-30T19:00:01Z,UCq3xWfTdDRjgyd7_WOK94Fg,Yung Filly,2023-01-04T00:00:00Z,1036435,55172,0,1225,https://i.ytimg.com/vi/5Z5xKSDQy5w/default.jpg
EwAcsFa88aY,DO I CHOOSE KSI or TALIA?,2022-12-30T19:04:39Z,UCWZmCMB7mmKWcXJSIPRhzZw,Miniminter,2023-01-04T00:00:00Z,917174,50745,0,710,https://i.ytimg.com/vi/EwAcsFa88aY/default.jpg
nVWndqvwz3Y,Singapore welcomes 2023 with New Year fireworks at Marina Bay,2022-12-31T16:55:40Z,UC83jt4dlz1Gjl58fzQrrKZg,CNA,2023-01-04T00:00:00Z,955947,4703,0,540,https://i.ytimg.com/vi/nVWndqvwz3Y/default.jpg
tI3XBVrglEY,"SPENDING $1,000,000 FILLING MY HOUSE",2022-12-30T20:00:23Z,UCwIWAbIeu0xI0ReKWOcw3eg,Unspeakable,2023-01-04T00:00:00Z,2265125,41419,0,4370,https://i.ytimg.com/vi/tI3XBVrglEY/default.jpg
p35FvoNb1gc,"Cody Gakpo: The first day | First Klopp hug, Van Dijk and the Christmas tree",2022-12-30T11:00:09Z,UC9LQwHZoucFT94I2h6JOcjw,Liverpool FC,2023-01-04T00:00:00Z,1739574,54974,0,1981,https://i.ytimg.com/vi/p35FvoNb1gc/default.jpg
xGd_HhPYX4A,The Brawlies 2022 - Brawl Stars Community Award Show!,2022-12-31T11:00:28Z,UCooVYzDxdwTtGYAkcPmOgOw,Brawl Stars,2023-01-04T00:00:00Z,6375035,242171,0,12878,https://i.ytimg.com/vi/xGd_HhPYX4A/default.jpg
WaQMD3sYZiw,Resumen de Real Valladolid vs Real Madrid (0-2),2022-12-30T22:48:14Z,UCTv-XvfzLX3i4IGWAm4sbmA,LaLiga Santander,2023-01-04T00:00:00Z,2342698,42439,0,1396,https://i.ytimg.com/vi/WaQMD3sYZiw/default.jpg
d6qLKrqcLKo,Christmas & Boxing Day Vlog ... PLUS *NAME REVEAL* The HOLLINS PORTER Family,2022-12-30T18:46:27Z,UC-R8VSf2FfuHcRDzKAuti_w,Hollins Porter Family,2023-01-04T00:00:00Z,93890,2016,0,81,https://i.ytimg.com/vi/d6qLKrqcLKo/default.jpg
OHL9uYzLEJ0,I Made a Theme Park Where Every Ride Is Life Ruining - Indoorlands,2022-12-30T16:00:11Z,UCto7D1L-MiRoOziCXK9uT5Q,Let's Game It Out,2023-01-04T00:00:00Z,2590829,120605,0,4953,https://i.ytimg.com/vi/OHL9uYzLEJ0/default.jpg
DJ2VQ1xb9wA,Surprise Trade the Right Pok√©mon to Win,2022-12-30T19:15:00Z,UCnepIUw_tvOatokJAB1yipA,MandJTV Plays,2023-01-04T00:00:00Z,789482,24912,0,1653,https://i.ytimg.com/vi/DJ2VQ1xb9wA/default.jpg
gKgSvAyPFlU,YouTube's Terrible Christmas Movies,2022-12-30T18:29:36Z,UCTSRIY3GLFYIpkR2QwyeklA,Drew Gooden,2023-01-04T00:00:00Z,1601374,117550,0,5465,https://i.ytimg.com/vi/gKgSvAyPFlU/default.jpg
aiPmQIMxlKs,Explained: Why has Andrew Tate been detained in Romania? | ITV News,2022-12-30T20:18:10Z,UCFQgi22Ht00CpaOQLtvZx2A,ITV News,2023-01-04T00:00:00Z,1241177,4613,0,0,https://i.ytimg.com/vi/aiPmQIMxlKs/default.jpg
Lbdij5Vi8oY,We Finally Watched Nukie: The VHS Grading Video,2022-12-30T18:41:09Z,UCrTNhL_yO3tPTdQ5XgmmWjA,RedLetterMedia,2023-01-04T00:00:00Z,1061775,54509,0,7359,https://i.ytimg.com/vi/Lbdij5Vi8oY/default.jpg
8zYIvZ06Lks,Ranking EVERYTHING I Made in 2022,2022-12-30T21:00:04Z,UCYAB7hh1ohA8-iX54EpMdeA,Moriah Elizabeth,2023-01-04T00:00:00Z,1185895,59592,0,8226,https://i.ytimg.com/vi/8zYIvZ06Lks/default.jpg
NAOp7yYhdIo,Edan ÂëÇÁàµÂÆâ „ÄäLOVERSE„Äã Official Music Video,2022-12-31T15:30:07Z,UCEuQ-0x3uMk1KghGiO1kTHg,MIRROR,2023-01-04T00:00:00Z,686464,25342,0,4094,https://i.ytimg.com/vi/NAOp7yYhdIo/default.jpg
0LwcvjNJTuM,Lynyrd Skynyrd - Free Bird (Audio),2022-12-16T17:00:00Z,UCu6GVHlTqWpsn4P46hNO9ig,LynyrdSkynyrdVEVO,2023-01-04T00:00:00Z,691759,17998,0,1013,https://i.ytimg.com/vi/0LwcvjNJTuM/default.jpg
6eLnnZnXcX8,ABBA - Happy New Year (Official Lyric Video),2022-12-02T14:00:07Z,UCa_4DcdTB9QfK0LY9-7qWuQ,AbbaVEVO,2023-01-04T00:00:00Z,563207,11431,0,626,https://i.ytimg.com/vi/6eLnnZnXcX8/default.jpg
PrTjK0_m7iw,"Uncle Howdy attacks Bray Wyatt: SmackDown, Dec. 30, 2022",2022-12-31T03:00:09Z,UCJ5v_MCY6GNUBTO8-D3XoAg,WWE,2023-01-04T00:00:00Z,1924330,32791,0,2801,https://i.ytimg.com/vi/PrTjK0_m7iw/default.jpg
BNO6DjteidM,We're Rebuilding Homes in Kentucky for Tornado Survivors,2022-12-30T21:24:40Z,UCAiLfjNXkNv24uhpzUgPa6A,Beast Philanthropy,2023-01-04T00:00:00Z,2542127,229911,0,7959,https://i.ytimg.com/vi/BNO6DjteidM/default.jpg
nfmyztbpJ7Y,Spend Christmas Day with me & my famiy!!‚ú®üéÑ,2022-12-30T17:00:34Z,UCFanrVWRodCwCw43U7KBAQg,Saffron Barker,2023-01-04T00:00:00Z,181851,5323,0,149,https://i.ytimg.com/vi/nfmyztbpJ7Y/default.jpg
dLBsBI8Amgk,Match Highlights | Celtic FC B 5-2 Rangers B | A fantastic festive five for the Young Hoops!,2022-12-30T18:00:07Z,UCBN-bb-hE7jYlcp4exwXRsQ,Celtic FC,2023-01-04T00:00:00Z,87266,1188,0,159,https://i.ytimg.com/vi/dLBsBI8Amgk/default.jpg
SszP3hlQ55Y,ATEEZ(ÏóêÏù¥Ìã∞Ï¶à) - 'HALAZIA' Official MV,2022-12-30T05:00:02Z,UCQdq-lqPEq_yZ_wP_kuVB9Q,KQ ENTERTAINMENT,2023-01-04T00:00:00Z,26719906,496244,0,73286,https://i.ytimg.com/vi/SszP3hlQ55Y/default.jpg
Y3DuN1P2ReE,"Minecraft, But I Can't Leave This Chunk (#7)",2022-12-30T09:56:30Z,UCRlEFn0L2G_DktbyvN0AZ5A,WadZee,2023-01-04T00:00:00Z,1508805,106862,0,5623,https://i.ytimg.com/vi/Y3DuN1P2ReE/default.jpg
YuAljYjzlhs,I Married My Best Friend,2022-12-29T21:51:13Z,UC5p_l5ZeB_wGjO_yDXwiqvw,TommyInnit,2023-01-04T00:00:00Z,2024103,249072,0,17431,https://i.ytimg.com/vi/YuAljYjzlhs/default.jpg
0GVQX3D3V5c,Clash of Clans - 2022 Year in Review,2022-12-30T13:00:00Z,UCD1Em4q90ZUK2R5HKesszJg,Clash of Clans,2023-01-04T00:00:00Z,2701028,107775,0,2914,https://i.ytimg.com/vi/0GVQX3D3V5c/default.jpg
uewA-r_tQck,Pariah Nexus Trailer,2022-12-30T16:00:27Z,UCwdh3MTrFq3sXlB4ct8B-Fg,Warhammer,2023-01-04T00:00:00Z,323560,20230,0,0,https://i.ytimg.com/vi/uewA-r_tQck/default.jpg
bkwdT00mAb4,I tried The Rock's morning routine,2022-12-30T15:06:43Z,UCGnSHwhOAczNqhGDiYt0Q8g,ryan trahan,2023-01-04T00:00:00Z,604396,33185,0,1738,https://i.ytimg.com/vi/bkwdT00mAb4/default.jpg
frOae2oPLM8,"Charlotte Flair returns to win the title from Ronda Rousey: SmackDown, Dec. 30, 2022",2022-12-31T03:26:21Z,UCJ5v_MCY6GNUBTO8-D3XoAg,WWE,2023-01-04T00:00:00Z,1604404,32551,0,5110,https://i.ytimg.com/vi/frOae2oPLM8/default.jpg
Km71Rr9K-Bw,NewJeans (Îâ¥ÏßÑÏä§) 'Ditto' Performance Video,2022-12-30T10:00:01Z,UCMki_UkHb4qSc0qyEcOHHJw,NewJeans,2023-01-04T00:00:00Z,6166594,330416,0,6713,https://i.ytimg.com/vi/Km71Rr9K-Bw/default.jpg
sW0jQyscPCM,Highlights: Wigan v Sunderland,2022-12-30T02:00:14Z,UCrw-7k6yJc0EMJdf-0BAkoQ,Sunderland AFC,2023-01-04T00:00:00Z,112754,1255,0,141,https://i.ytimg.com/vi/sW0jQyscPCM/default.jpg
mic1W-HzOX8,Idaho murders arrest: New details on suspect & investigation | LiveNOW from FOX,2022-12-30T17:41:21Z,UCJg9wBPyKMNA5sRDnvzmkdg,LiveNOW from FOX,2023-01-04T00:00:00Z,819420,7890,0,3986,https://i.ytimg.com/vi/mic1W-HzOX8/default.jpg
n1IVV66I4PU,Robbie Gets Ex UNREAL Present Plus Whose Had The Best 2022? @ExpressionsOozing @TroopzTV ‚Äã,2022-12-29T17:20:26Z,UCZDi95PJ6VmWtQAScA9Rh-w,DR Sports,2023-01-04T00:00:00Z,193647,5950,0,467,https://i.ytimg.com/vi/n1IVV66I4PU/default.jpg
YxkIq8kdjQU,Neymar sent off for diving! Two yellow cards in two minutes on PSG return,2022-12-28T21:36:06Z,UC4i_9WvfPRTuRWEaWyfKuFw,BT Sport,2023-01-04T00:00:00Z,1050861,8503,0,1989,https://i.ytimg.com/vi/YxkIq8kdjQU/default.jpg
qJ3I03PuWxs,SPEND CHRISTMAS WEEKEND WITH MEü•π‚ù§Ô∏è‚ú® | MOLLYMAE,2022-12-28T16:03:43Z,UC-F3kTU4V680v550AavEOsQ,MollyMae,2023-01-04T00:00:00Z,613453,21195,0,659,https://i.ytimg.com/vi/qJ3I03PuWxs/default.jpg
w6eqbCLinB4,SIDEMEN AMONG US JESTER ROLE,2022-12-28T18:15:05Z,UCh5mLn90vUaB1PbRRx_AiaA,MoreSidemen,2023-01-04T00:00:00Z,4264710,204048,0,4826,https://i.ytimg.com/vi/w6eqbCLinB4/default.jpg
8uBi9I0lTRk,University of Idaho killings: What we know about suspect Bryan Kohberger | ABCNL,2022-12-30T20:55:44Z,UCBi2mrWuNuyYy4gbM6fU18Q,ABC News,2023-01-04T00:00:00Z,2076626,16148,0,7105,https://i.ytimg.com/vi/8uBi9I0lTRk/default.jpg
teEhI0BCylE,Try Your Best Not To Laugh,2022-12-28T17:25:33Z,UCrqsNpKuDQZreGaxBL_a5Jg,Deji,2023-01-04T00:00:00Z,609799,64202,0,2721,https://i.ytimg.com/vi/teEhI0BCylE/default.jpg
5HQo-87Kb0A,"BENCH CAM | Arsenal vs West Ham (3-1) | The goals, action, reactions & more from Emirates Stadium",2022-12-29T11:56:26Z,UCpryVRk_VDudG8SHXgWcG0w,Arsenal,2023-01-04T00:00:00Z,504326,12402,0,455,https://i.ytimg.com/vi/5HQo-87Kb0A/default.jpg
GDTl8QYuzp4,OFFLINETV SECRET SANTA,2022-12-29T01:28:09Z,UCDK9qD5DAQML-pzrtA7A4oA,OfflineTV,2023-01-04T00:00:00Z,1831311,123084,0,2882,https://i.ytimg.com/vi/GDTl8QYuzp4/default.jpg
VSvtZgy9WSQ,Peter Kay Has Hugh Jackman In Stitches | The Jonathan Ross Show,2022-12-28T11:00:27Z,UCgurmV2nVq_1DUb2pvGOKmg,The Jonathan Ross Show,2023-01-04T00:00:00Z,1282598,10891,0,840,https://i.ytimg.com/vi/VSvtZgy9WSQ/default.jpg
a-z-mkhF-zI,trying British snacks with our parents !!!,2022-12-28T22:30:00Z,UCfA5CSlYGseqSeOhsiiZTfw,Sturniolo Triplets,2023-01-04T00:00:00Z,696818,50560,0,4045,https://i.ytimg.com/vi/a-z-mkhF-zI/default.jpg
mNhqm6bKUf0,ASMR Girl in the back of the Class Has a Big Crush On You!,2022-12-28T21:30:03Z,UCFmL725KKPx2URVPvH3Gp8w,ASMR Glow,2023-01-04T00:00:00Z,723383,26793,0,1899,https://i.ytimg.com/vi/mNhqm6bKUf0/default.jpg
JsfhPerez2Q,is 90s thinness coming back?,2022-12-28T17:32:45Z,UCoOss5XiPpnLHGmLrBvNkJg,Mina Le,2023-01-04T00:00:00Z,749060,44279,0,3246,https://i.ytimg.com/vi/JsfhPerez2Q/default.jpg
2FAbfpxlH6k,ATEEZ(ÏóêÏù¥Ìã∞Ï¶à) - 'HALAZIA' Official MV Teaser 2,2022-12-29T05:00:10Z,UCQdq-lqPEq_yZ_wP_kuVB9Q,KQ ENTERTAINMENT,2023-01-04T00:00:00Z,672738,71580,0,5241,https://i.ytimg.com/vi/2FAbfpxlH6k/default.jpg
P9NBrasQ3x8,"Inside a Fully Renovated ¬£3,250,000 London Home with Stunning Interiors ‚ú®",2022-12-28T18:00:15Z,UCLYrUmw0L_bjFeQCvWuiijg,The Luxury Home Show,2023-01-04T00:00:00Z,332573,4308,0,844,https://i.ytimg.com/vi/P9NBrasQ3x8/default.jpg
xjoR-OjLwjM,NBA YoungBoy - Letter To Big Dump,2022-12-28T22:14:39Z,UClW4jraMKz6Qj69lJf-tODA,YoungBoy Never Broke Again,2023-01-04T00:00:00Z,1960445,112618,0,11956,https://i.ytimg.com/vi/xjoR-OjLwjM/default.jpg
epOInfo_LWU,Stan Lee | Announcement | Disney+,2022-12-28T18:00:12Z,UCvC4D8onUfXzvjTOM-dBfEA,Marvel Entertainment,2023-01-04T00:00:00Z,1246906,78743,0,2863,https://i.ytimg.com/vi/epOInfo_LWU/default.jpg
qXJ0FRHHEZI,We Raced To Visit The Most US States In 100 Hrs - Day 3,2022-12-28T15:31:33Z,UCxkM67T_Iele-mRVUiBkRqg,Jet Lag: The Game,2023-01-04T00:00:00Z,601656,21451,0,1642,https://i.ytimg.com/vi/qXJ0FRHHEZI/default.jpg
qixxBynFahw,"Sofie Dossi Talks About America‚Äôs Got Talent, Dealing With Heartbreaks and More! | Dhar & Jay Show",2022-12-29T00:00:10Z,UCZJ6W3jjqfbEzv6q6vR11Kg,Dhar & Jay Show,2023-01-04T00:00:00Z,339976,3945,0,243,https://i.ytimg.com/vi/qixxBynFahw/default.jpg
w9B6G8Vty8s,EGG DROP - I Did A Thing vs William Osman,2022-12-28T14:01:28Z,UCfMJ2MchTSW2kWaT0kK94Yw,William Osman,2023-01-04T00:00:00Z,1132918,69134,0,2333,https://i.ytimg.com/vi/w9B6G8Vty8s/default.jpg
8bAhZ0qnrCM,This Is Probably The Scariest Thing I've Ever Done,2022-12-28T18:00:07Z,UCq-ylUNa9RoTK5jr6TBOYag,Jimmy Broadbent,2023-01-04T00:00:00Z,286229,21012,0,965,https://i.ytimg.com/vi/8bAhZ0qnrCM/default.jpg
_ps-eYat1WI,21 Most Annoying Pok√©mon to Evolve,2022-12-27T18:58:31Z,UCSAYHSNaY5_UEol4_frPurg,MandJTV,2023-01-04T00:00:00Z,1179229,41246,0,4606,https://i.ytimg.com/vi/_ps-eYat1WI/default.jpg
fmCFZRfvca4,Cooking Without A Recipe - CHUNKZ VS FILLY AD,2022-12-27T18:59:46Z,UCv-GNHtqM97EaU_i7gN_Ikw,Chunkz,2023-01-04T00:00:00Z,345639,17033,0,696,https://i.ytimg.com/vi/fmCFZRfvca4/default.jpg
UoMVXfxpLsg,Game Theory: You Are NOT The Hero Of Poppy Playtime (Project Playtime),2022-12-27T19:05:04Z,UCo_IB5145EVNcf8hw1Kku7w,The Game Theorists,2023-01-04T00:00:00Z,2825194,155539,0,7749,https://i.ytimg.com/vi/UoMVXfxpLsg/default.jpg
nBOEwmDxjfU,"KNICKS at MAVERICKS | FULL GAME HIGHLIGHTS | December 27, 2022",2022-12-28T04:27:43Z,UCWJ2lWNubArHWmf3FIHbfcQ,NBA,2023-01-04T00:00:00Z,1787803,30638,0,2934,https://i.ytimg.com/vi/nBOEwmDxjfU/default.jpg
rOPrCxs0itE,LUKA MAGIC!‚ú® Luka Doncic posts FIRST EVER 60-20-10 triple-double in HISTORIC comeback | SportsCenter,2022-12-28T05:27:59Z,UCiWLfSweyRNmLpgEHekhoAg,ESPN,2023-01-04T00:00:00Z,900407,9776,0,1495,https://i.ytimg.com/vi/rOPrCxs0itE/default.jpg
PLDFgKzWy3o,"2022, in 7 minutes",2022-12-27T13:00:20Z,UCLXo7UDZvByw2ixzpQCufnA,Vox,2023-01-04T00:00:00Z,4335468,263434,0,12348,https://i.ytimg.com/vi/PLDFgKzWy3o/default.jpg
xdwyKZMDLMc,Rangers 3-0 Motherwell | Rampant Gers Score 3 At Ibrox | cinch Premiership,2022-12-29T00:00:20Z,UCakRszbIjjGYtFrDPeg5Ieg,SPFL,2023-01-04T00:00:00Z,116969,1027,0,286,https://i.ytimg.com/vi/xdwyKZMDLMc/default.jpg
VbIqMqKSnaw,"Bruno Fernandes: Erik ten Hag gave Man United stability, discipline | Premier League | NBC Sports",2022-12-27T23:24:21Z,UCqZQlzSHbVJrwrn5XvzrzcA,NBC Sports,2023-01-04T00:00:00Z,481542,6332,0,460,https://i.ytimg.com/vi/VbIqMqKSnaw/default.jpg
5NjFuS_24v8,Smartphone Awards 2022!,2022-12-27T22:00:10Z,UCBJycsmduvYEL83R_U4JriQ,Marques Brownlee,2023-01-04T00:00:00Z,3712734,177745,0,11240,https://i.ytimg.com/vi/5NjFuS_24v8/default.jpg
jMx76pTEFBI,Cody Gakpo agrees a contract to sign for Liverpool FC,2022-12-28T20:58:08Z,UC9LQwHZoucFT94I2h6JOcjw,Liverpool FC,2023-01-04T00:00:00Z,560989,32278,0,2009,https://i.ytimg.com/vi/jMx76pTEFBI/default.jpg
IDntoic3PiE,ATEEZ(ÏóêÏù¥Ìã∞Ï¶à) - 'HALAZIA' Official MV Teaser 1,2022-12-28T05:00:04Z,UCQdq-lqPEq_yZ_wP_kuVB9Q,KQ ENTERTAINMENT,2023-01-04T00:00:00Z,821677,78300,0,3487,https://i.ytimg.com/vi/IDntoic3PiE/default.jpg
0KQv7SAN-9s,How I got 2 100 Million Play Buttons in 2022,2022-12-27T17:30:00Z,UCewMTclBJZPaNEfbf-qYMGA,JackSucksAtLife,2023-01-04T00:00:00Z,338641,16827,0,1810,https://i.ytimg.com/vi/0KQv7SAN-9s/default.jpg
JvjGWy2ClEQ,Rabea & John Get a Guitar for Christmas!,2022-12-28T15:00:18Z,UCSNxIry_FPFcQDFRbi3VOAw,Andertons Music Co,2023-01-04T00:00:00Z,116298,3363,0,314,https://i.ytimg.com/vi/JvjGWy2ClEQ/default.jpg
P0gnIS003qo,TikToks Where You Have To Trust The Process,2022-12-27T19:16:40Z,UCpB959t8iPrxQWj7G6n0ctQ,SSSniperWolf,2023-01-04T00:00:00Z,2979339,81097,0,4974,https://i.ytimg.com/vi/P0gnIS003qo/default.jpg
kBTMaRUwOzg,What Parts of New York State Look Like After Record Winter Storm | Insider News,2022-12-27T19:44:50Z,UCHjm6wybRbldhqveS7c2WTA,Insider News,2023-01-04T00:00:00Z,1747351,7034,0,2104,https://i.ytimg.com/vi/kBTMaRUwOzg/default.jpg
YxbMYwLxQWY,The National Lottery Lotto draw results from Wednesday 28 December 2022,2022-12-28T20:03:52Z,UCnOiv4Hp3fu43NDHl335cvQ,The National Lottery,2023-01-04T00:00:00Z,72041,117,0,0,https://i.ytimg.com/vi/YxbMYwLxQWY/default.jpg
sc6vH4qDvtw,Star Wars: The Bad Batch Season 2 | Mission | Disney+,2022-12-27T20:00:23Z,UCZGYJFUizSax-yElQaFDp5Q,Star Wars,2023-01-04T00:00:00Z,938058,24081,0,986,https://i.ytimg.com/vi/sc6vH4qDvtw/default.jpg
Y5pBkYb0jSw,Kim Kardashian | Angie Martinez IRL Podcast,2022-12-26T18:55:06Z,UC9yRXKq58_XkpeOcKjwqyjA,Angie Martinez,2023-01-04T00:00:00Z,1255024,30072,0,5616,https://i.ytimg.com/vi/Y5pBkYb0jSw/default.jpg
FatkHct9mIw,Top 10 BEST Movies 2022,2022-12-27T14:00:06Z,UC7v3-2K1N84V67IF-WTRG-Q,Jeremy Jahns,2023-01-04T00:00:00Z,713660,45161,0,4991,https://i.ytimg.com/vi/FatkHct9mIw/default.jpg
ndOlcPFbkJE,Chelsea vs Bournemouth (2-0) | Highlights | Premier League,2022-12-27T22:28:21Z,UCU2PacFf99vhb3hNiYDmxww,Chelsea Football Club,2023-01-04T00:00:00Z,1144378,20463,0,436,https://i.ytimg.com/vi/ndOlcPFbkJE/default.jpg
ZRdy2r1nAIY,Arsenal 3-1 West Ham | I Believe In Arteta Now! (Troopz),2022-12-27T01:05:04Z,UCBTy8j2cPy6zw68godcE7MQ,AFTV,2023-01-04T00:00:00Z,266933,8018,0,500,https://i.ytimg.com/vi/ZRdy2r1nAIY/default.jpg
SKJ4JAVLMb4,Winter Storms on The Way-Time to Stack the New Shed,2022-12-27T17:15:24Z,UCp0rRUsMDlJ1meYAQ6_37Dw,Millennial Farmer,2023-01-04T00:00:00Z,757139,29025,0,798,https://i.ytimg.com/vi/SKJ4JAVLMb4/default.jpg
1nLHIM2IPRY,I Asked An Actual Apollo Engineer to Explain the Saturn 5 Rocket - Smarter Every Day 280,2022-12-26T23:14:29Z,UC6107grRI4m0o2-emgoDnAA,SmarterEveryDay,2023-01-04T00:00:00Z,1802166,63823,0,5058,https://i.ytimg.com/vi/1nLHIM2IPRY/default.jpg
-QOSz9G1GnY,We Don't Talk About Bruno (From Encanto at the Hollywood Bowl),2022-12-26T05:00:01Z,UCgwv23FVv3lqh567yagXfNg,DisneyMusicVEVO,2023-01-04T00:00:00Z,1789923,65050,0,1391,https://i.ytimg.com/vi/-QOSz9G1GnY/default.jpg
FtzRP0fycII,Teaser Trailer | 60th Anniversary Specials | Doctor Who,2022-12-25T18:24:20Z,UCcOkA2Xmk1valTOWSyKyp4g,Doctor Who,2023-01-04T00:00:00Z,2124336,76845,0,6848,https://i.ytimg.com/vi/FtzRP0fycII/default.jpg
piikxtgg_Ek,I didn't agree with what he said üò°üëÄ | Chris Dobey angry with Gary Anderson comment,2022-12-28T19:43:01Z,UCIBNkFKpmUx0R4gDv6wqi-g,Sky Sports Darts,2023-01-04T00:00:00Z,168870,1027,0,278,https://i.ytimg.com/vi/piikxtgg_Ek/default.jpg
8qiFMbKc41U,"Few Teaspoons a Day...Fights Cancers, Viruses & Bacteria | Dr. Mandell",2022-12-28T17:16:51Z,UCKcWSiffY8MpZ3NKav8LeRA,motivationaldoc,2023-01-04T00:00:00Z,926508,10450,0,658,https://i.ytimg.com/vi/8qiFMbKc41U/default.jpg
KivZieyf3b0,10 million subs elbow reveal,2022-12-25T20:00:10Z,UCFAiFyGs6oDiF1Nf-rRJpZA,Technoblade,2023-01-04T00:00:00Z,9179052,1092390,0,94343,https://i.ytimg.com/vi/KivZieyf3b0/default.jpg
QUgHBF_tPKw,King Charles' Relationship With Prince Edward,2022-12-26T18:00:14Z,UCJ7dtuZhjFSJvb_CZjWJkng,The List,2023-01-04T00:00:00Z,772396,2080,0,429,https://i.ytimg.com/vi/QUgHBF_tPKw/default.jpg
K3OFzBEZuyM,The day this massive streamer almost died on stream - I spent a day with QTCinderella,2022-12-26T19:33:31Z,UCPJHQ5_DLtxZ1gzBvZE99_g,AnthonyPadilla,2023-01-04T00:00:00Z,954026,75915,0,3745,https://i.ytimg.com/vi/K3OFzBEZuyM/default.jpg
BsNvmSPc3L0,PREMIER LEAGUE HIGHLIGHTS: EVERTON 1-2 WOLVES,2022-12-26T22:00:05Z,UCtK4QAczAN2mt2ow_jlGinQ,Everton Football Club,2023-01-04T00:00:00Z,464819,4904,0,318,https://i.ytimg.com/vi/BsNvmSPc3L0/default.jpg
mkiJidQwO1k,I Used the Best Player at Every Height!,2022-12-26T16:15:04Z,UCL73W7Aj36lt-rKWE_th6Pg,Pazjor,2023-01-04T00:00:00Z,530269,6584,0,662,https://i.ytimg.com/vi/mkiJidQwO1k/default.jpg
rFuFLGsC8Kw,Clavish - 2023 Intro Freestyle [Music Video] | GRM Daily,2022-12-25T19:00:14Z,UCqTwKvjbTENZDGbz2si47ag,GRM Daily,2023-01-04T00:00:00Z,538789,15641,0,569,https://i.ytimg.com/vi/rFuFLGsC8Kw/default.jpg
mnacJa858Bc,Mick Carter Swims To His DEATH? üåäü´£ | Walford REEvisited | EastEnders,2022-12-25T22:26:27Z,UCSNvArbpIG1Kp6EGpx-QeZg,EastEnders,2023-01-04T00:00:00Z,298314,2056,0,1149,https://i.ytimg.com/vi/mnacJa858Bc/default.jpg
Rcm7DNU31Rk,Beard Meats Food and I Take On England‚Äôs Biggest Undefeated 40-Inch Pizza Challenge!!,2022-12-26T18:45:00Z,UCMJlGrPk73l9U6qahc8D_gA,Randy Santel,2023-01-04T00:00:00Z,738635,21572,0,1191,https://i.ytimg.com/vi/Rcm7DNU31Rk/default.jpg
3DaFOa8FgOA,Part 2 Trailer | BLEACH: Thousand-Year Blood War - The Separation PV | VIZ,2022-12-26T17:04:21Z,UCV1da9peoqEwqr45bpTJsbQ,vizmedia,2023-01-04T00:00:00Z,1848595,61130,0,2862,https://i.ytimg.com/vi/3DaFOa8FgOA/default.jpg
nAZV3ro_c9s,A Christmas Like No Other!,2022-12-26T20:57:03Z,UC6-NBhOCP8DJqnpZE4TNE-A,Lance Stewart,2023-01-04T00:00:00Z,319274,20122,0,2440,https://i.ytimg.com/vi/nAZV3ro_c9s/default.jpg
xy2pO4z6ZUA,SIDEMEN CHRISTMAS MUKBANG,2022-12-26T18:30:46Z,UCh5mLn90vUaB1PbRRx_AiaA,MoreSidemen,2023-01-04T00:00:00Z,2219524,97452,0,2407,https://i.ytimg.com/vi/xy2pO4z6ZUA/default.jpg
7IKab3HcfFk,I Survived 50 Hours In Antarctica,2022-12-24T20:59:59Z,UCX6OQ3DkcsbYNE6H8uQQuVA,MrBeast,2023-01-04T00:00:00Z,66815857,3207240,0,114569,https://i.ytimg.com/vi/7IKab3HcfFk/default.jpg
OC-8ipvOOJw,What I got for Christmas 2022 | Christmas Haul üéÑ‚ú®,2022-12-26T14:01:56Z,UC4BZ3uEbmdP7uhKS2dnZcLQ,Emily Canham,2023-01-04T00:00:00Z,92461,2753,0,133,https://i.ytimg.com/vi/OC-8ipvOOJw/default.jpg
E4_5HNMLkIk,I tried the world's biggest climbing gym    //   With Alexis Landot,2022-12-26T18:24:39Z,UC_gSotrFVZ_PiAxo3fTQVuQ,Magnus Midtb√∏,2023-01-04T00:00:00Z,644532,18930,0,1018,https://i.ytimg.com/vi/E4_5HNMLkIk/default.jpg
Pe5aODaUm0A,Puss in Boots 2 is SO GOOD YOU GUYS OMG,2022-12-26T22:17:16Z,UC5UYMeKfZbFYnLHzoTJB1xA,Schaffrillas Productions,2023-01-04T00:00:00Z,1041182,73625,0,4057,https://i.ytimg.com/vi/Pe5aODaUm0A/default.jpg
xNNQkWVyIHw,Top 10 Video Game Mysteries & Discoveries of 2022,2022-12-26T21:30:10Z,UCIcR5StUvA7_pPHoAFLmZaA,oddheader,2023-01-04T00:00:00Z,549418,29073,0,1217,https://i.ytimg.com/vi/xNNQkWVyIHw/default.jpg
EO51RTNPNd4,MOST MIND BLOWING FAMILY CHRISTMAS GIFTS OPENING!!,2022-12-25T17:44:05Z,UCilwZiBBfI9X6yiZRzWty8Q,FaZe Rug,2023-01-04T00:00:00Z,4212289,181822,0,11021,https://i.ytimg.com/vi/EO51RTNPNd4/default.jpg
SmqeSyMZZV4,RESTORATION OF A LEGEND OMEGA JEDI CHRONOGRAPH,2022-12-26T16:29:55Z,UCSJ7LRO4GaHZdzowk2-7hJw,Nekkid Watchmaker,2023-01-04T00:00:00Z,482726,10031,0,462,https://i.ytimg.com/vi/SmqeSyMZZV4/default.jpg
LRw-QHHRYbc,How Is Santa Still Alive?,2022-12-26T17:00:18Z,UCh9IfI45mmk59eDvSWtuuhQ,Ryan George,2023-01-04T00:00:00Z,686245,55206,0,3503,https://i.ytimg.com/vi/LRw-QHHRYbc/default.jpg
_cdGKiXsQ8o,Escape from Tarkov Beta - 0.13 Patch trailer (feat. the Streets of Tarkov),2022-12-26T20:13:09Z,UC5QGploHhl9_XaxDiHZKamg,Battlestate,2023-01-04T00:00:00Z,877563,37911,0,3713,https://i.ytimg.com/vi/_cdGKiXsQ8o/default.jpg
L842Qv-PP50,I Found a Shiny in EVERY Area in Pokemon Violet,2022-12-25T16:44:44Z,UC6L_Pwn3wQRVVr3rCcKVuzw,Nokimon,2023-01-04T00:00:00Z,764898,20493,0,1685,https://i.ytimg.com/vi/L842Qv-PP50/default.jpg
2qFaA9xAeqA,100 GIFTS IN 24 HOURS!!,2022-12-26T22:48:40Z,UC6xSN0oY2I9U_9xTo2RjE7g,Jeremy Hutchins,2023-01-04T00:00:00Z,1886871,61117,0,2388,https://i.ytimg.com/vi/2qFaA9xAeqA/default.jpg
M3Mc95jeRKs,We can still get much better - Mikel Arteta | Arsenal 3-1 West Ham | Post Match Reaction,2022-12-26T22:48:18Z,UC1VU-FHvhbom5tPSCEB-e4g,Amazon Prime Video Sport,2023-01-04T00:00:00Z,81068,1225,0,109,https://i.ytimg.com/vi/M3Mc95jeRKs/default.jpg
0pG709zV6-4,Short Highlights | Pakistan vs New Zealand | 1st Test Day 2 | PCB | MZ1L,2022-12-27T14:45:35Z,UCiWrjBhlICf_L_RK5y6Vrxw,Pakistan Cricket ,2023-01-04T00:00:00Z,369241,5991,0,128,https://i.ytimg.com/vi/0pG709zV6-4/default.jpg
EkXVwzMCoew,the biggest shred collab song in the world 5,2022-12-25T17:00:13Z,UCJcYRr8rpsxVPfWA5vkuxFw,Jared Dines,2023-01-04T00:00:00Z,823369,60112,0,8256,https://i.ytimg.com/vi/EkXVwzMCoew/default.jpg
LmAG8-V_WQY,Making the stinkiest chemical known to man,2022-12-24T00:46:40Z,UCFhXFikryT4aFcLkLw2LBLA,NileRed,2023-01-04T00:00:00Z,5009768,243561,0,19194,https://i.ytimg.com/vi/LmAG8-V_WQY/default.jpg
S1ABZywPONY,BETA SQUAD MAFIA GAME FT MAYA JAMA,2022-12-24T17:00:31Z,UCxOzbkk0bdVl6-tH1Fcajfg,Beta Squad,2023-01-04T00:00:00Z,2842490,123233,0,3601,https://i.ytimg.com/vi/S1ABZywPONY/default.jpg
FPdPjTmqLBA,I Tricked TED Into Letting Me Give A Talk,2022-12-23T19:45:49Z,UCaFUrR3oSxOl5Y9y6tvLTEg,WillNE,2023-01-04T00:00:00Z,3131984,164561,0,3038,https://i.ytimg.com/vi/FPdPjTmqLBA/default.jpg
0Tsx3rze0io,What Dan and Phil Text Each Other 2022,2022-12-24T20:22:06Z,UCHUE4ypXKp7ZkmdWbGJNgJg,AmazingPhil,2023-01-04T00:00:00Z,441981,47469,0,1477,https://i.ytimg.com/vi/0Tsx3rze0io/default.jpg
JW7PV8cfiiM,The King's Christmas Broadcast 2022 üëëüéÑüì∫ - BBC,2022-12-25T15:00:15Z,UCCj956IF62FbT7Gouszaj9w,BBC,2023-01-04T00:00:00Z,619041,11743,0,1963,https://i.ytimg.com/vi/JW7PV8cfiiM/default.jpg
GKMkR1KHO5M,I remade Christmas Movies in LEGO...,2022-12-24T15:01:13Z,UCJ2GvhrAJ2GQVPZ0auza4vw,The B3,2023-01-04T00:00:00Z,1296444,23896,0,2664,https://i.ytimg.com/vi/GKMkR1KHO5M/default.jpg
TS1w3wMJjRg,I Cheated with PRO BUILDER in a Build Battle,2022-12-23T22:44:33Z,UC_cvTMeip9po2hZdF3aBXrA,BeckBroJack,2023-01-04T00:00:00Z,1756267,23600,0,1564,https://i.ytimg.com/vi/TS1w3wMJjRg/default.jpg
D5wlgnAyBpE,King Charles and Family Depart from Church Service,2022-12-25T12:09:36Z,UCCvgLV2Ixb8KCemj-UtXZ-g,The Royal Family Channel,2023-01-04T00:00:00Z,1819363,11319,0,1805,https://i.ytimg.com/vi/D5wlgnAyBpE/default.jpg
mEoPwcrX1U4,I Bought the WORST Pokemon Christmas Presents,2022-12-24T16:00:31Z,UCrer50j4M2Lv9wda2ZpqzRA,Purplecliffe,2023-01-04T00:00:00Z,724903,25200,0,2639,https://i.ytimg.com/vi/mEoPwcrX1U4/default.jpg
mjuWiKz9zno,Honda‚Äôs $225 Million Mistake ‚Äì Rune Review,2022-12-24T16:00:31Z,UCNSMdQtn1SuFzCZjfK2C7dQ,FortNine,2023-01-04T00:00:00Z,943072,49204,0,3085,https://i.ytimg.com/vi/mjuWiKz9zno/default.jpg
0n6Am1OFzLs,[UPDATE] Blox Fruits CHRISTMAS SURPRISE,2022-12-25T03:00:11Z,UC_xlDCBWQPlihORIZLWtpbA,Gamer Robot,2023-01-04T00:00:00Z,1822713,88636,0,15687,https://i.ytimg.com/vi/0n6Am1OFzLs/default.jpg
oN9GpYnkTV0,BUILDING VIKKSTAR123 SETUP,2022-12-23T16:19:10Z,UChKVhjGmPAu7eWa2ITDd50w,Konstantin,2023-01-04T00:00:00Z,1336173,49879,0,775,https://i.ytimg.com/vi/oN9GpYnkTV0/default.jpg
OBF17olqeOU,Kurstin x Grohl: The Hanukkah Sessions 2022: Night Seven,2022-12-25T01:37:12Z,UCi2KNss4Yx73NG0JARSFe0A,Foo Fighters,2023-01-04T00:00:00Z,547922,13565,0,1243,https://i.ytimg.com/vi/OBF17olqeOU/default.jpg
