HbTON0nb4DU,BB Ki Vines | Angry Masterji Part 16,2023-01-03T12:30:09Z,UCqwUrj10mAEsqezcItqvwEw,BB Ki Vines,2023-01-04T00:00:00Z,5854680,1141256,0,45192,https://i.ytimg.com/vi/HbTON0nb4DU/default.jpg
jnBZboK17_A,Thunivu Official Trailer | Ajith Kumar | H Vinoth | Zee Studios | Boney Kapoor | Ghibran,2022-12-31T13:30:30Z,UC3jMepkLKF8y4iiwWmAB3RA,Zee Studios,2023-01-04T00:00:00Z,49381105,1415651,0,104837,https://i.ytimg.com/vi/jnBZboK17_A/default.jpg
E-k2bedh5Io,"Bhai | Full Hindi Movie | Suniel Shetty, Sonali Bendre, Pooja Batra, Kunal Khemu, Kader Khan",2023-01-03T14:30:03Z,UC3ar28GS6o1p0m_wabfk2zw,Pen Movies,2023-01-04T00:00:00Z,860999,8824,0,154,https://i.ytimg.com/vi/E-k2bedh5Io/default.jpg
-JkWALLHYNI,This Game Ruins School Life | SlayyPop,2023-01-03T13:30:00Z,UCSfxFZFzcpYMbOB3A1rWHAg,SlayyPop,2023-01-04T00:00:00Z,929624,89931,0,1651,https://i.ytimg.com/vi/-JkWALLHYNI/default.jpg
qtbMZTzmwQE,Bakra Nahi Majnu Halaal - Part 1 : Ek Se Bhali Do - Amit Bhadana,2023-01-01T08:01:53Z,UC_vcKmg67vjMP7ciLnSxSHQ,Amit Bhadana,2023-01-04T00:00:00Z,4180737,466771,0,69173,https://i.ytimg.com/vi/qtbMZTzmwQE/default.jpg
xDjmi9dc7PU,Maha Episode üí• | Current Affairs 2022 January to December | Kumar Gaurav Sir | Utkarsh Classes,2023-01-01T17:58:17Z,UCLuBF4Xr1-BIpcpFFm7zp7w,Utkarsh Classes Jodhpur,2023-01-04T00:00:00Z,3168560,185991,0,5111,https://i.ytimg.com/vi/xDjmi9dc7PU/default.jpg
RcuGU-I6SoA,Pulsar Bike Song Teaser | Dhamaka | Ravi Teja | Sreeleela | Thrinadha Rao Nakkina | Bheems Ceciroleo,2023-01-03T06:14:35Z,UCrzx3ZPXEZpzEGLF1gIuORQ,People Media Factory,2023-01-04T00:00:00Z,1104860,30178,0,479,https://i.ytimg.com/vi/RcuGU-I6SoA/default.jpg
heFJSbwMgOU,I Secretly CHEATED In a MINECRAFT MOB BATTLE Competition!,2023-01-03T06:30:07Z,UCVFuSH4MhR8zldcmHsfgenw,NY Gamer ,2023-01-04T00:00:00Z,341582,15908,0,257,https://i.ytimg.com/vi/heFJSbwMgOU/default.jpg
qkuk2dGvIXQ,BADGE99 OFFICIAL FACE REVEAL VIDEO,2023-01-01T05:30:09Z,UCPhZzHKo3Y5YYoazMQWuLTg,Badge 99,2023-01-04T00:00:00Z,4281429,649243,0,36647,https://i.ytimg.com/vi/qkuk2dGvIXQ/default.jpg
_Q-WrXKzIM8,Thalapathy Vijay's Speech | Varisu Audio Launch | Sun TV,2023-01-02T01:30:16Z,UCBnxEdpoZwstJqC1yZpOjRA,Sun TV,2023-01-04T00:00:00Z,3897238,263621,0,6771,https://i.ytimg.com/vi/_Q-WrXKzIM8/default.jpg
GUBB36fvhOo,Uppum Mulakum 2‚îÇFlowers‚îÇEP# 143,2023-01-02T16:09:53Z,UCmAPdImtXLGh5E-lTTH4Qmg,Flowers Comedy,2023-01-04T00:00:00Z,1247394,32736,0,2611,https://i.ytimg.com/vi/GUBB36fvhOo/default.jpg
ccSOo5TOlvE,Note Fenko - The Karampura Song | Yo Yo Honey Singh | Full Video,2023-01-02T12:45:13Z,UC1KonH1j8WMhc5cT6Bp7NtA,Yo Yo Honey Singh,2023-01-04T00:00:00Z,2215701,292909,0,22818,https://i.ytimg.com/vi/ccSOo5TOlvE/default.jpg
A7iyBh303ZI,Mashura yude Appathe Mangila Function Podi Podichu ü•≥üëè‚ù§Ô∏è | Suhana | Basheer Bashi,2023-01-02T02:07:33Z,UCAji-oxSI2xAS8xN_TuVP4A,Mashura Basheer,2023-01-04T00:00:00Z,849012,17736,0,1673,https://i.ytimg.com/vi/A7iyBh303ZI/default.jpg
zmOpWEedTHk,#UITheMovie - BTS | Upendra | Lahari Films | Venus Enterrtainers,2023-01-02T04:29:56Z,UCnSqxrSfo1sK4WZ7nBpYW1Q,Lahari Music | T-Series,2023-01-04T00:00:00Z,1358778,33834,0,1097,https://i.ytimg.com/vi/zmOpWEedTHk/default.jpg
iF2x1IPLDHI,Every Indian Wedding Ever | Ft. Tena Jaiin | The Paayal Jain,2022-12-31T09:33:11Z,UC0QKe0NgW-b0oZvnB5vqiJw,The Paayal Jain,2023-01-04T00:00:00Z,4215115,134672,0,7869,https://i.ytimg.com/vi/iF2x1IPLDHI/default.jpg
2Ny5GR9djKM,BONE LESS MEAT | Meat Ball Recipe Cooking in Village | Mutton Keema Recipe | Mutton Kola Urundai,2023-01-02T14:05:21Z,UCk3JZr7eS3pg5AGEvBdEvFg,Village Cooking Channel,2023-01-04T00:00:00Z,3927074,137077,0,2796,https://i.ytimg.com/vi/2Ny5GR9djKM/default.jpg
IYoJIZxczQ8,I STOLE MOST POWERFUL TANK FROM MILITARY BASE  | GTA 5 GAMEPLAY #150,2022-12-30T03:30:03Z,UCX8pnu3DYUnx8qy8V_c6oHg,Techno Gamerz,2023-01-04T00:00:00Z,14073547,1114323,0,61966,https://i.ytimg.com/vi/IYoJIZxczQ8/default.jpg
zTRkmQJuIYk,‡∞ó‡∞Ç‡∞ó‡∞µ‡±ç‡∞µ ‡∞ö‡∞æ‡∞Ø‡±ç ‡∞¶‡±Å‡∞ï‡∞æ‡∞£‡∞Ç ‡∞≤‡±ã  ‡∞§‡±Å‡∞™‡∞æ‡∞ï‡±Å‡∞≤‡∞ó‡±Ç‡∞°‡±Ü‡∞Ç  ‡∞Ö‡∞®‡±ç‡∞®‡∞≤‡±Å | Episode -7 | My Village Show,2023-01-03T10:02:48Z,UCi7lxgkjW0ilcJDl5XGHr3Q,My Village Show Gangavva,2023-01-04T00:00:00Z,337603,10908,0,221,https://i.ytimg.com/vi/zTRkmQJuIYk/default.jpg
9kI7J9806No,TVF's Sixer - New Web Series | Episode 5 - Superb Over,2023-01-03T06:30:08Z,UCNJcSUSzUeFm8W9P7UUlSeQ,The Viral Fever,2023-01-04T00:00:00Z,792584,45616,0,2588,https://i.ytimg.com/vi/9kI7J9806No/default.jpg
cDycS7jnZQY,Ye Kya Bana Diya Oreo Ko üòÇ,2023-01-04T02:30:25Z,UCjvgGbPPn-FgYeguc5nxG4A,Sourav Joshi Vlogs,2023-01-04T00:00:00Z,2399365,267242,0,6919,https://i.ytimg.com/vi/cDycS7jnZQY/default.jpg
BC83fFeN32c,MannarKudi Marriage Biryani Cooking Vlog | Easy Cooking with Jabbar bhai‚Ä¶,2023-01-03T05:00:03Z,UCUzsP2NMaAvy9nSvb3IjVkA,Food Area Tamil,2023-01-04T00:00:00Z,306999,7577,0,336,https://i.ytimg.com/vi/BC83fFeN32c/default.jpg
ERRpiLfGdJc,A date with Boss || Part - 2 || Ravi Siva Teja || Viraajitha || Infinitum Media,2023-01-03T11:30:09Z,UCaooZvg_gT3gagtkbqJCxMw,Infinitum Theatre,2023-01-04T00:00:00Z,198649,15502,0,607,https://i.ytimg.com/vi/ERRpiLfGdJc/default.jpg
DyASOJxwdCQ,‡∞≤‡±á‡∞™‡±Å‡∞ï‡∞™‡±ã‡∞§‡±á | Episode 3 - ‡∞§‡∞ø‡∞®‡±á‡∞Ç‡∞§ ‡∞ü‡±à‡∞Ç ‡∞≤‡±á‡∞¶‡±Å | My village show  Comedy | Village love marriage,2023-01-01T10:01:00Z,UCnprfRlJB7WE6zAEaOAfVYA,My Village Show,2023-01-04T00:00:00Z,734900,31557,0,1658,https://i.ytimg.com/vi/DyASOJxwdCQ/default.jpg
V3OS-t-5hYQ,‡∞Æ‡∞æ ‡∞ó‡±É‡∞π‡∞™‡±ç‡∞∞‡∞µ‡±á‡∞∂‡∞æ‡∞®‡∞ø‡∞ï‡∞ø ‡∞µ‡∞ø‡∞ö‡±ç‡∞ö‡±á‡∞∏‡∞ø‡∞® ‡∞¨‡∞Ç‡∞ß‡±Å‡∞Æ‡∞ø‡∞§‡±ç‡∞∞‡±Å‡∞≤‡±Å || Madam Anthe || Strikers,2023-01-02T10:16:39Z,UCVh3tWYARk8wRw8EqjNL6rw,Madam Anthe,2023-01-04T00:00:00Z,783942,13403,0,712,https://i.ytimg.com/vi/V3OS-t-5hYQ/default.jpg
c79sB3-kY9k,My SISTER CAN'T SAY NO FOR 24HRS CHALLENGE üò±,2023-01-04T03:15:01Z,UCrBV4KLmgBJ9CbOW5BpYTBA,Anshu Bisht Vlogs,2023-01-04T00:00:00Z,300212,35304,0,719,https://i.ytimg.com/vi/c79sB3-kY9k/default.jpg
mRhbyKPAJs4,Ilakkiya Serial | EP 72 Highlights | 2nd Jan 2023 | Hima Bindhu | Nandan | Sushma Nair,2023-01-02T09:30:09Z,UCtrovMbRR6h_XLMfdbhqb1A,Saregama TV Shows Tamil,2023-01-04T00:00:00Z,1417320,20159,0,433,https://i.ytimg.com/vi/mRhbyKPAJs4/default.jpg
cjINGeO9kT8,ALONE Official Trailer | Mohanlal | Shaji Kailas | Antony Perumbavoor | Aashirvad Cinemas,2022-12-31T18:31:11Z,UC_J44kyEsEB8LPlhfm2Xb4g,Aashirvad Cinemas,2023-01-04T00:00:00Z,1566792,58819,0,3805,https://i.ytimg.com/vi/cjINGeO9kT8/default.jpg
Oz2IjnfizyQ,Emo ne Teaser | Deepthi sunaina | Vishal | Vinay Shanmukh | Vijai Bulganin | Maka Sampath Kumar,2023-01-03T13:37:20Z,UCeeZGvtsKsp4iIQjNP2n6XA,Vinay Shanmukh,2023-01-04T00:00:00Z,383521,19029,0,268,https://i.ytimg.com/vi/Oz2IjnfizyQ/default.jpg
UjOJ20oXv6Q,Rani Song || ‡∞∞‡∞æ‡∞£‡∞ø || Promo || Mangli || Kamal Eslavath ||  Madeen SK || Janulyri || Damu Reddy,2023-01-04T04:00:07Z,UC91m634trv4XQcJzOWQo4qQ,Mangli Official,2023-01-04T00:00:00Z,44252,4009,0,130,https://i.ytimg.com/vi/UjOJ20oXv6Q/default.jpg
dmUQMrCz850,Cirkus Movie Roast - Bollywood‚Äôs Dumbest Movie Ever,2022-12-31T09:00:20Z,UCfLuT3JwLx8rvHjHfTymekw,Triggered Insaan,2023-01-04T00:00:00Z,4192558,355412,0,15189,https://i.ytimg.com/vi/dmUQMrCz850/default.jpg
CPh1yRASMZg,Pakistan Taliban and Baloch Militias are about to Break Pakistan | The Pakistan Crisis | UPSC GS2,2023-01-02T15:15:17Z,UCrC8mOqJQpoB7NuIMKIS6rQ,StudyIQ IAS,2023-01-04T00:00:00Z,780248,17311,0,239,https://i.ytimg.com/vi/CPh1yRASMZg/default.jpg
x7aZSR8JgSs,Ethirneechal - Ep 285 | 02 January 2023 | Tamil Serial | Sun TV,2023-01-04T05:00:18Z,UCBnxEdpoZwstJqC1yZpOjRA,Sun TV,2023-01-04T00:00:00Z,704369,13032,0,438,https://i.ytimg.com/vi/x7aZSR8JgSs/default.jpg
hep-UIKFg_Y,"Lakadbaggha - Official Trailer | Anshuman Jha, Ridhi Dogra, Milind Soman & Paresh Pahuja | 13th Jan",2023-01-03T07:45:03Z,UCFFbwnve3yF62-tVXkTyHqg,Zee Music Company,2023-01-04T00:00:00Z,760783,32320,0,1390,https://i.ytimg.com/vi/hep-UIKFg_Y/default.jpg
R3OaoTtE9q8,Sanket's Ke  Birthday Pe Biggest Surprise I Sanket Birthday Vlog,2023-01-02T07:56:27Z,UCf9FhkQ8SlbX29J_U75g9cA,Hungry Birds Inside,2023-01-04T00:00:00Z,461973,14777,0,1970,https://i.ytimg.com/vi/R3OaoTtE9q8/default.jpg
aXRchlAv51M,THE SHARK TANK PODCAST,2023-01-02T14:37:25Z,UCneQdPbDLwZ__ZXP0YVwiag,Honestly by Tanmay Bhat,2023-01-04T00:00:00Z,766280,37322,0,1675,https://i.ytimg.com/vi/aXRchlAv51M/default.jpg
EktYm2_L3BM,Periods Part 01|| E3 studios || Tamada Media,2023-01-03T11:30:09Z,UCkQijmhY2nRfrFtqnht6FZg,E3 Studios,2023-01-04T00:00:00Z,71387,3689,0,53,https://i.ytimg.com/vi/EktYm2_L3BM/default.jpg
uzr0vG20Si0,||‡¥™‡µç‡¥≤‡¥ø‡¥ô‡µç MOMENTS||Comedy Video||,2023-01-02T13:10:14Z,UCKQ_PSYYYL_rjWnWZ4m2THg,Enthuvayith(‡¥é‡¥®‡µç‡¥§‡µÅ‡¥µ‡¥æ‡¥Ø‡¥ø‡¥§‡µç),2023-01-04T00:00:00Z,343958,11619,0,902,https://i.ytimg.com/vi/uzr0vG20Si0/default.jpg
DjgBAwmKhCM,"The Kapil Sharma Show : Khan Sir, Gaur Gopal Das, Altaf Raja, Suneeta Rao & others | Promo",2023-01-01T02:50:00Z,UCzR7770PbrKcG9OYGzBep9w,Bollywood Hungama,2023-01-04T00:00:00Z,4593563,107948,0,5447,https://i.ytimg.com/vi/DjgBAwmKhCM/default.jpg
HnnNDuKDqhM,‡§â‡§§‡•ç‡§§‡§∞ ‡§™‡•ç‡§∞‡§¶‡•á‡§∂ ‡§∂‡§ø‡§ï‡•ç‡§∑‡§ï ‡§≠‡§∞‡•ç‡§§‡•Ä ‡§π‡•Å‡§Ü ‡§¨‡§°‡§º‡§æ ‡§¨‡§¶‡§≤‡§æ‡§µüî•‡§∏‡§Æ‡•ç‡§™‡•Ç‡§∞‡•ç‡§£ ‡§ú‡§æ‡§®‡§ï‡§æ‡§∞‡•Ä | Teacher Vacancy 2023 Latest Viral Videoüî•,2023-01-03T15:32:36Z,UCm-EPfZgP_gy8n0ry8mFHaA,Chandra Institute Allahabad,2023-01-04T00:00:00Z,131674,6691,0,467,https://i.ytimg.com/vi/HnnNDuKDqhM/default.jpg
bTH3N3UjG-g,‡§á‡§∏ ‡§™‡•ç‡§Ø‡§æ‡§∞ ‡§ï‡•ã ‡§ï‡•ç‡§Ø‡§æ ‡§®‡§æ‡§Æ ‡§¶‡•Ç‡§Å? | Khushi ne ki Arnav ki seva! - Part 2,2023-01-03T10:25:47Z,UC-LPIU24bQXVljUXivKEeRQ,StarPlus,2023-01-04T00:00:00Z,1469213,15123,0,146,https://i.ytimg.com/vi/bTH3N3UjG-g/default.jpg
bRsCS54Dn2M,PRIYA Is PREGNANT ü§© | Allu Loves Priya,2023-01-02T14:19:00Z,UC1ABxMagsWoPYtlRZtsOERg,Allu Loves Priya,2023-01-04T00:00:00Z,367444,11987,0,867,https://i.ytimg.com/vi/bRsCS54Dn2M/default.jpg
v5mhFfgEYig,Eating at Weird RESTAURANTS that only Exist in JAPAN üò≤ *SHOCKING*,2023-01-03T08:31:26Z,UCtyltqstMm6iKnkk2Y9Zt8A,Wanderers Hub,2023-01-04T00:00:00Z,783900,39263,0,10611,https://i.ytimg.com/vi/v5mhFfgEYig/default.jpg
KcZYWmt4I2I,The Bloodline brawls with the entire Raw locker room after declaring a hostile takeover | WWE on FOX,2023-01-03T02:10:12Z,UCgKpcxVyF0qXU1h_Irzd7XA,WWE ON FOX,2023-01-04T00:00:00Z,508878,8639,0,606,https://i.ytimg.com/vi/KcZYWmt4I2I/default.jpg
bf5VMqJnXLM,SEMUEL USED ALL HIS POWER in Minecraft DarkHeroes [S2 Episode 6],2023-01-02T14:07:04Z,UCSncGB_s0tuWN-4l-58mmvQ,ProBoiz 95,2023-01-04T00:00:00Z,940067,55176,0,2975,https://i.ytimg.com/vi/bf5VMqJnXLM/default.jpg
owdqJWQrDss,Bassi ‡§ï‡§æ ‡§ï‡•à‡§∏‡§æ ‡§•‡§æ First Flight Experience? |Anubhav Singh Bassi|The Kapil Sharma Show 2| Best Moments,2023-01-03T05:30:09Z,UCpEhnqL0y41EpW2TvWAHD7Q,SET India,2023-01-04T00:00:00Z,3060151,84946,0,1754,https://i.ytimg.com/vi/owdqJWQrDss/default.jpg
3tApQl8ZTYU,"John Cena & Kevin Owens vs. Roman Reigns & Sami Zayn: SmackDown, Dec. 30, 2022",2022-12-31T04:22:33Z,UCJ5v_MCY6GNUBTO8-D3XoAg,WWE,2023-01-04T00:00:00Z,5427444,121033,0,5595,https://i.ytimg.com/vi/3tApQl8ZTYU/default.jpg
R-bB0I8Ke_o,"‚Äã‚ÄãWhen Doctor & Engineer Are Neighbours E03 | Anushka Kaushik, Abhishek Kapoor & Bhagyashree | RVCJ",2023-01-03T06:30:04Z,UCGyEq-EoY4Gn4RfknRQxWYw,RVCJ Media,2023-01-04T00:00:00Z,176434,12146,0,466,https://i.ytimg.com/vi/R-bB0I8Ke_o/default.jpg
K_pLuxQF15U,"PM Modi's Mother Passes Away: ‡§™‡•Ä‡§è‡§Æ ‡§Æ‡•ã‡§¶‡•Ä ‡§®‡•á ‡§Æ‡§æ‡§Ç ‡§ï‡•Ä ‡§Ö‡§∞‡•ç‡§•‡•Ä ‡§ï‡•ã ‡§¶‡§ø‡§Ø‡§æ ‡§ï‡§Ç‡§ß‡§æ, ‡§π‡•Ä‡§∞‡§æ ‡§¨‡§æ ‡§ï‡•Ä ‡§Ö‡§Ç‡§§‡§ø‡§Æ ‡§Ø‡§æ‡§§‡•ç‡§∞‡§æ |",2022-12-30T03:14:09Z,UC7wXt18f2iA3EDXeqAVuKng,Republic Bharat,2023-01-04T00:00:00Z,6603907,0,0,7326,https://i.ytimg.com/vi/K_pLuxQF15U/default.jpg
6M5snTl2leY,GTA X FREEFIRE : END OF BLOODMOON ‚ùì FT. EL PASTO BATTLE! üî•,2023-01-03T10:04:16Z,UCU4nEGpxiZJ3sH6MOu0aP0Q,V Fire Gaming,2023-01-04T00:00:00Z,66304,12468,0,1514,https://i.ytimg.com/vi/6M5snTl2leY/default.jpg
5pFQz6xgQ-0,Episode 236 I Part 1 I ‡¶Ö‡¶®‡ßÅ‡¶∞‡¶æ‡¶ó‡ßá‡¶∞‡¶õ‡ßã‡¶Å‡ßü‡¶æ ‡•§,2023-01-03T08:30:00Z,UCvMd32ON30vh2bd-_A5KA1A,Star Jalsha,2023-01-04T00:00:00Z,1133117,12031,0,103,https://i.ytimg.com/vi/5pFQz6xgQ-0/default.jpg
cqeq4w-Rb5E,‡¥µ‡µÜ‡¥±‡µÅ‡¥§‡µÜ ‡¥ï‡¥≥‡¥Ø‡µÅ‡¥®‡µç‡¥® ‡¥à ‡¥∏‡¥æ‡¥ß‡¥®‡¥Ç ‡¥á‡¥ô‡µç‡¥ô‡¥®‡µÜ ‡¥§‡µã‡¥∞‡µª ‡¥µ‡¥ö‡µç‡¥ö‡µç ‡¥ï‡¥¥‡¥ø‡¥ö‡µç‡¥ö‡¥æ‡µΩ ‡¥ï‡¥∞‡µæ ‡¥ï‡µç‡¥≤‡µÄ‡µª ‡¥Ü‡¥ï‡µÅ‡¥Ç ‡¥´‡¥æ‡¥±‡µç‡¥±‡¥ø ‡¥≤‡¥ø‡¥µ‡µº ‡¥ú‡µÄ‡¥µ‡¥ø‡¥§‡¥§‡µç‡¥§‡¥ø‡µΩ ‡¥µ‡¥∞‡¥ø‡¥≤‡µç‡¥≤,2023-01-01T15:33:33Z,UCkXwyrEIBifBj4t1yA5OjHA,Baiju's Vlogs,2023-01-04T00:00:00Z,390899,4937,0,254,https://i.ytimg.com/vi/cqeq4w-Rb5E/default.jpg
htSV9vmggWA,‡§á‡§∏ ‡§™‡•ç‡§Ø‡§æ‡§∞ ‡§ï‡•ã ‡§ï‡•ç‡§Ø‡§æ ‡§®‡§æ‡§Æ ‡§¶‡•Ç‡§Å? | Arnav ke sasuraal mai ho rahi hai shaadi! - Part 2,2023-01-03T13:07:28Z,UC-LPIU24bQXVljUXivKEeRQ,StarPlus,2023-01-04T00:00:00Z,1169006,11392,0,132,https://i.ytimg.com/vi/htSV9vmggWA/default.jpg
4weFxATBEiY,Evil Dead Rise ‚Äì Teaser,2023-01-03T17:00:26Z,UCjmJDM5pRKbUlVIzDYYWb6g,Warner Bros. Pictures,2023-01-04T00:00:00Z,348962,12957,0,1150,https://i.ytimg.com/vi/4weFxATBEiY/default.jpg
cj64fDSN9Ak,SSC GD 2022| Reasoning ‡§ï‡•ç‡§∞‡•à‡§∂ ‡§ï‡•ã‡§∞‡•ç‡§∏- #7 | Missing Number short trick in hindi for ssc gd,2023-01-03T15:37:26Z,UC8XBsRz_R8CqweUyHxf6awg,SSC MAKER,2023-01-04T00:00:00Z,65526,7986,0,245,https://i.ytimg.com/vi/cj64fDSN9Ak/default.jpg
7xkmTGVoWbM,‡¥à ‡¥ú‡µÅ‡¥µ‡¥≤‡µç‡¥≤‡¥±‡¥ø‡¥Ø‡¥ø‡µΩ ‡¥∏‡µç‡¥µ‡µº‡¥£‡µç‡¥£‡¥Ç ‡¥Æ‡¥æ‡¥§‡µç‡¥∞‡¥Æ‡¥≤‡µç‡¥≤..| MRIDVA,2023-01-03T06:30:01Z,UCIYZsndkqCTs4VHfwzt7Ycg,MRIDVA VLOGS,2023-01-04T00:00:00Z,173663,3227,0,88,https://i.ytimg.com/vi/7xkmTGVoWbM/default.jpg
q0NeWJAqlPI,200MP Camera Phone Deserves Your Attention * Lets Test *,2023-01-03T16:24:04Z,UC1tVU8H153ZFO9eRsxdJlhA,Technology Gyan,2023-01-04T00:00:00Z,262465,23015,0,1220,https://i.ytimg.com/vi/q0NeWJAqlPI/default.jpg
3yr7W6cNQ1k,19 Million Surprise Diya Piyush Ne üòç,2023-01-03T02:30:02Z,UCjvgGbPPn-FgYeguc5nxG4A,Sourav Joshi Vlogs,2023-01-04T00:00:00Z,3820997,370045,0,8125,https://i.ytimg.com/vi/3yr7W6cNQ1k/default.jpg
aLugem8RdbQ,Ashu Natho BB Jodi Enduku Cheyatledu ? || Mehaboob Dil Se || Ashu Reddy || Infinitum Media,2023-01-02T14:00:03Z,UC2aqUqrT0WO44kVXcPoPOZA,Mehaboob Dil Se,2023-01-04T00:00:00Z,427676,8553,0,424,https://i.ytimg.com/vi/aLugem8RdbQ/default.jpg
Her-XWTwITw,EMIWAY - DRILL (OFFICIAL MUSIC VIDEO),2022-12-30T18:30:03Z,UCHmk8iNJHvf5mGN6_pkPc7g,Emiway Bantai,2023-01-04T00:00:00Z,3119871,363527,0,46749,https://i.ytimg.com/vi/Her-XWTwITw/default.jpg
PsUv2xdE5UI,Ethirneechal - Promo | 03 January 2023   | Sun TV Serial | Tamil Serial,2023-01-03T05:22:49Z,UCBnxEdpoZwstJqC1yZpOjRA,Sun TV,2023-01-04T00:00:00Z,1751203,27745,0,782,https://i.ytimg.com/vi/PsUv2xdE5UI/default.jpg
QIb8RWKqzgs,I Took an IQ Test but Do I Actually Have a Big Brain!!?,2023-01-03T09:30:08Z,UCFwKgzKe-EdTz83r6wzhmOw,Live Insaan,2023-01-04T00:00:00Z,883990,91407,0,4143,https://i.ytimg.com/vi/QIb8RWKqzgs/default.jpg
58UWcK-onm4,Bigg Boss Tamil Season 6 | 4th January 2023 - Promo 1,2023-01-04T03:30:01Z,UCvrhwpnp2DHYQ1CbXby9ypQ,Vijay Television,2023-01-04T00:00:00Z,1194007,23159,0,2459,https://i.ytimg.com/vi/58UWcK-onm4/default.jpg
pT2DtWM4Oo8,"Jhilli | Ep - 396 | Webisode | Dec, 24 2022 | Nikita Mishra,Aman Chinchani | Zee Sarthak",2022-12-31T15:30:10Z,UCfmbodYLstjhfnIyM_oRP0Q,Zee Sarthak,2023-01-04T00:00:00Z,425776,8227,0,34,https://i.ytimg.com/vi/pT2DtWM4Oo8/default.jpg
Ng577TwlOzw,Ilakkiya Serial | EP 73 Highlights | 3rd Jan 2023 | Hima Bindhu | Nandan | Sushma Nair,2023-01-03T09:31:06Z,UCtrovMbRR6h_XLMfdbhqb1A,Saregama TV Shows Tamil,2023-01-04T00:00:00Z,982913,14184,0,178,https://i.ytimg.com/vi/Ng577TwlOzw/default.jpg
nfrwylRRRzY,Firing In Jammu And Kashmir's Rajouri | IED Blast Reported In Jammu And Kashmir | J&K News Today,2023-01-02T05:18:20Z,UCef1-8eOpJgud7szVPlZQAQ,CNN-News18,2023-01-04T00:00:00Z,157941,2828,0,331,https://i.ytimg.com/vi/nfrwylRRRzY/default.jpg
Q9O_ZlW2YmE,Custody Glimpse | Naga Chaitanya | Krithi Shetty | Arvind Swami | Venkat Prabhu | SrinivasaaChitturi,2023-01-01T05:13:08Z,UCSXwEK86-OWEn_QF65X7c7Q,Junglee Music Telugu,2023-01-04T00:00:00Z,3318569,47660,0,1076,https://i.ytimg.com/vi/Q9O_ZlW2YmE/default.jpg
nlUd9dVqre0,Mujhe Pyaar Hua Tha Episode 4 | Presented by Surf Excel | 2nd Jan 2023 (Eng Subtitles) ARY Digital,2023-01-02T16:27:18Z,UC4JCksJF76g_MdzPVBJoC3Q,ARY Digital HD,2023-01-04T00:00:00Z,5418905,129836,0,4902,https://i.ytimg.com/vi/nlUd9dVqre0/default.jpg
fHGtahrSh9g,Women Task Force | The Coffin Man Is After Officer Purvi's Life | CID | Full Episode | 01.01.2023,2023-01-01T07:30:04Z,UCzXpAx4v6rFLYXkJZ5nmSvQ,LIV Crime,2023-01-04T00:00:00Z,2390454,23279,0,1033,https://i.ytimg.com/vi/fHGtahrSh9g/default.jpg
9jnpatu6bDo,NEW UPDATE 2.4 COMING TO BGMI ? GOVT. OFFICIAL RULES FOR E-SPORTS,2023-01-03T13:38:31Z,UCzEukHJOWCO1ngxkIhGbfQA,Classified YT,2023-01-04T00:00:00Z,143942,15850,0,844,https://i.ytimg.com/vi/9jnpatu6bDo/default.jpg
bhZDu_fxXMo,Naagin 6 | ‡§®‡§æ‡§ó‡§ø‡§® 6 | Ep. 94 | Raghuveer And Prathna Get Married! | Highlight,2023-01-02T06:30:06Z,UC55IWqFLDH1Xp7iu1_xknRA,Colors TV,2023-01-04T00:00:00Z,1580338,21580,0,186,https://i.ytimg.com/vi/bhZDu_fxXMo/default.jpg
gihVM-4z7VA,Farq Episode 21 Teaser - 3rd January 2023 - HAR PAL GEO,2023-01-03T16:45:01Z,UCe9JSDmyqNgA_l2BzGHq1Ug,HAR PAL GEO,2023-01-04T00:00:00Z,1581392,21416,0,135,https://i.ytimg.com/vi/gihVM-4z7VA/default.jpg
6WM2sMOVqBk,COLLEGE DAYS | FULL HD | NIZAR SHIRIYA | AZIMOL | MUNAZ MUNNU | ALI ZIYAN | BASI FALCON |LOGIC MEDIA,2023-01-02T11:30:03Z,UCZcOOykni16XrsXUcDBVi0g,LOGIC MEDIA,2023-01-04T00:00:00Z,114011,4408,0,444,https://i.ytimg.com/vi/6WM2sMOVqBk/default.jpg
dwduFHo7Kow,‡Æá‡Æ©‡Øç‡Æ©‡Æø‡Æï‡Øç‡Æï‡ØÅ episode ‡Æµ‡Øá‡Æ± ‡Æ≤‡ØÜ‡Æµ‡Æ≤‡Øç.. üëå | Mouna Raagam 2,2023-01-02T16:02:48Z,UCvrhwpnp2DHYQ1CbXby9ypQ,Vijay Television,2023-01-04T00:00:00Z,1196042,14537,0,276,https://i.ytimg.com/vi/dwduFHo7Kow/default.jpg
X2D9abMz124,New Year Muggulu kolam design 2023 üå∑ 10X2 dots Rangoli üå∑ Beautiful Big Rangoli Kolam for New year,2022-12-31T04:30:12Z,UC-ahrcxWt9aMEsGL2OCw_Xg,Easy & Simple Rangoli,2023-01-04T00:00:00Z,855025,4039,0,51,https://i.ytimg.com/vi/X2D9abMz124/default.jpg
sc_wf_oMwF0,All About Career üî• ‡¶ö‡¶æ‡¶ï‡¶∞‡¶ø‡¶∞ ‡¶ö‡ßÅ‡¶≤‡¶ï‡¶æ‡¶®‡¶ø ü§£ By Rahul Dey,2023-01-03T12:24:19Z,UCVZy3XYv06F-dWzOuz3WjjA,Rahul Dey,2023-01-04T00:00:00Z,78445,18186,0,878,https://i.ytimg.com/vi/sc_wf_oMwF0/default.jpg
r_cGMt_LQNg,I BECAME AN OCTOPUS MAN,2023-01-03T03:30:10Z,UCX8pnu3DYUnx8qy8V_c6oHg,Techno Gamerz,2023-01-04T00:00:00Z,2248676,183839,0,13625,https://i.ytimg.com/vi/r_cGMt_LQNg/default.jpg
YDZsqJ_7spM,KEPO NURU - Lenzing Doming ft. Tashi Dargey | Official Music Video | Mamung Hibu‚ù§Ô∏è | Arunachali Song,2023-01-03T05:23:11Z,UCcd2OvCO_0F15hdR3kHlKiw,LENZING WEEKLY,2023-01-04T00:00:00Z,91842,13879,0,973,https://i.ytimg.com/vi/YDZsqJ_7spM/default.jpg
cjTKGXz5WAo,THUNIVU TRAILER - my thoughts !,2022-12-31T14:47:00Z,UCZVcQLqXTn1DN-UcDwrc1gQ,tamilcinemareview,2023-01-04T00:00:00Z,514944,18921,0,1525,https://i.ytimg.com/vi/cjTKGXz5WAo/default.jpg
7fdsWrK86CI,"APARAJITA ‡¨Ö‡¨™‡¨∞‡¨æ‡¨ú‡¨ø‡¨§‡¨æ -Full EP -280 - Mega Serial - Raj Rajesh, Subhashree,KK,Priya - Sidharrth TV",2023-01-03T13:30:04Z,UCbBWncD3X_dfXwxmj4KwJnA,Sidharrth TV,2023-01-04T00:00:00Z,464012,8988,0,270,https://i.ytimg.com/vi/7fdsWrK86CI/default.jpg
OmDBZ5Smd1k,‡∞Æ‡∞æ ‡∞Ö‡∞Æ‡±ç‡∞Æ‡∞æ‡∞Ø‡∞ø ‡∞™‡±Ü‡∞≥‡±ç‡∞≥‡∞ø‡∞ï‡∞ø ‡∞Æ‡±á‡∞Æ‡±Å ‡∞ö‡±á‡∞∏‡∞ø‡∞® SWEET MALIDA | Zubeda Ali,2023-01-04T04:30:08Z,UCH4Vtzi8TL3MP4A22xD_y9w,Zubeda Ali,2023-01-04T00:00:00Z,662575,11186,0,308,https://i.ytimg.com/vi/OmDBZ5Smd1k/default.jpg
Tg54DU7IIek,Marrying A Village Girl Ft. Abhinav Anand & Bhavya Sharma | Webseries | Hasley India,2023-01-02T10:00:22Z,UCgM1AQcoM5TRlzsm1e66vrQ,Hasley India,2023-01-04T00:00:00Z,543245,22983,0,654,https://i.ytimg.com/vi/Tg54DU7IIek/default.jpg
BePuw7gU_Ao,NEW! Taarak Mehta Ka Ooltah Chashmah - Ep 3658 - 3 Jan 2023 - Teaser,2023-01-03T15:30:03Z,UC6-F5tO8uklgE9Zy8IvbdFw,Sony SAB,2023-01-04T00:00:00Z,1241058,23635,0,457,https://i.ytimg.com/vi/BePuw7gU_Ao/default.jpg
Oq8s3paqUYM,Backbenchers - College Life | Ep - 2 | Dora Sai Teja | Varsha Dsouza | Tej India | Infinitum Media,2022-12-29T11:35:25Z,UCLcEgVo16evDiKEzl7zcQ_g,Tej India,2023-01-04T00:00:00Z,2794950,209667,0,9878,https://i.ytimg.com/vi/Oq8s3paqUYM/default.jpg
qdqLX8uKuUg,NEW! Taarak Mehta Ka Ooltah Chashmah - Ep 3657 - 2 Jan 2023 - Teaser,2023-01-02T15:30:08Z,UC6-F5tO8uklgE9Zy8IvbdFw,Sony SAB,2023-01-04T00:00:00Z,2714161,36456,0,1009,https://i.ytimg.com/vi/qdqLX8uKuUg/default.jpg
sXOYYBNEY1E,‡Æá‡Æ™‡Øç‡Æ™‡Æü‡Æø ‡Æâ‡Æ£‡Øç‡ÆÆ‡Øà‡ÆØ ‡Æö‡Øä‡Æ≤‡Øç‡Æ≤‡Ææ‡ÆÆ‡Æ≤‡Øà‡ÆØ‡Øá ‡Æé‡Æµ‡Æ≥‡Øã ‡Æ®‡Øá‡Æ∞‡ÆÆ‡Øç ‡Æá‡Æ∞‡ØÅ‡Æï‡Øç‡Æï ‡Æ™‡Øã‡Æ±‡ØÄ‡Æô‡Øç‡Æï..? üôÑ | Kaatrukkenna Veli,2023-01-03T14:10:16Z,UCvrhwpnp2DHYQ1CbXby9ypQ,Vijay Television,2023-01-04T00:00:00Z,551111,5753,0,93,https://i.ytimg.com/vi/sXOYYBNEY1E/default.jpg
dn4kI3SCD38,Girls Bike Race Challenge || Shivam Dikro || TEJASVI BACHANI,2023-01-01T11:43:29Z,UCu0VvQ2FsbTCOW8vE4CHgwg,Tejasvi Bachani,2023-01-04T00:00:00Z,308678,3591,0,220,https://i.ytimg.com/vi/dn4kI3SCD38/default.jpg
2x9NyQjE4Dk,Choo Mantar | 4K First Look | Sharan | Meghana | Aditi | Karvva Navneeth | Chandan Shetty | Tarun,2023-01-02T13:45:03Z,UCLtCejNl8eAg4PO_9lf2TIg,Anand Audio,2023-01-04T00:00:00Z,163325,13723,0,408,https://i.ytimg.com/vi/2x9NyQjE4Dk/default.jpg
HHNJcTEa7ZI,Drew McIntyre and Sheamus chase The Bloodline from the ring on Monday Night Raw | WWE on FOX,2023-01-03T03:18:00Z,UCgKpcxVyF0qXU1h_Irzd7XA,WWE ON FOX,2023-01-04T00:00:00Z,195197,3187,0,136,https://i.ytimg.com/vi/HHNJcTEa7ZI/default.jpg
ABJpcdFREjE,Khuda ki Inayat Hai | Sun Soniye Sun Dildar | Heart touching love story | Sad Song | Maahi Queen,2023-01-02T05:32:08Z,UC5hrMQx_OLBfTmkAODbcITQ,Maahi Queen,2023-01-04T00:00:00Z,262577,6743,0,187,https://i.ytimg.com/vi/ABJpcdFREjE/default.jpg
RvYkeTmM1gc,"If You Build It, I'll Pay For It!",2022-12-31T20:00:04Z,UCIPPMRA040LQr5QPyJEbmXA,MrBeast Gaming,2023-01-04T00:00:00Z,10581880,472885,0,20160,https://i.ytimg.com/vi/RvYkeTmM1gc/default.jpg
_ZAgIHmHLdc,NewJeans (Îâ¥ÏßÑÏä§) 'OMG' Official MV,2023-01-02T09:00:00Z,UC3IZKseVpdzPSBaWxBxundA,HYBE LABELS,2023-01-04T00:00:00Z,9657255,860816,0,41896,https://i.ytimg.com/vi/_ZAgIHmHLdc/default.jpg
vFphsbbqGxY,INDIANS and THEKA | New Year Special || JustPuru,2023-01-03T06:36:10Z,UCA84lPTiTp5P0CHu3Rk5j0Q,JustPuru,2023-01-04T00:00:00Z,39350,1038,0,51,https://i.ytimg.com/vi/vFphsbbqGxY/default.jpg
6cRTXGGD4CQ,Rishabh Pant's accident is a wakeup call | Road Safety Analysis by Abhi and Niyu,2023-01-02T14:00:11Z,UCsDTy8jvHcwMvSZf_JGi-FA,Abhi and Niyu,2023-01-04T00:00:00Z,880877,76410,0,2754,https://i.ytimg.com/vi/6cRTXGGD4CQ/default.jpg
UqCQ2JlLAYY,‡¥®‡µÄ‡µΩ ‡¥Ü‡¥Ç‡¥∏‡µç‡¥ü‡µç‡¥∞‡µã‡¥ô‡µç ‡¥µ‡¥ø‡¥ü‡µç‡¥ü ‡¥µ‡¥æ‡¥£‡¥Ç ‡¥µ‡µÜ‡¥±‡µÅ‡¥Ç 69‡¥∞‡µÇ‡¥™ !!!üí• | Oru Chiri Iru Chiri Bumper Chiri,2023-01-02T16:11:51Z,UCz1ht-a2eKE_s1vMh3OHtIg,manoramaMAX,2023-01-04T00:00:00Z,152464,2499,0,23,https://i.ytimg.com/vi/UqCQ2JlLAYY/default.jpg
NIXJS_OTdG8,Gokuldham ‡§Æ‡•á‡§Ç ‡§ö‡§≤ ‡§∞‡§π‡•Ä ‡§π‡•à Special Party | Taarak Mehta Ka Ooltah Chashmah |Sony Sab Rewind,2022-12-30T05:56:17Z,UC6-F5tO8uklgE9Zy8IvbdFw,Sony SAB,2023-01-04T00:00:00Z,5952894,70207,0,1076,https://i.ytimg.com/vi/NIXJS_OTdG8/default.jpg
22IbvRzRfoA,Jignesh Barot (Kaviraj) | Tame Mann Na Hata Mela | 4K Video | New Sad Song | @EktaSound,2023-01-01T01:45:00Z,UC54FS_YP3B6bJkQ9gwF0lBg,Ekta Sound,2023-01-04T00:00:00Z,469092,21603,0,687,https://i.ytimg.com/vi/22IbvRzRfoA/default.jpg
r9y2apkQ3DQ,‡§§‡•Å‡§Æ ‡§™‡•Ç‡§õ‡§§‡•á ‡§π‡•ã ‡§§‡•Å‡§Æ‡§®‡•á ‡§ï‡•ç‡§Ø‡§æ ‡§ï‡§Æ‡§æ‡§Ø‡§æ ‡§Ø‡•á ‡§ï‡§Æ‡§æ‡§Ø‡§æ ‡§π‡•à‡§Ç,2023-01-02T13:58:21Z,UCa1771Nl7gc-mkGukBAoKTQ,Gk Subhash Charan,2023-01-04T00:00:00Z,399242,7040,0,475,https://i.ytimg.com/vi/r9y2apkQ3DQ/default.jpg
XrT9Q7Osw_E,NOOB vs HACKER: I Cheated In a Choo-Choo Charles Build Challenge üò± (Hindi),2023-01-02T10:41:59Z,UCasP4ULpPrDOd4mByIKFRhw,Ayush More,2023-01-04T00:00:00Z,471880,41181,0,3749,https://i.ytimg.com/vi/XrT9Q7Osw_E/default.jpg
ltbbxSQQmOA,Tractor JCB Machine on Swaraj 963 FE Loading Mud in Trolley Eicher 485 Sonalika 60 Rx,2023-01-01T02:00:12Z,UC1V1PQT_ZVRjzuzioG05rrQ,Pramod`s Life,2023-01-04T00:00:00Z,717032,3903,0,109,https://i.ytimg.com/vi/ltbbxSQQmOA/default.jpg
5Z8C1v4nQRU,YES!!! SHE IS PREGNANT ‚ô•Ô∏è,2022-12-30T11:30:01Z,UCrgS0Cta3myLDh10Si-JC_Q,Lakshmi Nakshathra,2023-01-04T00:00:00Z,762104,0,0,4102,https://i.ytimg.com/vi/5Z8C1v4nQRU/default.jpg
55_GidbKQv0,‡§ù‡§ü‡§™‡§ü ‡§®‡§æ‡§∞‡§ø‡§Ø‡§≤ ‡§ï‡•Ä ‡§¨‡§®‡§æ‡§è‡§Ç ‡§è‡§ï ‡§®‡§è ‡§§‡§∞‡§π ‡§ï‡•Ä ‡§ü‡•á‡§∏‡•ç‡§ü‡•Ä ‡§ï‡§∞‡§µ‡§∏ ‡§Æ‡§ø‡§†‡§æ‡§à /Nariyal Pudding Delight /Easy Coconut Sweet,2023-01-02T05:10:52Z,UC2JcFCoSQnxqmeMxvA49Vjg,Ray Kitchen,2023-01-04T00:00:00Z,496254,6248,0,230,https://i.ytimg.com/vi/55_GidbKQv0/default.jpg
y7UdCpyblWo,‡Æï‡Ææ‡ÆÆ‡ØÜ‡Æü‡Æø ‡Æï‡Æ≤‡Ææ‡Æü‡Øç‡Æü‡Ææ | Mullai Kothandan | Comedy Galatta | Episode - 71,2023-01-01T15:00:11Z,UC5-_zkjKabYd7tsLucKsriw,Doordarshan Podhigai,2023-01-04T00:00:00Z,226324,2168,0,54,https://i.ytimg.com/vi/y7UdCpyblWo/default.jpg
iT0_qao7FK8,HAPPY NEW YEAR | 2022 Rewind Bloopers | Behind the Scenes | BTS Reaction Video | Ruchi and Piyush,2022-12-31T08:30:13Z,UC0H6I4rKiHmtceSdTCM-DKQ,Ruchi and Piyush,2023-01-04T00:00:00Z,1057663,18712,0,2073,https://i.ytimg.com/vi/iT0_qao7FK8/default.jpg
bz2Ska9kAuM,‡§á‡§∏ ‡§™‡•ç‡§Ø‡§æ‡§∞ ‡§ï‡•ã ‡§ï‡•ç‡§Ø‡§æ ‡§®‡§æ‡§Æ ‡§¶‡•Ç‡§Å? | Khushi embarrassed Arnav! - Part 2,2023-01-02T11:54:12Z,UC-LPIU24bQXVljUXivKEeRQ,StarPlus,2023-01-04T00:00:00Z,1369032,12303,0,139,https://i.ytimg.com/vi/bz2Ska9kAuM/default.jpg
7lARlc4vS5s,Amazing ROLLER COASTER NATURAL FRUIT ICE CREAM | Street Food,2023-01-01T13:16:39Z,UCuSD-BXA1p8S3HfE8LsEkHA,Village Food Channel,2023-01-04T00:00:00Z,1724060,85324,0,1523,https://i.ytimg.com/vi/7lARlc4vS5s/default.jpg
zCjU7vG-M3M,Ek Din Main Bhagwaan se mila..,2023-01-03T05:30:11Z,UCxFHO85Vt7YF2TeXWYeOQSw,Sumedh Mudgalkar,2023-01-04T00:00:00Z,44977,13483,0,1493,https://i.ytimg.com/vi/zCjU7vG-M3M/default.jpg
FBMwmxWYWIQ,2023 ‡§Æ‡•á‡§Ç ‡§∞‡•ã‡•õ ‡§¨‡§∏ ‡§á‡§§‡§®‡§æ ‡§ï‡§∞‡•á‡§Ç | Sadhguru Hindi,2023-01-01T11:00:09Z,UCJ2KaH9TTjZdmKwwAFwwFkA,Sadhguru Hindi,2023-01-04T00:00:00Z,456791,15149,0,330,https://i.ytimg.com/vi/FBMwmxWYWIQ/default.jpg
WpDRXjJmIPs,"PM Modi performs the last rites of his mother Heeraben Modi in Ahmedabad, Gujarat",2022-12-30T04:38:11Z,UC1NF71EwP41VdjAU1iXdLkw,Narendra Modi,2023-01-04T00:00:00Z,6718858,62365,0,4550,https://i.ytimg.com/vi/WpDRXjJmIPs/default.jpg
e-_H34R66yI,New Year Muggulu Designs/Sankranthi muggulu/Sankranthi rangolis/Sankranthi chukkala muggulu/New year,2022-12-31T05:24:45Z,UC-OZOSOiUJ23moxPJdsHiqQ,Bindu rangoli,2023-01-04T00:00:00Z,1025296,8247,0,60,https://i.ytimg.com/vi/e-_H34R66yI/default.jpg
WIukRjsVY2I,Farq Episode 20 - [Eng Sub] - Faysal Quraishi - Sehar Khan - Adeel Chaudhry - 3rd January 2023,2023-01-03T16:00:11Z,UCe9JSDmyqNgA_l2BzGHq1Ug,HAR PAL GEO,2023-01-04T00:00:00Z,2872073,42214,0,830,https://i.ytimg.com/vi/WIukRjsVY2I/default.jpg
lBTZcn-Zplk,Anandhakuttante Adyarathri | SHORTFILM | AMEERSHA | RESHMA | SHAMEDIA | KARMA |,2022-12-30T11:30:07Z,UCSSU17J3BF6RjuoOzyJBtWw,Sha media,2023-01-04T00:00:00Z,775281,37197,0,551,https://i.ytimg.com/vi/lBTZcn-Zplk/default.jpg
RvtJRtYUsCg,Finally Iqra Ko Propose Karhi Diya üòç Shaadi ?,2023-01-03T12:54:00Z,UC4GSblxbWPSa1uk5SG3MYIw,The UK07 Rider,2023-01-04T00:00:00Z,1226457,180773,0,20201,https://i.ytimg.com/vi/RvtJRtYUsCg/default.jpg
l7O4nPsygWA,New Year Celebration On Bed üòÇ,2023-01-02T02:30:26Z,UCjvgGbPPn-FgYeguc5nxG4A,Sourav Joshi Vlogs,2023-01-04T00:00:00Z,3839088,386197,0,10059,https://i.ytimg.com/vi/l7O4nPsygWA/default.jpg
AaQsmvgA7js,Kaashi Mein Kailashi || Hansraj Raghuwanshi || Mahant Gaurav || Official Video | 2Directors || Bablu,2023-01-01T11:30:08Z,UCigV1clokmoz4LZrGL9fRNw,Hansraj Raghuwanshi,2023-01-04T00:00:00Z,1258525,84432,0,5058,https://i.ytimg.com/vi/AaQsmvgA7js/default.jpg
bE51DlQhRu0,"Mashurakkum, Suhanakkum Pappa Kodutha Surprise Kandu Emotional Aayi Suhana ü•π‚ù§Ô∏èüëè | Basheer Bashi",2022-12-29T10:53:51Z,UCNyo-TZ7V2AHLnVYtUOXZVA,Basheer Bashi,2023-01-04T00:00:00Z,2205014,39760,0,4180,https://i.ytimg.com/vi/bE51DlQhRu0/default.jpg
Ay320_fTvdw,Farq Episode 19 - [Eng Sub] - Faysal Quraishi - Sehar Khan - Adeel Chaudhry - 2nd January 2023,2023-01-02T16:00:05Z,UCe9JSDmyqNgA_l2BzGHq1Ug,HAR PAL GEO,2023-01-04T00:00:00Z,4251231,53800,0,1004,https://i.ytimg.com/vi/Ay320_fTvdw/default.jpg
wpQOlnpWuSo,The Honeymoon | De De Pyaar De | So Effin Cray,2023-01-02T08:14:58Z,UCOquMs0QXyjbw2YMigivRAw,So Effin Cray,2023-01-04T00:00:00Z,209878,16602,0,950,https://i.ytimg.com/vi/wpQOlnpWuSo/default.jpg
kFxt7tuZhDs,31st Dawathüï∫& Happy new year 2023ü•∞//junnu videos//ultimate village comedy video//5star junnu,2023-01-01T04:37:43Z,UC0u7Y9hLEW2kwO6lrWRIqPQ,5 Star Junnu,2023-01-04T00:00:00Z,149221,3903,0,191,https://i.ytimg.com/vi/kFxt7tuZhDs/default.jpg
ehYnNwuAbN0,"AGENT Making | Akhil Akkineni, Mammootty, Sakshi Vaidya | Surender Reddy | Anil Sunkara",2023-01-01T07:04:15Z,UCu1cFPQalIQlHHDSxn_PI0w,AK Entertainments,2023-01-04T00:00:00Z,960118,35992,0,878,https://i.ytimg.com/vi/ehYnNwuAbN0/default.jpg
fZmWaJxKgPE,Click To Check Your Real Gender!,2022-12-29T13:58:59Z,UCtgGOdTlM-NdJ9rPKIYN8UQ,Slayy Point,2023-01-04T00:00:00Z,3938570,340988,0,10832,https://i.ytimg.com/vi/fZmWaJxKgPE/default.jpg
bJaJ6WsD-Ec,Thunivu Trailer REACTION | It's A Wrap For 2022 | Malaysian Indian | Ajith Kumar | H Vinoth |Ghibran,2022-12-31T14:39:06Z,UCQkLGM2WgwIcTaQc82IS_nQ,Filmy React,2023-01-04T00:00:00Z,208972,16962,0,665,https://i.ytimg.com/vi/bJaJ6WsD-Ec/default.jpg
VJ51wYkClVQ,SYAAPA : OFFICIAL TRAILER | KANGRA BOYS,2023-01-02T13:46:29Z,UCuUGWPQIfEBdGXx67myk6hQ,Kangra Boys,2023-01-04T00:00:00Z,57065,7346,0,530,https://i.ytimg.com/vi/VJ51wYkClVQ/default.jpg
TWlZ46LMuNI,POV Drive: Kaztro Benz in Bangalore Highway üñ§ 6 Cylinder 281BHP 600NM Torque Machine,2023-01-02T09:28:19Z,UC6xE3WHNoIcczkgE7g8R_lw,Kaztro Vlogs,2023-01-04T00:00:00Z,138446,11258,0,570,https://i.ytimg.com/vi/TWlZ46LMuNI/default.jpg
FQuNf5FXrJw,Evil Thomas Train Kill Franklin and Fight with Avengers in gtav | GTAV Avengers | A.K GAME WORLD,2023-01-01T09:09:54Z,UC0YGxZ9dd1F3PbHXbhOSqrw,A.K GAME WORLD,2023-01-04T00:00:00Z,477376,9477,0,501,https://i.ytimg.com/vi/FQuNf5FXrJw/default.jpg
0iXUAjLMFig,"‡Æö‡ÆÆ‡Ææ‡Æ§‡Ææ‡Æ©‡ÆÆ‡Øç ‡Æ™‡Øá‡Æö ‡Æµ‡Æ®‡Øç‡Æ§ ‡ÆÆ‡Ææ‡Æ§‡Æø‡Æ∞‡Æø ‡Æ§‡ØÜ‡Æ∞‡Æø‡ÆØ‡Æ≤‡Øà‡ÆØ‡Øá ?? | Theeran Movie Super Scenes | Karthi, Rakul | HVinoth",2023-01-01T11:30:00Z,UCbpjEr8lHlnkf1SQ5tnDEYw,Dream Warrior Pictures,2023-01-04T00:00:00Z,261589,2941,0,64,https://i.ytimg.com/vi/0iXUAjLMFig/default.jpg
bC1hXnL9rd0,Rohit ‡§î‡§∞ Virat ‡§®‡§π‡•Ä‡§Ç ‡§ñ‡•á‡§≤‡•á‡§Ç‡§ó‡•á IPL? | IPL 2023 | BCCI Meeting | RJ Raunak,2023-01-02T02:59:08Z,UCtvDbLquaT511bZ_qUESrkA,RJ Raunac No-Po,2023-01-04T00:00:00Z,734781,53293,0,4646,https://i.ytimg.com/vi/bC1hXnL9rd0/default.jpg
Xgfw7wmEm40,"APARAJITA ‡¨Ö‡¨™‡¨∞‡¨æ‡¨ú‡¨ø‡¨§‡¨æ -Full EP -278 - Mega Serial - Raj Rajesh, Subhashree,KK,Priya - Sidharrth TV",2022-12-31T13:30:14Z,UCbBWncD3X_dfXwxmj4KwJnA,Sidharrth TV,2023-01-04T00:00:00Z,816067,12646,0,189,https://i.ytimg.com/vi/Xgfw7wmEm40/default.jpg
RlkSjPpsbgw,2023: Economic Times wishes all a Happy New Year,2022-12-31T15:30:04Z,UCJFOER35ggIWwsXh2ZDnqyg,The Economic Times,2023-01-04T00:00:00Z,193050,810,0,22,https://i.ytimg.com/vi/RlkSjPpsbgw/default.jpg
IM23GPYIw1Q,Happy Birthday DOP Djordje Stojilijkovic & Production Designer Nitin Zihani Choudhary | Project K,2023-01-02T12:36:25Z,UC70pKToywlxOGdgIvz8gYqA,Vyjayanthi Network,2023-01-04T00:00:00Z,225238,7268,0,166,https://i.ytimg.com/vi/IM23GPYIw1Q/default.jpg
dOTGyBY8V1M,FULL EPISODE -  255 || ‡§¨‡§π‡•Ç ‡§π‡§Æ‡§æ‡§∞‡•Ä ‡§∞‡§ú‡§®‡•Ä_‡§ï‡§æ‡§Ç‡§§ | Surili Ne Di Rajjo ko Chunauti! | Bahuhumarirajni_kant,2023-01-03T11:36:31Z,UCCy2rLnGdwoJcSAtixNdsPQ,STAR ‡§≠‡§æ‡§∞‡§§,2023-01-04T00:00:00Z,372623,7990,0,187,https://i.ytimg.com/vi/dOTGyBY8V1M/default.jpg
51XUamS9o_A,Hidden Details of  Thunivu Trailer  - Ajithkumar | H. Vinoth | Manju Warrier | Boney Kapoor,2022-12-31T15:45:12Z,UCD3LV6qsbQSzkeXuKGKmesg,SS Music,2023-01-04T00:00:00Z,426049,21245,0,983,https://i.ytimg.com/vi/51XUamS9o_A/default.jpg
boIryXBnP8s,Emo ne Glimpse | Deepthi sunaina | Vishal | Vinay Shanmukh | Vijai Bulganin | Maka Sampath Kumar .,2023-01-01T13:54:38Z,UCeeZGvtsKsp4iIQjNP2n6XA,Vinay Shanmukh,2023-01-04T00:00:00Z,647450,16493,0,165,https://i.ytimg.com/vi/boIryXBnP8s/default.jpg
qwm1n3uXwhg,Roopesh Shetty Says Sanya Iyer Is His Best Friend | Bigg Boss Kannada Season 9,2023-01-02T10:38:33Z,UCN3Zjx1L9SQK48cRE7PK5Pw,Public Music,2023-01-04T00:00:00Z,109960,1179,0,85,https://i.ytimg.com/vi/qwm1n3uXwhg/default.jpg
jjkNv5jWmTY,Hamara Tractor | Sukki Dc | We Are One,2022-12-29T14:03:38Z,UCw5N06QIrXBg92OfOVpvWkg,We Are One,2023-01-04T00:00:00Z,1258698,72239,0,2650,https://i.ytimg.com/vi/jjkNv5jWmTY/default.jpg
ID9I2DL-laY,‡Æ™‡ØÅ‡Æµ‡Æ©‡Øç ‡Æ§‡Æ≤ ‡Æ™‡Øä‡Æô‡Øç‡Æï‡Æ≤‡ØÅ‡Æï‡Øç‡Æï‡ØÅ ‡ÆÖ‡Æ¥‡Øà‡Æ™‡Øç‡Æ™‡Æ§‡Æ±‡Øç‡Æï‡Ææ‡Æï ‡ÆÖ‡Æ£‡Øç‡Æ£‡Æø ‡Æµ‡ØÄ‡Æü‡Øç‡Æü‡Æø‡Æ≤‡Øç ‡Æá‡Æ∞‡ØÅ‡Æ®‡Øç‡Æ§‡ØÅ ‡Æé‡Æ≤‡Øç‡Æ≤‡Ææ‡Æ∞‡ØÅ‡ÆÆ‡Øç ‡Æµ‡Æ®‡Øç‡Æ§‡ØÅ ‡Æá‡Æ∞‡ØÅ‡Æï‡Øç‡Æï‡Ææ‡Æô‡Øç‡Æï@AmmaKaiPakkuvam,2023-01-02T09:28:00Z,UCzmkF5d5Gp1wEVdhp-5Ikng,Amma Kai Pakkuvam,2023-01-04T00:00:00Z,242807,4783,0,268,https://i.ytimg.com/vi/ID9I2DL-laY/default.jpg
IUhjIDWKUzs,Crime World New Full Episode | Kasaayi Piya (‡§ï‡§∏‡§æ‡§à ‡§™‡§ø‡§Ø‡§æ) | Best Hindi Crime Show,2023-01-02T17:15:00Z,UC5crEdQIbHcsVwOILpJrXHQ,Shemaroo TV,2023-01-04T00:00:00Z,537843,4282,0,94,https://i.ytimg.com/vi/IUhjIDWKUzs/default.jpg
v-14Ep_GX1E,VIDEO - ‡§™‡§æ‡§∞‡•ç‡§ü‡•Ä ‡§®‡§Ø‡§æ ‡§∏‡§æ‡§≤ ‡§ï‡•á | Pawan Singh | Bhojpuri New Year 2023 | Party Naya Sal Ke,2022-12-31T12:52:28Z,UCy3ExvdZmbE--vRbUUSe_2A,Pawan Singh Official,2023-01-04T00:00:00Z,1454699,86943,0,13545,https://i.ytimg.com/vi/v-14Ep_GX1E/default.jpg
PCXlR2ZPBhg,‡¥∏‡µç‡¥®‡µá‡¥π‡¥Æ‡µã‡µæ‡¥ï‡µç‡¥ï‡µç ‡¥´‡µã‡µ∫ ‡¥Æ‡µá‡¥ü‡¥ø‡¥ö‡µç‡¥ö‡µÅ üò≥prank+‡¥ï‡¥∞‡¥ö‡µç‡¥ö‡¥ø‡µΩ+surprise üò®Full TwistüòÅ‡¥∏‡¥Ç‡¥≠‡¥µ‡¥ø‡¥ö‡µç‡¥ö‡¥§‡µç ‡¥á‡¥§‡¥æ‡¥£‡µç || 2023 frst video,2023-01-01T09:40:00Z,UCEL9Nysx3QoQLKsf-I9oD5A,Oru adaar family,2023-01-04T00:00:00Z,266830,12143,0,325,https://i.ytimg.com/vi/PCXlR2ZPBhg/default.jpg
U_BZttRp0C4,Su 31st Party Thase ? || Gujrati Comedy Video - Kaminey Frendzz,2022-12-31T06:28:49Z,UCaIttCdoMRliuXajByIbUxQ,Kaminey Frendzz,2023-01-04T00:00:00Z,240391,24412,0,682,https://i.ytimg.com/vi/U_BZttRp0C4/default.jpg
kBrE0eZUcW4,90 ‡¥≤‡¥ï‡µç‡¥∑‡¥Ç ‡¥∞‡µÇ‡¥™‡¥Ø‡µÅ‡¥ü‡µÜ üè° ‡¥µ‡µÄ‡¥ü‡µç ‡¥Ü‡¥´‡µç‡¥∞‡¥ø‡¥ï‡µç‡¥ï‡¥Ø‡¥ø‡¥≤‡µÜ ‡¥™‡µÜ‡µ∫‡¥ï‡µÅ‡¥ü‡µç‡¥ü‡¥ø‡¥ï‡µç‡¥ï‡µç ‡¥µ‡µÄ‡¥ü‡µç ‡¥µ‡µÜ‡¥ï‡µç‡¥ï‡¥æ‡µª ‡¥Æ‡¥≤‡¥Ø‡¥æ‡¥≥‡¥ø‡¥ï‡µæ ‡¥Ö‡¥Ø‡¥ö‡µç‡¥ö‡µÅ‡¥ï‡µä‡¥ü‡µÅ‡¥§‡µç‡¥§‡¥§‡µç,2023-01-01T13:30:09Z,UCD1qhnwbkg9bf5TOx3IM4mQ,yaseen vlogs,2023-01-04T00:00:00Z,221315,13658,0,1603,https://i.ytimg.com/vi/kBrE0eZUcW4/default.jpg
SIHX37Gq1FU,Indian Gamers Turned OFF their Brain in Minecraft Reaction üòÇ,2023-01-03T12:14:14Z,UCbxtF9IpNoYXcw0kz5Qhnhw,Khatarnak Ishan,2023-01-04T00:00:00Z,168841,21971,0,346,https://i.ytimg.com/vi/SIHX37Gq1FU/default.jpg
04dtD3KQG4Y,Mujhe Pyaar Hua Tha Episode 5 | Teaser | Presented by Surf Excel | ARY Digital,2023-01-02T16:47:16Z,UC4JCksJF76g_MdzPVBJoC3Q,ARY Digital HD,2023-01-04T00:00:00Z,1860285,44132,0,428,https://i.ytimg.com/vi/04dtD3KQG4Y/default.jpg
aRcqwBTKCBA,GTA 5 : Franklin Stealing Ironman Suit To Attack Lava Monster In Los Santos In GTA 5 ! (GTA 5 Mods),2023-01-01T05:38:55Z,UCt3mMVAyGhwQb_ZBGp_p85g,Flight Gamer,2023-01-04T00:00:00Z,809744,38517,0,2045,https://i.ytimg.com/vi/aRcqwBTKCBA/default.jpg
DGERy23DKwM,"From Skratch Ep1: Re-Inventing the Wheel | Project K | Prabhas,Amitabh Bachchan,Deepika | Nag Ashwin",2022-12-31T05:29:08Z,UC70pKToywlxOGdgIvz8gYqA,Vyjayanthi Network,2023-01-04T00:00:00Z,842478,36415,0,814,https://i.ytimg.com/vi/DGERy23DKwM/default.jpg
Doe2kpELa-Q,Blushing Moment Of Khan Sir | The Kapil Sharma Show | Sat-Sun At 9:30 PM,2023-01-03T03:30:04Z,UCpEhnqL0y41EpW2TvWAHD7Q,SET India,2023-01-04T00:00:00Z,2297480,59717,0,2630,https://i.ytimg.com/vi/Doe2kpELa-Q/default.jpg
QAxB0j1ssYc,Thunivu Official Trailer | Ajith Kumar | H Vinoth | REACTION!!,2023-01-01T03:03:07Z,UCR4z8ccOWNoUThB4VAMNBTg,OUR STUPID REACTIONS,2023-01-04T00:00:00Z,150640,9131,0,560,https://i.ytimg.com/vi/QAxB0j1ssYc/default.jpg
7ZzxxVDwMRI,"Kumkum Bhagya | Ep - 2280 | Dec 30, 2022 | Best Scene 2 | Zee TV",2023-01-02T15:00:04Z,UCppHT7SZKKvar4Oc9J4oljQ,Zee TV,2023-01-04T00:00:00Z,942244,11650,0,45,https://i.ytimg.com/vi/7ZzxxVDwMRI/default.jpg
rhtkGGJiFk8,SSC GD 2022 | Maths ‡§ï‡•ç‡§∞‡•à‡§∂ ‡§ï‡•ã‡§∞‡•ç‡§∏ - #6 | Ratio & Proportion | Maths short tricks in hindi for ssc gd,2023-01-02T15:41:04Z,UC8XBsRz_R8CqweUyHxf6awg,SSC MAKER,2023-01-04T00:00:00Z,247903,6680,0,223,https://i.ytimg.com/vi/rhtkGGJiFk8/default.jpg
mtmc7L8It7E,Aaj Dates aur Dryfruits ke Ladoo banaye üòç| Kitchen almost done ü•∞| Happy new year everyone ü§ó,2023-01-03T14:09:29Z,UC2kBDwkqiy7zgH1-M4UtUXQ,Dipika Ki Duniya,2023-01-04T00:00:00Z,1548014,79126,0,3035,https://i.ytimg.com/vi/mtmc7L8It7E/default.jpg
bX9R2HYnDGI,"‡§≠‡§æ‡§ä ‡§ò‡•ã‡§ü‡§æ‡§≥‡•á ‡§ï‡§∞‡§£‡§æ‡§∞ ‡§¨‡§ï‡•Å‡§≥‡§æ‡§ö‡•ç‡§Ø‡§æ ‡§∏‡§Ç‡§∏‡§æ‡§∞‡§æ‡§ö‡•á ‡§µ‡§æ‡§ü‡•ã‡§≥‡•á  - ‡§ö‡§≤‡§æ ‡§π‡§µ‡§æ ‡§Ø‡•á‡§ä ‡§¶‡•ç‡§Ø‡§æ - ‡§≠‡§æ‡§ä ‡§ï‡§¶‡§Æ, ‡§∂‡•ç‡§∞‡•á‡§Ø‡§æ ‡§¨‡•Å‡§ó‡§°‡•á, ‡§ï‡•Å‡§∂‡§≤ ‡§¨‡§¶‡•ç‡§∞‡§ø‡§ï‡•á",2022-12-30T09:41:31Z,UC82o9tQyo_cJhtyoFi-ROEw,Zee Marathi,2023-01-04T00:00:00Z,608090,6962,0,64,https://i.ytimg.com/vi/bX9R2HYnDGI/default.jpg
XVJzduRrOic,"Oldest recipes for new year, new generation || Grandma‚Äôs recipes of Muddhapappu Pachipulusu",2023-01-01T06:16:30Z,UCsFH3CiwfzeqkuAiWYlnBKQ,SivaMadhu,2023-01-04T00:00:00Z,451030,4657,0,368,https://i.ytimg.com/vi/XVJzduRrOic/default.jpg
Qz0F-ZOIfJo,NEW YEAR SPECIAL SONG | Asichire Nua Barasa | Namita Agrawal | Masti Album Song | Sidharth Music,2022-12-31T12:06:25Z,UCl14vsKo26SS8OcHedmmaPw,Sidharth Music,2023-01-04T00:00:00Z,181053,2894,0,60,https://i.ytimg.com/vi/Qz0F-ZOIfJo/default.jpg
jBPeMJdCujI,"Udaariyaan New Year Special EP: Harlen Ne Kholi Advait Ki Pol, Nehmat Ko Bataya Advait Hai Uska Pati",2022-12-31T13:56:07Z,UC6i3I4xGqEad1qRSOvVlncA,Telly Tashan,2023-01-04T00:00:00Z,1179349,13232,0,184,https://i.ytimg.com/vi/jBPeMJdCujI/default.jpg
5Sx9NSDuo4I,Sunny‚Äôs birthday vlog üéâ | pt 1 | saba khalid,2023-01-02T18:33:49Z,UCZy6DH9FkMmXwqxrWj8cJWg,Saba Ibrahim,2023-01-04T00:00:00Z,2098159,103845,0,6442,https://i.ytimg.com/vi/5Sx9NSDuo4I/default.jpg
eHBhHN0SBB8,‡∞ó‡∞Ç‡∞ó‡∞µ‡±ç‡∞µ 31st ‡∞¶‡∞æ‡∞µ‡∞§‡±ç | Currry Confusion | Gangavva 31st Daawath | My Village Show Comedy,2022-12-30T09:47:44Z,UCi7lxgkjW0ilcJDl5XGHr3Q,My Village Show Gangavva,2023-01-04T00:00:00Z,813980,18862,0,401,https://i.ytimg.com/vi/eHBhHN0SBB8/default.jpg
NfmVjHg2FEg,Center of The Universe in Telugu | Where Is The Center of The Universe in Telugu Badi,2023-01-01T03:39:31Z,UCE750MuIvjaYeD5aGUjJcCQ,Telugu badi (‡∞§‡±Ü‡∞≤‡±Å‡∞ó‡±Å‡∞¨‡∞°‡∞ø),2023-01-04T00:00:00Z,159963,9420,0,666,https://i.ytimg.com/vi/NfmVjHg2FEg/default.jpg
F0SA7ekQcUM,"AAJTAK SHOW: ‡§ï‡•à‡§∏‡•á ‡§π‡•Å‡§Ü RISHABH PANT ‡§ï‡§æ CAR ACCIDENT, ‡§ú‡§æ‡§®‡§ø‡§è ‡§π‡§æ‡§¶‡§∏‡•á ‡§ï‡•Ä ‡§™‡•Ç‡§∞‡•Ä DETAILS",2022-12-30T05:00:39Z,UCVXCo0W9pk2dDkEBNLhTt7A,Sports Tak,2023-01-04T00:00:00Z,1280556,34624,0,2530,https://i.ytimg.com/vi/F0SA7ekQcUM/default.jpg
7ZFsxiCkcy4,New year 2023 easy  peocock rangoli| 5*3 dhanurmasam muggulu|puthandu kolam|margazhi Super rangoli,2022-12-31T08:30:10Z,UC0G0sr7BvIX4mf0ZPGLfQQg,Super rangoli,2023-01-04T00:00:00Z,586047,3287,0,37,https://i.ytimg.com/vi/7ZFsxiCkcy4/default.jpg
k6v-BJVohMY,Sankar ‡§®‡•á ‡§ö‡•Å‡§∞‡§æ‡§Ø‡§æ Thapki ‡§ï‡§æ ‡§¨‡§ö‡•ç‡§ö‡§æ? | Thapki Pyar Ki | ‡§•‡§™‡§ï‡•Ä ‡§™‡•ç‡§Ø‡§æ‡§∞ ‡§ï‡•Ä | Full Episode | Ep. 581,2023-01-03T06:45:00Z,UCyfkoMQeJOoEt3ZhY3PI6Uw,Colors Rishtey,2023-01-04T00:00:00Z,869857,8381,0,126,https://i.ytimg.com/vi/k6v-BJVohMY/default.jpg
qTQeb4cS3fk,I Proposed Triggered Insaan üòç Subscribers Gave Me *Extreme* Dare ü•∫,2022-12-31T08:40:00Z,UCoS4iknAwZoOXylPJfoVo8Q,Nilanjana Dhar,2023-01-04T00:00:00Z,720379,42786,0,1752,https://i.ytimg.com/vi/qTQeb4cS3fk/default.jpg
OQ1CkwbUROQ,How I DOUBLED my INCOME in 2022 - EXPLAINED! | Ankur Warikoo Hindi,2023-01-03T14:30:06Z,UCRzYN32xtBf3Yxsx5BvJWJw,warikoo,2023-01-04T00:00:00Z,196794,14062,0,2334,https://i.ytimg.com/vi/OQ1CkwbUROQ/default.jpg
PTbjgubYYNk,New Year Chukkala Muggulu 2023 | Kolam Designs Easy and Simple with dots | January 1st Rangoli,2022-12-31T06:00:09Z,UCfKjPJljdOGXSM2o9xRKPkQ,Simple Rangoli Designs,2023-01-04T00:00:00Z,256380,1539,0,10,https://i.ytimg.com/vi/PTbjgubYYNk/default.jpg
oz5BvlgxJQ8,New Year - Rich vs Normal | Sanjhalika Vlog,2022-12-31T06:06:34Z,UCrWc5vUgSM4MvZWI3_2iQ8Q,Sanjhalika Vlog,2023-01-04T00:00:00Z,270272,3108,0,139,https://i.ytimg.com/vi/oz5BvlgxJQ8/default.jpg
KGvMQU5yHXM,31 Dec 2022 +1 & 2 Jan 2023 | Current Affairs(1047)| Imp. Questions|Gaurav Series |Kumar Gaurav Sir,2023-01-03T02:52:14Z,UCLuBF4Xr1-BIpcpFFm7zp7w,Utkarsh Classes Jodhpur,2023-01-04T00:00:00Z,1119237,67071,0,1240,https://i.ytimg.com/vi/KGvMQU5yHXM/default.jpg
Twit5c9y3X0,Thunivu Trailer Troll | Thunivu Trailer Reaction Troll | Madras Prank,2022-12-31T13:56:00Z,UCdE8qg2qrgXSmqp7YqnrkTQ,Madras Prank,2023-01-04T00:00:00Z,153395,4699,0,560,https://i.ytimg.com/vi/Twit5c9y3X0/default.jpg
n_DtpY9wbGg,Dude Perfect vs. Luka Doncic (1-on-1),2022-12-31T14:59:56Z,UCRijo3ddMTht_IHyNSNXpNQ,Dude Perfect,2023-01-04T00:00:00Z,7819460,309512,0,7249,https://i.ytimg.com/vi/n_DtpY9wbGg/default.jpg
GQepKAWhuDE,Thunivu Official Trailer | Breakdown | Arunodhayan,2022-12-31T17:54:46Z,UCm0OhJoAqrRJ4rd0qmKO2Ug,SIMPLE DHAA,2023-01-04T00:00:00Z,147407,15460,0,730,https://i.ytimg.com/vi/GQepKAWhuDE/default.jpg
HQpAbI8jEXk,Muqaddar Ka Sitara Episode 15 | 2nd January 2023 (Subtitles English) | ARY Digital,2023-01-02T15:02:34Z,UC4JCksJF76g_MdzPVBJoC3Q,ARY Digital HD,2023-01-04T00:00:00Z,1837112,27419,0,422,https://i.ytimg.com/vi/HQpAbI8jEXk/default.jpg
LwNJRvY3q1Q,Roar of Veera Simha Reddy - The Making Video | Nandamuri Balakrishna | Gopichand Malineni | Thaman S,2022-12-31T07:28:16Z,UCKZSn5C-RzrLjuWJF8wWiDw,Mythri Movie Makers,2023-01-04T00:00:00Z,1235086,47450,0,1206,https://i.ytimg.com/vi/LwNJRvY3q1Q/default.jpg
dIOopfGYtv0,The Kapil Sharma Show Season 2 | Ep 291 & 292 | RECAP | ‡§¶ ‡§ï‡§™‡§ø‡§≤ ‡§∂‡§∞‡•ç‡§Æ‡§æ ‡§∂‡•ã - ‡§∏‡•Ä‡§ú‡§® 2,2023-01-02T10:30:07Z,UCpEhnqL0y41EpW2TvWAHD7Q,SET India,2023-01-04T00:00:00Z,1061418,16281,0,221,https://i.ytimg.com/vi/dIOopfGYtv0/default.jpg
HRMkBANeXkY,Amma Anand Avakai || Episode - 4 || Soniya Singh || Pavan Sidhu || Infinitum Media,2022-12-30T12:30:06Z,UCruMs8kL2fHjxNIymX53VSw,Vayyari Bhama,2023-01-04T00:00:00Z,600120,21143,0,768,https://i.ytimg.com/vi/HRMkBANeXkY/default.jpg
rt7Gim2hpxk,Full Video || ‡§∞‡§æ‡§ß‡§æ‡§ï‡•É‡§∑‡•ç‡§£ || Rukmini ke Saath Hain Krishn ||  RadhaKrishn Raasleela Part -234,2023-01-02T08:06:25Z,UCCy2rLnGdwoJcSAtixNdsPQ,STAR ‡§≠‡§æ‡§∞‡§§,2023-01-04T00:00:00Z,640981,15646,0,436,https://i.ytimg.com/vi/rt7Gim2hpxk/default.jpg
0oIWBkxVqlI,Pihu Dadu ko Jaane Nahi de Rahi,2023-01-02T15:58:48Z,UCNSdjX4ry9fICqeObdZPAZQ,Flying Beast,2023-01-04T00:00:00Z,1080659,71384,0,1396,https://i.ytimg.com/vi/0oIWBkxVqlI/default.jpg
zHoIIdBvuuo,Thailand Sea Life Aquarium Thailand | ‡¥ï‡¥ü‡µΩ ‡¥ï‡¥æ‡¥¥‡µç‡¥ö‡¥ï‡µæ ‡¥ï‡¥æ‡¥£‡¥æ‡µª ‡¥™‡µã‡¥∞‡µÅ‡¥®‡µç‡¥®‡µã | M4 Tech |,2022-12-30T07:28:42Z,UC4rKvhYJIN-2Pe6zGtxtIqw,M4 TECH VLOG,2023-01-04T00:00:00Z,574725,23668,0,319,https://i.ytimg.com/vi/zHoIIdBvuuo/default.jpg
iDA4MYmIAsA,Finally Iqra Ke Sath Dubai Mai New Ghar Lehi Liya üòç Good News,2023-01-02T10:24:00Z,UC4GSblxbWPSa1uk5SG3MYIw,The UK07 Rider,2023-01-04T00:00:00Z,1368070,151460,0,5182,https://i.ytimg.com/vi/iDA4MYmIAsA/default.jpg
kCAR-fHAvWU,Radhakrishn Raasleela- part 238 | Kutila ko Gyaat hua Rukmini ka Satya || Radhakrishn | ‡§∞‡§æ‡§ß‡§æ‡§ï‡•É‡§∑‡•ç‡§£,2023-01-04T04:03:08Z,UCCy2rLnGdwoJcSAtixNdsPQ,STAR ‡§≠‡§æ‡§∞‡§§,2023-01-04T00:00:00Z,373057,12406,0,641,https://i.ytimg.com/vi/kCAR-fHAvWU/default.jpg
Qh6-yqP06M0,"EP 1246: ‡§ï‡§∞‡§ø‡§∂‡•ç‡§Æ‡§æ ‡§®‡•á ‡§¨‡§ö‡§æ‡§Ø‡§æ ‡§™‡§Ç‡§§ ‡§ï‡•ã, ‡§¶‡§ø‡§≤‡•ç‡§≤‡•Ä ‡§ü‡•Ç ‡§∞‡•Å‡§°‡§º‡§ï‡•Ä ‡§ï‡•Ä ‡§™‡•Ç‡§∞‡•Ä ‡§ï‡§π‡§æ‡§®‡•Ä ‡§∏‡•Å‡§®‡•á‡§Ç ‡§∂‡§Æ‡•ç‡§∏ ‡§ï‡•Ä ‡§ú‡§º‡•Å‡§¨‡§æ‡§®‡•Ä| CRIME TAK",2022-12-30T15:27:29Z,UCpDxPj3sm40ISX5hn-TlYcw,Crime Tak,2023-01-04T00:00:00Z,1024302,23686,0,1390,https://i.ytimg.com/vi/Qh6-yqP06M0/default.jpg
Jpw0dtxagNE,Doodhiya | the mridul | Pragati | Nitin,2022-12-27T12:30:07Z,UC0zXnLIFedO97pFsyMxZcFg,The MriDul,2023-01-04T00:00:00Z,5367497,199034,0,6648,https://i.ytimg.com/vi/Jpw0dtxagNE/default.jpg
5ph3ja9m--o,FLASH | ROAST E35 | MOHANLAL | PARVATHY | INDRAJITH | Malayalam Movie Funny Review | OUTSPOKEN,2023-01-01T12:30:10Z,UCkLXdmIsS_KAkt-p3523o5Q,OUTSPOKEN,2023-01-04T00:00:00Z,96973,5631,0,861,https://i.ytimg.com/vi/5ph3ja9m--o/default.jpg
qji7yVmBCwk,New Year Design | Pedda Muggulu Designs | 14 to 2 dots Rangoli,2022-12-31T14:00:32Z,UCfKjPJljdOGXSM2o9xRKPkQ,Simple Rangoli Designs,2023-01-04T00:00:00Z,220901,1330,0,19,https://i.ytimg.com/vi/qji7yVmBCwk/default.jpg
gIOQOyCOFt0,Thunivu Trailer Reaction & Review üí• - Ajith Kumar | H. Vinoth | Enowaytion Plus,2022-12-31T14:20:39Z,UC_rD0WTWsygn28me13EqbkA,Enowaytion Plus,2023-01-04T00:00:00Z,206799,12340,0,963,https://i.ytimg.com/vi/gIOQOyCOFt0/default.jpg
Lo4Lj6C6oZ0,Thapki ‡§π‡•à Hospital ‡§Æ‡•á‡§Ç ‡§≠‡§∞‡•ç‡§§‡•Ä | Thapki Pyar Ki | ‡§•‡§™‡§ï‡•Ä ‡§™‡•ç‡§Ø‡§æ‡§∞ ‡§ï‡•Ä | Full Episode | Ep. 580,2023-01-02T03:45:00Z,UCyfkoMQeJOoEt3ZhY3PI6Uw,Colors Rishtey,2023-01-04T00:00:00Z,1000667,9022,0,218,https://i.ytimg.com/vi/Lo4Lj6C6oZ0/default.jpg
jOe1O4uK14w,Inside World's Fastest Rollercoaster! (240 kmph!),2023-01-02T16:00:51Z,UCjNgqJ_FMLntYVzq7daw1TQ,Dhruv Rathee Vlogs,2023-01-04T00:00:00Z,342577,16565,0,604,https://i.ytimg.com/vi/jOe1O4uK14w/default.jpg
