HbTON0nb4DU,24,angry|masterji|teacher|parent|meeting|movies|bollywood|humour|comedy|funny|bb ki vines latest|bb ki vines new video|bhuvan bam latest|bb ki vines comedy|angry masterji new|angry masterji funny video|bhuvan bam angry masterji|bb ki vines angry masterji|angry masterji 15|angry masterji 10|bb ki vines new release|bb ki vines comeback|bhuvan bam comeback,False,False
jnBZboK17_A,1,Thunivu Official Trailer|Ajith Kumar|H Vinoth|Zee Studios|Boney Kapoor|Ghibran|2023 movie Trailer|Ajith Kumar latest movie|H Vinoth Upcoming latest movie|2023 Zee Studios new movie|Boney Kapoor movie|Latest new Ghibran movie|latest 2023 movie Trailer|Entertainment|world Premier trailer|new move trailer|Zee Studios South|Latest South indian Movie 2023 Trailer,False,False
E-k2bedh5Io,1,Bhai|Bhai full movie|Bhai full hindi movie|Bhai movie 1997|Bhai Suniel Shetty|Bhai Suniel Shetty movie|Suniel Shetty|Sonali Bendre|Pooja Batra|Kunal Khemu|Suniel Shetty movies|Suniel Shetty action movies|Suniel Shetty full hindi movies|Suniel Shetty comedy|old movies|old bollywood movies|hindi action movies|pen movies|bhai movie songs|bhai movie action scenes,False,False
-JkWALLHYNI,20,slayypop|slayy point|abhyudaya|gautami|gaming|hindi gaming|funny games,False,False
qtbMZTzmwQE,24,amit bhadana|amit bhadana videos|amit bhadana vines|amit bhadana dub|amit bhadana desi videos|amit bhadana new video|amit bhadana film|bakra nahi majnu halaal|ek se bhali do|amit bhadana song|comedy video|funny video|relationship|girlfriend|boyfriend|mustaq khan|amit bhadana dailogue|amit bhadana new|amit bhadana 2023|amit bhadana comedy|love life|dating|double date|upsc|student|berojgaar|unemployement|bad luck|comedy|friends|pyaar mohabbat|affair|badana,False,False
xDjmi9dc7PU,27,utkarsh classes jodhpur|utkarsh classes|utkarsh latest announcement|utkarsh latest news|dr. nirmal gehlot|utkarsh live|utkarsh|digital education|kumar gaurav sir|daily current affairs|utkarsh app|utkarsh courses|utkarsh livefrom classroom|utkarsh news|utkarsh update|nirmal sir live|utkarsh classes channel|live today|utkarsh classes in hindi|akshay sir|kumar sir live|news today|latest news|gk|current affairs|general awareness|general knowledge,False,False
RcuGU-I6SoA,24,Pulsar Bike Song Teaser|Dhamaka|Ravi Teja|Sreeleela|Trinadha Rao Nakkina|Bheems Ceciroleo|Dhamaka Telugu Movie|Dhamaka Songs|Dhamaka Movie Songs|Dhamaka Telugu Movie Songs|People Media Factory|TG Vishwa Prasad|Vivek Kuchibhotla|Mangli|Abhishek Agarwal Arts|Ravi Teja Dhamaka|Ravi Teja Dhamaka Trailer|Mangli Songs|Latest Telugu Movies|Telugu Movie Trailers|Jinthaak Song|Dhamaka Glimpse|Dhamaka Movie|Dhamaka Movie Teaser,False,False
heFJSbwMgOU,20,NY Gamer|ny gamer|Ny GAmer|mob battle in Minecraft|i cheat in Mob battle|minecraft mob battle|minecraft prank on friend|i troll my friend in Minecraft|cheat with one way glass|cheat with one way glass mod|mob battle|i cheated in Mob battle with one way glass mod,False,False
qkuk2dGvIXQ,24,Badge99 face reveal|face reveal badge99|badge99|face reveal of badge99|face of badge99|happy new year|face reveal video,False,False
_Q-WrXKzIM8,24,varisu|varisu audio launch|varisu audio launch full video|varisu audio launch vijay speech full|varisu audio launch entry|varisu audio launch vijay speech|vijay|thalapathy vijay|rashika|rashmika|rashmika mandanna|rashmika varisu audio launch speech|rashmika varisu speech|rashmika varisu audio launch|sun tv|varisu movie audio launch|sarathkumar|thaman|ranjithame|thee thalapathy|thaman s|varisu songs|varisu movie songs|Thalapathy Vijay Speech,False,False
GUBB36fvhOo,24,flowers tv|flower tv comedy|flower tv malayalam|malayalam comedy|malayalam comedy movies|Comedy Utsavam|mimicry|comedy|mimic|stage|kerala|talent|malayalam|entertainment|malayalam cinema|UppumMulakum2|Chakkappazham2,False,False
ccSOo5TOlvE,10,honey singh|yo yo honey singh|alfaaz|mafia mundeer records|punjabi|bollywood|rap|punjabi rap. hindi rap|most watched artist|latest songs|latest bollywood songs|latest punjabi songs|latest hindi songs|2013|dope shope|angrezi beat|brown rang|satan|bring me back|bebo,False,False
A7iyBh303ZI,22,[None],False,False
zmOpWEedTHk,10,u i kannada movie|ui upendra|ui kannada movie|upendra new movie|upendra|real star upendra|kabza kannada movie teaser|kabza kannada movie|kabza kannada movie heroine|kabza kannada movie motion poster|kabza kannada movie songs|kabza kannada movie first look|kabza kannada movie updates|kabza kannada movie trailer|kabza kannada movie sudeep|kabzaa kannada movie all song|kabza kannada movie bgm|kabza upendra teaser|ravi basrur musical hits|ravi basrur music bgm,False,False
iF2x1IPLDHI,23,the paayal jain new video|the payal jain new video|tena jaiin|paayal|every|indian|funny indian wedding|funny wedding|funny videos|indian wedding|funny wedding video|indian shadi|wedding funny|indian marriage|wedding videos|types of indian wedding|every indian wedding ever|indian weddings|desi wedding|funny vines videos|wedding in india|types of people in wedding|indians and wedding|wedding|types of people in indian wedding|every indian wedding|shaadi,False,False
2Ny5GR9djKM,26,mutton keema balls|mutton kola urundai|mutton keema recipe|meatball recipe|mutton keema balls recipe,False,False
IYoJIZxczQ8,20,GTA|GTA 5|GTA ONLINE|PC|gta 5 gameplay|gta v hindi gameplay|gta 5 funny moments|gta 5 wins|gta 5 lamborghini|gta 5 stealing supercar|gta 5 stunts|gta 5 thug life|grand theft auto v|gta v online|gta 5|gta 5 epic moments|gta v funny moments|awesome gta 5 stunts|best moments|aj gaming|arish khan|hindustan gamer|chapati hindustani gamer|techno gamerz,False,False
zTRkmQJuIYk,22,gangavva|gangavva comedy|telugu vlogs|gangavva jokes|gangavva vlogs|my village show|my village show comedy|jokes|village show comedy|village show vlogs|village vlogs|telangana lady|old women,False,False
9kI7J9806No,24,the viral fever|tvf|humour|tvf sixer|sixer|tvf web series|tvf new series|tvf shivankit parihar|shivankit parihar|shivankit singh parihar|shivankit parihar comedy|tvf badri chavan|badri chavan comedy|shivankit parihar new video|badri chavan new video|sixer web series|tvf new video|shivankit parihar sixer|badri chavan sixer|tvf cricket|tvf cricket dressing room|tennis ball cricket|sixer new episode|Sixer Episode 5,False,False
cDycS7jnZQY,22,sourav joshi|sourav joshi vlogs|piyush joshi vlogs|piyush joshi gaming|family videos|family vlogs|daily vlogger|daily vlogging|daily vlogs|travel vlogs|playing with family|family vlog|19 million surprise|19 million celebration with family,False,False
BC83fFeN32c,22,[None],False,False
ERRpiLfGdJc,24,a date with boss|date with boss part 2|ravi siva teja viraajitha|ravi siva teja short films|viraajitha|virajitha sharma short film|ravi siva teja|virajitha ravi siva teja short film|latest telugu short films 2022|telugu short films|telugu short films 2022 latest|short films telugu 2022|telugu love short films|date with boss part 1|telugu love short films 2022|ravi siva teja latest|telugu short film 2022 latest love story|infinitum theatre|infinitum media,False,False
DyASOJxwdCQ,23,my village show|village|village life|village show comedy|gangavva|raju|gangavva comedy|gangavva jokes|anil geela|sarpanch|anji mama|daawath|village comedy|telugu short film|telangana comedy|telangana short films|mvs|mvs comedy|village love webseries|village love story|telangana village love story,False,False
V3OS-t-5hYQ,22,madam anthe|madam anthe channel|actress sreevani|madam anthe youtube channel|Sreevani|Sreevani Vlogs|madam anthe vlogs|madam anthe home tour|madam anthe sreevani|madam anthe actress sreevani|actress sreevani latest videos|madam anthe latest videos|sreevani home tour|sreevani Latest videos|Sreevani latest Vlogs,False,False
c79sB3-kY9k,22,Gamerfleet|Vlogs|Daily vlogging|Sourav joshi vlog|Piyush joshi|Anshu bisht|NOtGamerFleet|Delhi vlog|Mumbai vlog|Travel|Car vlog|Tata harrier|Moto vlog|New video|Herobrine smp|Daily Vlog|Travelling Vlog|New car|New house|mumbai shoot|essex delhi|24 hrs challenge|rakshabandhan vlog|gamerfleet sister|anshubisht fleet smp|fleet smp new|gamerfleet vlog|anshu bisht vlog|saying yes 24 hrs challenge,False,False
mRhbyKPAJs4,24,saregama tvshows tamil|saregama tamil tvshows|#saregamatamiltvshows|saregamatvshows|ilakkiya new serial|hima bindu ilakkiya|ilakkiya serial promo|hima bindu new serial|Latest serial|sun tv serial|roja|sun tv new serial|ilakkiya|ilakkiya serial|Hima Bindhu|Nandhan|Sushma|Roopa Sri|Rani|Sathish|hima bindu official|saregama tv shows tamil ilakkiya|latest serial ilakkiya|ilakkiya 2nd jan|ilakkiya episode 72,False,False
cjINGeO9kT8,24,Alone|alone movie|alone movie malayalam|alone movie mohanlal|alone teaser|alone teaser mohanlal|alone movie teaser|mohanlal|shaji kailas|aashirvad cinemas|alone mohanlal|mohanlal alone movie|alone movie trailer|alone malayalam movie trailer|alone trailer|alone mohanlal trailer|alone movie mohanlal trailer|shaji kailas alone|alone malayalam latest|movie trailer malayalam|mohanlal trailer|mohanlal movie trailer alone.,False,False
Oz2IjnfizyQ,24,nani|trending|naniteaser|megastar|varisu|vijay|thalapathy|tamil|telugu|songs|deepthisunaina|shannu|vinayshanmukh|trend|indipendentsongs|trailers|teasers,False,False
UjOJ20oXv6Q,10,Mangli|Mangli Songs|Telugu Songs|Telugu song|Mangli Latest Songs|telangana folk songs|Telangana songs|Telugu songs|mangli songs telugu|mangli songs new|Madeen Sk|Rani Song|Mangli rani Song|Mangli rani song Promo|Rani Song Promo|Mangli new song Promo|janulyri|Kamal Eslavath,False,False
dmUQMrCz850,22,triggered insaan|live insaan|funny|cirkus|movie|review|roast|hindi movies|bollywood,False,False
CPh1yRASMZg,27,Pakistan|Pakistan Taliban|Crisi in Pakistan|Attacks in Western Pakistan|Baloch militias|pakistani reaction on india|pakistani reaction|pak media on india latest|pakistani public reaction|pakistan reactions on india|pakistani reaction on indian|pakistani reaction on india china fight|The Pakistan Crisis|Baloch Militias are about to Break Pakistan|UPSC Current Affairs|UPSC Current Affairs Daily|IAS Current Affairs|current affairs for UPSC|study iq|studyiq,False,False
x7aZSR8JgSs,24,Ethirneechal serial|Ethirneechal serial today|sun tv serial|sun tv tamil serial|tamil serial episodes|suntv serial today|sun tv serial today|Ethirneechal|tamil serials|Ethirneechal today|tamil serials sun tv|sun tv serials|Ethirneechal todays episode|Ethirneechal sun tv serial|Ethirneechal promo|Ethirneechal best scene|new serial Ethirneechal|Ethirneechal serial ambika|Ethirneechal new serial promo,False,False
hep-UIKFg_Y,24,Lakadbaggha Trailer|Lakadbaggha Movie Trailer|Lakadbaggha Hindi Movie|Lakadbaggha Official Trailer|Lakadbaggha Anshuman Jha|Lakadbaggha Songs|Lakadbaggha Movie Songs|Lakadbaggha Hindi Song|Anshuman Jha Movies|Milind Soman Movies|Milind Soman Latest Movie|Milind Soman New Movie|Anshuman Jha|Ridhi Dogra|Milind Soman|Latest Hindi Movie|Hindi Movie Trailer|Bollywood Movies|New Bollywood Movie|Hindi Songs|Bollywood Songs|Movies 2023,False,False
R3OaoTtE9q8,22,hungrybirds|hungrybirdsnewvideo|hungrybirdsboysvsgirls|newhouse|pritinewhouse|sanketnewhouse|boysvsgirls|hungrybirds2022|hungrybirdshouse|hungrybirdslifestyle|house tour|interior design|hungry birds chirtmas vlog|hungry birds chirstmas vlog|sanket birthday vlog|sanket birthday,False,False
aXRchlAv51M,27,Tanmay Bhat|Tanmay|Bhat|AIB|All India Bakchod|Podcast|Finance|Clueless|Streams|Live Streams|Streamer|Live|Live Streamer|Tanmay Bhat Live|Comedy|Jokes|Funny|Funny Video|Youtuber|Indian Youtuber|Vlogs|Vlogger|Indian Vlogger|Indian Podcast|Indian Podcaster|Finance Show|Finance Series|Podcaster|Interviews|Celebrity|Live Shows|Chat Show|Conversations|Education|Educational|Learning|Science|Arts,False,False
EktYm2_L3BM,22,Periods|E3 studios|Tamada Media|Sushma gopal|stayfree|stayfree pads|safety pad|praja writings|Praja team|safety pads|pads|safety pad for girl|sanitary pads,False,False
uzr0vG20Si0,22,[None],False,False
DjgBAwmKhCM,24,khan sir in kapil sharma show|kapil sharma show|vivek bindra in kapil sharma show|khan sir viral video in kapil sharma show|khan sir motivational line in kapil sharma show|guru gopal das in kapil sharma show|khan sir viral video|kapil sharma|vivek bindra viral video|gopal das new viral video|khan sir new video|khan sir new update|khan sir|dr vivek bindra,False,False
HnnNDuKDqhM,27,chandra institute allahabad|uttar pradesh bharti|uttar pradesh bharti 2022|uttar pradesh bharti 2023|uttar pradesh lok seva aayog bharti|up teacher vacancy 2023|up teacher vacancy 2023 latest news|up primary teacher vacancy 2023|उत्तर प्रदेश शिक्षक भर्ती मे हुआ अति महत्वपुर्ण बदलाव.. सम्पूर्ण जानकारी by Vagesh sir,False,False
bTH3N3UjG-g,24,Romantic|Comedy|Magic|Dance|Emotional|Drama|Song|Dialogue|Dhara|Nazar|episode|highlights|full episodes|special|funny|Star Plus|Plus|Rishta Wahi Baat Nayi|hotstar|shorts|family|family comedy|comedy drama|best drama|best comedy|best emotional|horror|horror show|इस|प्यार|को|क्या|नाम|दूँ?|Best Funny Scenes of Khushi|romance|khushi|arnav|isspyarkokyanaamdoon|ki|seva,False,False
bRsCS54Dn2M,24,allu loves priya prank|allu priya|allu priya video|Baby head tonsure|ear piercing baby|allu priya love story|allu loves priya lucky baby photoshoot|ear piercing|funny video|fun|Huge birthdays surprise for priya|Allu loves Priya|Mylo became happy with….|Mylo cloth diapers|cloth diaper|cloth diaper review|how to use mylo cloth diapers|cloth diapers in kannada|baby cloth diapers|the best cloth diapers|cloth diaper hacks|how to use cloth diaper|mylo,False,False
v5mhFfgEYig,22,wanderers hub|challenges|food challenge|japan|indian food challenge|weird restaurants in japan|japan themed restaurants|weird things that only exist in japan|things that only exist in japan|weird cafes in the world|themed cafes in japan|food challenge india|laughing out loud|hindi challenges|japan cafes|japan restaurants|trying eating at weird restaurants in japan|indian in japan,False,False
KcZYWmt4I2I,17,wwe|wwe on fox|the usos|the bloodline|minday night raw|wrestling|smackdown|smackdown highlights|friday night smackdown|wwe backstage|monday night raw|monday night raw highlights|fox sports|fox|fs1|fox sports 1|sports news|sports fox|fox sports highlights|highlights|Roman Reigns|Sami Zayn|The Bloodline|wwe raw highlights|jey uso|jimmy uso|bloodline|kevin owens|sami zayn kevin owens|brawl,False,False
bf5VMqJnXLM,20,minecraft|darkheroes minecraft|darkheroes series|minecraft hindi|minecraft semuel|semuel|oculus|darkheroes episode 6|season 2 episode 6|proboiz|proboiz 95,False,False
owdqJWQrDss,24,the kapil sharma show|tkss set india|set hindi shows|set comedy tkss|kapil sharma comedy|kapil sharma serial set india|kiku sharda|kapil comedy tkss|best moments of kapil sharma|TKSS new season|Best Moments TKSS ep 292|the kapil sharma show season 2 ep 292|kapil comedy|kapil sharma show funny episode|TKSS best moments|sidharth sagar comedy|kapil sharma show|kapil sharma show best moments|comedy clips hindi|comedians in kapil sharma show full episode|comedy,False,False
3tApQl8ZTYU,17,Jey Uso|Jimmy Uso|John Cena|Kevin Owens|Paul Heyman|Roman Reigns|Sami Zayn|Solo Sikoa|superstars|world wrestling entertainment|wrestle|wrestler|wrestling|wwe|wwe 2021|مصارعه|कुश्ती|डब्लू डब्लू ई|पहलवान|मैच|व्यावसायिक कुश्ती|सुपरस्टार|Smackdown clips|smackdown highlights|smackdown winners|smackdown match card|smackdown tonight|friday night smackdown|wwe smackdown|smackdown 2022|smackdown fox|john cena|john cena returns 2022,False,False
R-bB0I8Ke_o,24,rvcj|rvcj media|when doctor & engineer are neighbours|doctor vs engineer|episode 3|abhishek kapoor|anushka kaushik|bhagyashree limaye|anushka kaushik new video|anushka kaushim series|abhishek kapoor and anushka kaushik|anushka and abhishek|love triangle|romantic|romantic scene|sisters|engineer|doctor|pyaar|relationship|crush|neighbours|romantic song|love story|anushka kaushik series|doctor and engineer love story|rvcj media web series|rvcj latest video,False,False
K_pLuxQF15U,25,pm modi mother death|pm modi mother death news|u n mehta hospital ahmedabad|heeraben modi death|heeraben passed away|pm modi mother passed away|pm modi mother died|heeraben detah news|heeraben death today|heeraben died today|pm modi mother heeraben|heeraben latest news|pm modi mother age|heeraben death video|heeraben modi news|pm modi live|heeraben modi|pm modi|heeraben antim yatra|heeraben funeral|pm modi mother no more|r bharat|republic bharat,False,True
6M5snTl2leY,22,[None],False,False
5pFQz6xgQ-0,24,[None],False,False
cqeq4w-Rb5E,26,[None],False,False
htSV9vmggWA,24,Romantic|Comedy|Magic|Dance|Emotional|Drama|Song|Dialogue|Dhara|Nazar|episode|highlights|full episodes|special|funny|Star Plus|Plus|Rishta Wahi Baat Nayi|hotstar|shorts|family|family comedy|comedy drama|best drama|best comedy|best emotional|horror|horror show|इस|प्यार|को|क्या|नाम|दूँ?|Best Funny Scenes of Khushi|romance|khushi|arnav|isspyarkokyanaamdoon|ke|sasuraal|mai,False,False
4weFxATBEiY,1,Alyssa Sutherland|Bruce Campbell|Evil Dead|Evil Dead Rise|Evil Dead Series|Gabrielle Echols|Lee Cronin|Lily Sullivan|Morgan Davies|Nell Fisher|Rob Tapert|Sam Raimi,False,False
cj64fDSN9Ak,27,ssc gd reasoning class|ssc gd reasoning live class|ssc gd reasoning in hindi|ssc gd reasoning by ssc maker|ssc gd reasoning crash course|ssc gd reasoning basic class|ssc gd reasoning syllabus|ssc gd reasoning trick|ssc gd reasoning by ajay sir|ssc gd 2022 reasoning in hindi|ssc gd 2022 reasoning questions|ssc gd reasoning previous year paper|ssc gd reasoning coding decoding|ssc gd reasoning Venn Diagram|ssc maker reasoning|crash course #6,False,False
7xkmTGVoWbM,24,mridvavlogs|actor yuvakrishna|yuvakrishna mridula love|yuvakrishna|mentalist yuvakrishna|starmagic yuvakrishna|yuvakrishna mridula marriage|yuvakrishna mridula engagement|mridula vijay|actress mridula vijay|starmagic mridula|mridva latest video|mridula yuvakrishna latest video|Manjil virinja poov serial|sundari serial|wedding|gold|platinum|diamond,False,False
q0NeWJAqlPI,28,Redmi Note 12 Pro Plus 5G|Redmi Note 12 Pro+|Redmi note 12 pro|Unboxing|review|Test|Gaming Test|200MP Phone|Mobile|Phone|Best Phone|Best phone under 30000|Technology Gyan|#ManojSaru|India|Nepal|Pakistan|Redmi note 12 pro plus vs realme 10 pro plus|realme 10 pro,False,False
3yr7W6cNQ1k,22,sourav joshi|sourav joshi vlogs|piyush joshi vlogs|piyush joshi gaming|family videos|family vlogs|daily vlogger|daily vlogging|daily vlogs|travel vlogs|playing with family|family vlog|19 million surprise|19 million celebration with family,False,False
aLugem8RdbQ,24,mehaboob dil se|mehaboob dilse|mehaboob dil se vlogs|bb jodi latest|ashu natho bb jodi enduku cheyatledu|mehaboob dil se and ashu reddy|mehaboob dil se vlog|mehaboob dil se ashu reddy|ashu reddy|ashu reddy latest|ashu reddy latest dance performance|mehaboob videos|latest telugu vlogs|telugu vlogs 2022|telugu vlogs latest today|mehaboob dil se youtube channel|bb jodi performance|vlogs telugu|bb jodi|bb jodi vlogs|vlogs telugu latest|infinitum media,False,False
Her-XWTwITw,10,drill|emiway|emiway bantai|drill music|drill rap|bantai ki public|indian hip hop|ihh,False,False
PsUv2xdE5UI,24,Ethirneechal|Ethirneechal serial|Ethirneechal promo|Ethirneechal today|Ethirneechal serial today|Ethirneechal sun tv serial|Sun TV Serial|Sun TV Serials|sun tv tamil serial|SunTV Serial Today|sun tv serial today|Sun tv full episodes|Sun tv tamil full episodes|Sun tv tamil shows|sun tv shows|Tamil Serials|tamil serials sun tv|Tamil Serial episodes,False,False
QIb8RWKqzgs,20,Triggered Insaan|Live Insaan|funny|comedy|iq test|big brain|games|riddles,False,False
58UWcK-onm4,24,biggboss|tamil|vijay television|starvijay|Ulaganayagan|தமிழ்|விஜய் டிவி|தொலைக்காட்சி|Tamil TV|Tamil Shows|Redefining Entertainment|Star|Star Vijay TV|Vijay TV|hotstar|Kamal Haasan|Bigg Boss|Bigg Boss Tamil 6|பிக்பாஸ்|பிக்பாஸ் 6|Bigg Boss Season 6|Teaser,False,False
pT2DtWM4Oo8,24,jhili zee sarthak|jhili|jhili zee sarthak today episode|jili|gilli|gilli serial|jhilli|jhilli odia serial|sarthak tv|jili odia serial|jhili today episode full|odia serial gilli|ଝିଲ୍ଲୀ|Odia|oriya|video|free|Download|youtube|show|serial|entertainmentindian|daily|love|family|india|new|season|download|mobile|story|episode|latest|scene|full episode|best scene|webisode|precap|preview|promo|complete series|tv|popular shows|zee5|romance|drama,False,False
Ng577TwlOzw,24,saregama tvshows tamil|saregama tamil tvshows|#saregamatamiltvshows|saregamatvshows|ilakkiya new serial|hima bindu ilakkiya|ilakkiya serial promo|hima bindu new serial|Latest serial|sun tv serial|roja|sun tv new serial|ilakkiya|ilakkiya serial|Hima Bindhu|Nandhan|Sushma|Roopa Sri|Rani|Sathish|hima bindu official|saregama tv shows tamil ilakkiya|latest serial ilakkiya|ilakkiya 3rd jan|ilakkiya episode 73,False,False
nfrwylRRRzY,25,terrorist attack|terrorist attack in kashmir|rajouri terror attack|rajouri attack|terror attack|terror attack in rajouri|jammu kashmir terror attack|pakistani terror attack rajouri|jammu kashmir terrorist attack|jammu terror attack|j&k terror attack|jammu and kashmir terror attack|terror attack in jammu and kashmir|terror attack in jammu|terror attack in katra|jammu terrorist attack|terror attack in j&k's rajouri|terror attack on bus in katra,False,False
Q9O_ZlW2YmE,24,Custody Glimpse|Custody|naga chaitanya new movie|custody first look|NC22|Krithi Shetty|Krithi Shetty New Movie|Telugu Film|Latest Telugu Film|Custody Movie|Custody New Movie|Naga Chaitanya|Ilaiyaraaja|Yuvan Shankar Raja|Naga Chaitanya New Movie|Venkat Prabhu,False,False
nlUd9dVqre0,24,ary drama|pakistani drama|पाकिस्तानी सीरियल|पाकिस्तानी ड्रामा|mujhe pyar hua tha drama|Mujhe Pyaar Hua Tha Episode 4|pakistani drama Mujhe Pyaar Hua Tha|Mujhe Pyaar Hua Tha pakistani drama|ary digital drama Mujhey Pyar Hua Tha ep 4|Mujhe Pyaar Hua Tha episode 04 ary digital|Mujhe Pyaar Hua Tha|Hania Aamir|Wahaj Ali|Mujhe Pyaar Hua tha Drama|Pakistani Drama Mujhe Pyaar Hua tha|New Drama Mujhe Pyaar hua tha|mujhe pyar hua tha|hania drama,False,False
fHGtahrSh9g,22,cid new episode 2022|cid new|cid 2021|cid abhijeet|cid all episode|best of cid|sony tv cid|detective series|cid daya|CID latest episode|sony cid episode|cid full episode|best of CID|CID crime files|cid crime cases|best cid episodes online|सीआईडी|cid best cases|cid cases|CID mystery|cid night|CID|Women Task Force|CID Purvi|daya cid episode|women detective shows|officer shreya|officer purvi|cid women task force|cid women heroes|Purvi,False,False
9jnpatu6bDo,20,classifiedyt|bgmi|battlegrounds mobile India|battleground mobile India|bgmi unban news|bgmi 2.4 update|bgmi new update|bgmi unban|bgmi unban date|bgmi unban new update|bgmi unban kab hoga|bgmi unban in india|bgmi unban new news|bgmi unban date news|bgmi unban date in india|bgmi unban update|bgmi ban|bgmi unban date today|unban bgmi|bgmi update|bgmi unban date in india 2022|bgmi unban today news|bgmi unban latest news|bgmi ban in india,False,False
bhZDu_fxXMo,24,colors tv serials all|colors tv promo|colors tv new serial|voot|colors tv|कलर्स टीवी|colors hindi serials|hindi shows|daily soap|Drama|Pratha|Shesh Naagin|Rishabh|Shakti|Mehek|Seema|Farishta|Shesh Naag|Maha Sapera|Sardar|Reema|प्रथा|शेष नागिन|ऋषभ|शक्ति|मेहक|सीमा|उर्वशी|फरिश्ता|शेष नाग|महा सपेरा|सरदार|रीमा|नागिन|naagin 6|naagin 6 promo|naagin 6 full episodes|Tejasswi Prakash|Amrapali Gupta|Urvashi Dholakia|Sudha Chandran|नागिन 6|naagin 6 colors tv,False,False
gihVM-4z7VA,24,geo dramas|latest pakistani drama|top pakistani dramas|best pakistani dramas|drama 2023|pakistani drama|latest promo|har pal geo|pakistani dramas 2023|top trending|latest teaser|pakistani dramas|pakistani drama ost|ost drama 2023|Farq|Faysal Quraishi|Sehar Khan|Adeel Chaudhry|Mahmood Aslam|Saba Shah|Juvaria Abbasi|Sohail Sameer|Raeed Muhammad Alam|Farq Episode 21 Teaser|Farq Ost|Farq 21 Teaser|Episode 21 Teaser Farq|3rd January 2023,False,False
6WM2sMOVqBk,24,NEWMAPPILA SONG|NEWALBUM2021|SCHOOL LOVE SONG|NEW SCHOOL LOVE SONG|NEW LOVE SONG 2021|ROMATIC SONG|NEW TRENDING SONG|TRENDING SONG|SAJEER KOPPAM OFFICAL SONG|LOGIC MEDIA|sajeer koppam new album|aliziyan|haira album|azi mol|nizar shiriya|nizar shiriya album song|college days|azimol college days|album song|new album|arikil ivalarikil song|sajeer koppam|aabi saleem|munaz munnu|logic media|essar media|trending song|kasaragod nizar shiriya,False,False
dwduFHo7Kow,24,Mouna Raagam 2,False,False
X2D9abMz124,26,kolam|rangoli|rangoli designs|kolam designs|muggulu|muggulu designs|rangoli with dots|rangoli designs with dots|easy rangoli|easy rangoli designs|rangoli art|rangoli art designs|rangoli kolam|kolam rangoli|kolam with dots|kolam designs with dots|simple kolam|padi kolam|easy kolam|muggulu with dots|muggulu designs with dots|chukkala muggulu|melika muggulu|designs|designs with dots|latest rangoli|indian rangoli|new year rangoli designs 2023,False,False
sc_wf_oMwF0,24,Rahul Dey|RAhul Dey new video|boka chondro|unemployment|rahul dey comedy|rahul de|rahul dey vlog|bangla serial|politics|funny bangla serial|roast|the bong guy|bb ki vines|new comedy|job|goverment|mamata|modi|bangla funny video|viral video|trending|best bengali video|bangla shorts|comedy video|funny|Rahul dey boka chondro|boka chandra|bangla serial video|roast video,False,False
r_cGMt_LQNg,20,octodad|gameplay|octopus|man|game|funny|ujjwal|techno gamerz,False,False
YDZsqJ_7spM,22,[None],False,False
cjTKGXz5WAo,1,Tamil Cinema Review|Tamil Cinema Review prashanth|tamil cinema review latest|itisprashanth review|itisprashanth interview,False,False
7fdsWrK86CI,24,sidharth tv|sidharthtv|sidharth tv channel|sidharth odia tv channel|sidharthtv odia|sidharth odia video|siddharth tv|sidharth tv mega serial|sidharth tv reality show|mun bi namita agrawal hebi 2|rajo sundari|mangula kanya|sampurna laxmi|sidharrth tv|bhakti kantha|debadasi|manjula kanya full episode|aparajita full episode|mangula kanya full episode|raja sundari gala episode|raja sundari|padyantari|odishara nua swara senior|Aparajita Full EP- 280,False,False
OmDBZ5Smd1k,22,wedding cards|ali|actor ali|new shopping vlog|Zubeda Ali|ali wife zubeda|actor ali movies|zubeda ali home tour|Actor Ali home tour video|actor ali biography|comedy|home tour|celebrity home tour|celebrity home tour telugu|alli home tour vlog|zubeda ali home tour vlog|comedian ali|Celebrity challenge|shopping|junnu|junnu special|diwali|bbq|bbq with zubeda|daughters engagement|pelli subhalekhalu|bridal shower|ali daughter wedding|fathima marriage,False,False
Tg54DU7IIek,23,webseries|hasley india|comedy video|abhinav anand|bade|screenpaati|tvf|purav jha|harsh beniwal|marraige|village videos|village girl|village boy|abhishek kapoor|anushka kaushik|school junior|funny videos|boy|fight|family|family comedy|family videos|suhagraat|honeymoon|mugdha agarwal|trending videos,False,False
BePuw7gU_Ao,24,तारक मेहता|Ooltah Chashmah|sab tv channel|sab tv serial|taarak mehta latest episodes|taarak mehta ka ooltah chashmah|hindi comedy show|sab tv funny show|taarak new episode|ulta chashma|tarak mehta ka ultah chashma|taarak full episode|comedy|taarak mehta ep 3658|jethalal funny|taarak mehta episode|tmkoc todays episode|taark mehta new episodes|tmkoc teaser today|tmkoc new taarak mehta|dilip joshi|dilip joshi jethalal|latest episode of tmkoc|mehta sahab,False,False
Oq8s3paqUYM,24,backbenchers college life|backbenchers episode 2|backbenchers season 2 episode 2|backbenchers web series|backbenchers|dora sai teja|varsha dsouza|dorasai teja varsha dsouza|dorasai teja backbenchers college life|varsha dsouza backbenchers|varshja dsouza short films telugu|dorasai teja varsha short films|college life web series|telugu web series|student teacher comedy|dolly teacher episode|tej india latest|school life|tej india backbenchers latest episode,False,False
qdqLX8uKuUg,24,तारक मेहता|Ooltah Chashmah|sab tv channel|sab tv serial|taarak mehta latest episodes|taarak mehta ka ooltah chashmah|hindi comedy show|sab tv funny show|taarak new episode|ulta chashma|tarak mehta ka ultah chashma|taarak full episode|comedy|taarak mehta ep 3657|jethalal funny|taarak mehta episode|tmkoc todays episode|taark mehta new episodes|tmkoc teaser today|tmkoc new taarak mehta|dilip joshi|dilip joshi jethalal|latest episode of tmkoc|mehta sahab,False,False
sXOYYBNEY1E,24,[None],False,False
dn4kI3SCD38,24,tejasvibachani|tejasvibachanivideos|comedyvideos|funnyvines|marriage|girlslife|rachitrojha|sibbugirir|theshivam|shaitanrahul|shivamdikro|lokeshbhardwaj|sociopool|sociopoolindia|aashishbhardwaj|entertainment|challenge|girls|girlschallenge|girlsbikeracechallenge|bikerace,False,False
2x9NyQjE4Dk,24,Choo Mantar frist look|Choo Mantar sharan|Choo Mantar kannada movie|Choo Mantar kannada new movie|Choo Mantar motion poster|kannada new motion poster,False,False
HHNJcTEa7ZI,17,wwe|wwe on fox|tag match|bloodline|angelo dawkins|montez ford|kevin owens|sami zayn|monday night raw|the usos|the bloodline|minday night raw|wrestling|smackdown|smackdown highlights|friday night smackdown|wwe backstage|monday night raw highlights|fox sports|fox|fs1|fox sports 1|sports news|sports fox|fox sports highlights|highlights|wwe raw highlights|monday night raw 2023,False,False
ABJpcdFREjE,24,hindu muslim love sotry|hindu muslim love story|hindu muslim love story song|khuda ki inayat hai|khuda ki inayat hai hame jo mila hai|khuda ki inayat hai hame jo milaya hai|mantu bhatia|mn2|mn2 bhatia|montoo bahtia|montoo bhatia new video|muslim|new video of montoo bhatia|sun soniye sun dildar|sun soniye sun dildar 2|sun soniye sun dildar rab se bhi jyada tujhe karte hain pyaar|sun soniye sun dildar status|tu hi khuda tu mera sansar,False,False
RvYkeTmM1gc,20,[None],False,False
_ZAgIHmHLdc,10,HYBE|HYBE LABELS|하이브|하이브레이블즈,False,False
vFphsbbqGxY,23,justpuru|justpuru indians and theka|justpuru new video|indians and theka|sharab ka theka|wine and beer shop|sharab|sharaab|sharaabi|daaru|daru|desi daru|desi theka|funny theka videos|funny beer videos|funny daaru videos|funny daru videos|comedy videos beer wine|wine funny|friends and wine shop|friends and beer shop|theka desi sharaab|indians in wine shop|indians at sharaab theka|when you go to theka|girls at wine shop|indians and bar|puru,False,False
6cRTXGGD4CQ,27,abhi and niyu|abhi and niyu latest|abhi and niyu exposed|india today|latest news|infotainment|rishabh pant|rishabh pant accident|rishabh pant accident update|rishabh pant news|rishabh pant latest news|rishabh pant car|rishabh pant car accident|delhi accident|delhi accident news|accident in delhi|indian roads|safety on indian roads|nitin gadkari|gati shakti|narendra modi|modi speech|dangerous roads in india|indian roads are dangerous,False,False
UqCQ2JlLAYY,24,manoramamax|manorama max|manoramaMAX|OruChiriIruChiriBumperChiri|funprogram|comedyprogram,False,False
NIXJS_OTdG8,24,तारक मेहता|hindi serial|taarak mehta ka ooltah chashmah|taarak full episode|taarak mehta latest episode|tmkoc funny episode|tmkoc funny|taarak mehta ka ooltah chashmah clip|tmkoc full episode|taarak mehta special|new theme tmkoc|comedy clip|taarak mehta ka ooltah chashmah episode 2187|funny tmkoc episode|jethalal funny scenes|Best of 2022|Popular 2022 videos|Most popular 2022|Best of taarak mehta|popular taarak mehta videos|rewind 2022|Best of sony sab,False,False
22IbvRzRfoA,10,jignesh kaviraj new song|jignesh kaviraj|jignesh kaviraj na geet|tame mann na hata mela|ramesh patel|ketan barot|darshan baazigar|sad song|sad status|sad song gujarati|gujarati sad song|bewafa song|bewafa gujarati song,False,False
r9y2apkQ3DQ,27,तुम पूछते हो तुमने क्या कमाया ये कमाया हैं|police|rajasthan police|students|You ask what did you earn|I earned it|rajasthan police selection,False,False
XrT9Q7Osw_E,20,minecraft|minecraft minecraft|minecraft minecraft minecraft|techno gamerz minecraft|minecraft video|minecraft in hindi|mycraft|minecraft gameplay|techno gamer|smarty pie minecraft|minecraft videos|proboiz|techno gamerz|minecraft challenge|noob vs pro|noob vs pro vs hacker vs god|proboiz 95|mind craft|build challenge|minecraft noob vs pro|noob vs pro vs hacker|minecraft hindi|choo choo charles|bbs|minecraft build challenge|minecraft funny,False,False
ltbbxSQQmOA,2,Tractor stunt|tractor stuck|swaraj|John Deere|tractor|john deere tractor|new holland tractor|kubota tractor|tractor price|mini tractor|tractor tractor|tractor race|tractor ki video|tractor stunt|eicher tractor|mahindra mini tractor|tractor video|tractor farming|tractors stuck in mud,False,False
5Z8C1v4nQRU,22,skinquiz|freeskinquiz|know your skin requirements|ayurveda for skin|skin problem solution|customized skin products|customized ayurveda|tru hair and skin analysis|tru hair and skin honest review|pets|lover|YouTube|new|video|surprise|starmagic,False,True
55_GidbKQv0,26,Kharvas recipe|coconut kharvas|coconut pudding recipe|pudding recipe|coconut sweet|coconut mithai recipe|kharvas recipe without cheek|coconut milk recipe|coconut pudding without gelatin|nariyal milk recipe|coconut sweet recipe|junnu recipe|kobbari junnu|Instant kharvas recipe|Instant kharvas|milk pudding|ray kitchen|cooking|recipe|Coconut|Sweet|Mithai|Kharvas|kharwas|करवस|मिठाई|Nariyal|Pudding|coconut shell hair uses|coconut pudding without china grass,False,False
y7UdCpyblWo,23,Mullai Kothandam comedy|Comedy show|Podhigai Tv|Comedy Galatta|Comedy|Tamil comedy|food comedy|new comedy|Mullai comedy|Gothandam comedy|Cooking Comedy|comedy time|exam comedy|village comedy|Movie comedy|comedy scenes|tamil movie comedy|Podhigai Tv Comedy|காமெடி|New Comedy Galatta|Comedy Galatta New Video|Mullai Gothandam New Video|Mullai|Kothandam|Comedy Galatta latest episode|police comedy|police station comedy|politics comedy|arasiyal comedy,False,False
iT0_qao7FK8,24,ruchi and piyush show|comedy family|hindi family short movie|Ruchi and Piyush new video|Ruchi and Piyush 2022|Hindi sitcom|Ruchi and Pihu show|Indian family drama|wrapped|2022 wrap,False,False
bz2Ska9kAuM,24,Romantic|Comedy|Magic|Dance|Emotional|Drama|Song|Dialogue|Dhara|Nazar|episode|highlights|full episodes|special|funny|Star Plus|Plus|Rishta Wahi Baat Nayi|hotstar|shorts|family|family comedy|comedy drama|best drama|best comedy|best emotional|horror|horror show|इस|प्यार|को|क्या|नाम|दूँ?|Best Funny Scenes of Khushi|romance|khushi|arnav|isspyarkokyanaamdoon|embrassed,False,False
7lARlc4vS5s,26,ice cream|roller ice cream|vanila ice cream|village food,False,False
zCjU7vG-M3M,1,[None],False,False
FBMwmxWYWIQ,22,sadhguru hindi videos|sadhguru hindi|hindi videos|hindi yoga|हिंदी|सद्‌गुरु हिंदी|sadhguru|hindi video|सद्‌गुरु|योग|ईशा फाउंडेशन|हिंदी वीडियो|latest|greatest|stress|how to|motivational video|spirituality|tips|motivation|2021|latest 2021,False,False
WpDRXjJmIPs,25,Narendra modi|modi|prime minister of india|pmo india|pmo|pm narendra modi|pm modi|pm modi speech|pm narendra modi speech|pm modi speech today|namo|pm of india|pm narendra modi speech latest|pm modi speech latest|pm modi latest speech|modi speech|india|narendra modi youtube|narendra modi latest speech 2022|modi speech today|modi live|modi live news|prime minister narendra modi,False,False
e-_H34R66yI,26,New Year Muggulu Designs|Sankranthi muggulu|Sankranthi rangolis|Sankranthi chukkala muggulu|New year|Bindu rangoli|Mana rangoli|Latest New Year Muggulu|festival kolam designs|Latest New Year Rangoli Designs|festival rangoli designs|sankranthi muggulu designs|Pandaga muggulu|Simple Sankranthi Chukkala Muggulu|festival muggulu|Easy sankranthi chukkala muggulu|muggulu|Latest Sankranthi Rangolis|Kolams|Latest sankranthi chukkala muggulu|rangoli|Sankranthi|Festiva,False,False
WIukRjsVY2I,24,geo dramas|latest pakistani drama|top pakistani dramas|best pakistani dramas|drama 2023|pakistani drama|latest promo|har pal geo|top trending|pakistani dramas|pakistani drama ost|ost drama 2023|Farq|Faysal Quraishi|Sehar Khan|Adeel Chaudhry|Mahmood Aslam|Saba Shah|Juvaria Abbasi|Sohail Sameer|Sabiha Hashmi|Raeed Muhammad Alam|पाकिस्तानी सीरियल|पाकिस्तानी ड्रामा|Farq Episode 20|Farq Ost|Farq 20|Episode 20 Farq|3rd January 2023|Farq Drama,False,False
lBTZcn-Zplk,24,Shamedia|Adyarathri|Ameershanewshortfilm|Ameer|Ameersha|Withhim|Bestie lover|Reshma|comedy|Newshortfilm|Trending|18plus|Romantic|Uppum mulakum|Nanpakal|Jinn|Jayajayahe|Nallasamayam|Kaliveed|Santhwanam,False,False
RvtJRtYUsCg,22,[None],False,False
l7O4nPsygWA,22,sourav joshi|sourav joshi vlogs|piyush joshi vlogs|piyush joshi gaming|family videos|family vlogs|daily vlogger|daily vlogging|daily vlogs|travel vlogs|playing with family|family vlog|new year|new year celebration|happy new year,False,False
AaQsmvgA7js,10,baba hansraj raghuwansi|baba ji|hansraj raghuwansi|peramjit pummy ji|Kaashi Mein Kailashi|#kaashi mein kailashi|hansraj raghuwanshi new song|baba hanuman ji ke gane|hansraj song|hansraj|Hansraj raguwnashi 2023|2023 hansraj raguwanshi|2023 New song hansraj|hansraj raguwanshi bhole nath song 2023|#hansrajraghuwanshi|#merabholahaibhandari|#babahansrajraghuvanshi|baba_hans_raghu|baba _hansraj_ raghuwanshi|2023 baba hansraj raguwanshi status|hansraj raguwanhi 2023,False,False
bE51DlQhRu0,22,[None],False,False
Ay320_fTvdw,24,geo dramas|latest pakistani drama|top pakistani dramas|best pakistani dramas|drama 2023|pakistani drama|latest promo|har pal geo|top trending|latest teaser|pakistani dramas|pakistani drama ost|ost drama 2022|Farq|Faysal Quraishi|Sehar Khan|Adeel Chaudhry|Mahmood Aslam|Saba Shah|Juvaria Abbasi|Sohail Sameer|Sabiha Hashmi|Raeed Muhammad Alam|Farq Episode 19|Farq Ost|Farq 19|Episode 19 Farq|2nd January 2023|Farq Drama,False,False
wpQOlnpWuSo,24,[None],False,False
kFxt7tuZhDs,24,5star junnu|junnu videos|junnu comedy|5star patas|village comedy videos|Dawath videos|village Dawath 2023|comedy videos|my village show|gangavva videos|creative thinks videos|dhoom dham channel|5star new video|5star channel|5star laxmi|5star md|5star venky|sindhu mateti videos|5star videos,False,False
ehYnNwuAbN0,1,AGENT Making|Akhil Akkineni|Mammootty|Sakshi Vaidya|AGENT Movie|Agent Movie|AGENT Teaser|agent trailer|agent telugu teaser|akhil akkineni|akhil agent movie|akhil agent trailer|akhil agent movie teaser|akhil agent teaser|akhil agent|agent movie|akhil latest movie|akhil latest teaser,False,False
fZmWaJxKgPE,23,slayy point|abhyudaya|gautami|alpha males|personality|smile|sigma males|male personality|male motivation|hindi motivation|Body language|Tips|Best male|Male habits|Asli mard|Mard kaise bane|Mard hairstyle|How to look good|How to become alpha,False,False
bJaJ6WsD-Ec,24,[None],False,False
VJ51wYkClVQ,23,Kangra Boys|Kangra boys New video|Kangra boys funny videos|funny vlogs|Kangra boys Vlogs|syaapa web series|syaapa funny|new|comedy,False,False
TWlZ46LMuNI,22,[None],False,False
FQuNf5FXrJw,20,evil train vs avengers|techno gamerz|a.k game world|gta 5|avengers save franklin from evil Thomas train|Evil Thomas train part 3|Avengers vs evil Thomas train|evil thomas vs franklin|evil thomas train kill franklin in gta 5|GTAV Avengers|Evil Thomas Train Kill Franklin and Fight with Avengers|gta v avengers|frostbite gaming|Akgameworld new video|choo choo charles gameplay|choo choo charles full gameplay|gta5 hindi|gta5 mods|Evil train part 3|evil thomas,False,False
0iXUAjLMFig,1,theeran adhigaaram ondru|theeran adhigaram ondru|theeran adhigaram ondru telugu|theeran adhigaaram ondru songs|theeran adhigaaram ondru video songs|theeran|theeran adhigaaram ondru making|theeran adhigaaram ondru movie songs|theeran tamil|theeran adhigaaram ondru movie|theeran adhigaaram ondru review|theeran adhigaaram ondru jukebox|theeran adhigaaram ondru trailer|theeram adhigaram ondru|2 years of theeran adhigaaram ondru|theeran adhigaaram ondru full songs|Karthi,False,False
bC1hXnL9rd0,24,raunak|rj raunak|raunak nopo|rj raunac nopo|bauaa nopo|nopo|baua ki comedy|latest raunak show|latest 2019|new|2019|best comedy videos|superhit entertainment|Rohit Sharma|Virat Kohli|Surya Kumar Yadav|Ravindra Jadeja|Team India|World Cup|Indian Cricket Team|KL Rahul,False,False
Xgfw7wmEm40,24,sidharth tv|sidharthtv|sidharth tv channel|sidharth odia tv channel|sidharthtv odia|sidharth odia video|siddharth tv|sidharth tv mega serial|sidharth tv reality show|mun bi namita agrawal hebi 2|rajo sundari|mangula kanya|sampurna laxmi|sidharrth tv|bhakti kantha|debadasi|manjula kanya full episode|aparajita full episode|mangula kanya full episode|raja sundari|padyantari|naach odisha|odishara nua swara senior|aparajita today episode|aprajita 278,False,False
RlkSjPpsbgw,25,business news|economy news|economic times|ET Markets|ET|latest news|news today|news|trending|viral|trending videos|viral videos|trending news|big news|happy new year|happy new year 2023|new year|new year 2023|Happy New Year 2023 wishes,False,False
IM23GPYIw1Q,1,prabhas|nag ashwin|vyjayanthi films|vyjayanthi movies|ashwini dutt|prabhas new movie|prabhas movies|nag ashwin prabhas|prabhas ashwini dutt|prabhas movie|nag ashwin movies|prabhas deepika|prabhas deepika padukone movie|Amitabh Bachchan|ProjectK|project K|Prabhas Project K|project k latest video|project k update|deepika project k|from skratch|project k making video|project k making videos|Djordje Stojiljkovic|Nitin Zihani Choudhary|project k diaries,False,False
dOTGyBY8V1M,24,bahu hamari rajnikant|bahu hamari rajnikant actress name|bahu hamari rajnikant all promos|bahu hamari rajnikant after leap|bahu hamari rajnikant all episodes watch online|bahu humari rajnikant ki actress name|bahu hamari rajnikant best scenes|bahu hamari rajnikant bubbles ki shaadi|bahu hamari rajnikant best episodes|bahu hamari rajnikant comedy scene|bahu hamari rajnikant comedy|bahu hamari rajnikant drama|bahu hamari rajnikant season 2 release date|STARBHARAT,False,False
51XUamS9o_A,24,thunivu trailer|thunivu trailer world record|thunivu trailer decoding ss music|thunivu hologram trailer video|thunivu trailer reaction|thunivu trailer pre glimpse|thunivu trailer live|thunivu trailer fans reaction|thunivu trailer fans celebration|varisu vs thunivu trailer|varisu vs thunivu trailer reaction|varisu vs thunivu interview|thunivu ajith name|thunivu ajith character|thunivu bank robbery|thunivu bank story|thunivu ajith trailer|thunivu live tamil,False,False
boIryXBnP8s,24,[None],False,False
qwm1n3uXwhg,24,Public Music|Kannada music|Sandalwood|H.R.Ranganath|Public TV|public music live|public music show|public music kannada|public music channel|kannada music channel|kannada|roopesh shetty|roopesh shetty bigg boss|roopesh shetty interview|roopesh shetty winning moment|roopesh shetty interview after bigg boss|roopesh shetty movies|roopesh shetty and sanya iyer|roopesh shetty after bigg boss|roopesh shetty bigg boss winning moment|roopesh shetty bigg boss winner,False,False
jjkNv5jWmTY,23,[None],False,False
ID9I2DL-laY,22,amma kai pakkuvam|amma kai pakkuvam samayal|amma kai pakkuvam vlog|amma kai pakkuvam latest video|amma live|indian vlogs|south india marriage|routine vlog|indian traditional marriage|tamil marriage|satisfying cleaning videos for sleep|best enagagement highlights|my engagement day vlog in tamil|tamil engagement video|nalangu function in tamil|kalyana viruthu|vlog in tamil|amma vlog|youtuber marriage|amma friday vlog|amma morning vlog|amma routine vlog,False,False
IUhjIDWKUzs,22,crime patrol|crime stories|savdhaan india|boyfriend married women|pati patni or boyfriend|crime patrol 2021 latest episode|true events|liv crime patrol|tv serial|savdhaan india dangal|Savdhaan india hot episode|hindi tv serial old|hindi tv serials full episodes with english subtitles|hindi tv serial new|pati patni aur boyfriend crime time|savdhaan india 2022,False,False
v-14Ep_GX1E,10,pawan singh official|pawan singh bhojpuri song|new song pawan singh|video song pawan singh|पार्टी नया साल के|Pawan Singh|Bhojpuri New Year 2023|Party Naya Sal Ke|Pawan singh ka gaana|pawan singh party song|pawan singh new year song|pawan singh video|pawan singh ka gaana|pawan singh latest song,False,False
PCXlR2ZPBhg,22,xiaomi11|new phone|family vlog|surprising video|prank|sister prank|oru adaar family|family fun video|kerala family|trending|thug videos|prank videos|surprise videos|udan panam oru adaar family|kerala trending video|2023 frst video|malayalam comedy film|malayalam comedy,False,False
U_BZttRp0C4,23,gujrati|comedy|video|kaminey|frendzz,False,False
kBrE0eZUcW4,22,Africa|African Malayalam videos|African Malayalam vlogs|Yaseen vlogs|Yaseen vlogs Africa|Yaseen vlogs Uganda|Africa poor people|Slum in Africa|Helping People|Social experiment malayalam,False,False
SIHX37Gq1FU,20,khatarnak ishan|khatarnak ishan reacts|indian gamers funny moments|yessmartypie clutch|yessmartypie mlg|yessmarty pie reaction|reacting to indian gamers|minecraft 0 iq moments,False,False
04dtD3KQG4Y,24,ary drama|पाकिस्तानी सीरियल|पाकिस्तानी ड्रामा|Mujhe Pyaar Hua Tha Episode 5 teaser|new drama Mujhe Pyaar Hua Tha EP 5 teaser|pakistani drama Mujhe Pyaar Hua Tha|Mujhe Pyaar Hua Tha pakistani drama|ary digital drama Mujhey Pyar Hua Tha ep 5 teaser|Mujhe Pyaar Hua Tha episode 5 teaser ary digital|Mujhe Pyaar Hua Tha|Hania Aamir|Wahaj Ali|Mujhe Pyaar Hua tha Drama|Pakistani Drama Mujhe Pyaar Hua tha|New Drama Mujhe Pyaar hua tha|mujhe pyar hua tha|hania drama,False,False
aRcqwBTKCBA,20,gta 5 mods|gta v mods|shinchan in gta 5|shinchan gta 5|gta 5|shinchan|techno gamerz gta 5|gta|gta v|gta 5 techno gamerz|gta 5 shinchan|techno gamerz|hulk|flight gamer|Franklin Stealing Ironman Suit To Attack Lava Monster In Los Santos In GTA 5|Flight Gamer|flight game|mods gta 5|franklin join avenger army|lava monster|lava god in gta v|lava god and ice god|lava god|ice god|ice monster|ice god vs lava god|lava god attack|franklin attack,False,False
DGERy23DKwM,1,prabhas|nag ashwin|vyjayanthi films|vyjayanthi movies|ashwini dutt|prabhas new movie|prabhas movies|nag ashwin prabhas|prabhas ashwini dutt|prabhas movie|nag ashwin movies|prabhas deepika|prabhas deepika padukone movie|Amitabh Bachchan|ProjectK|project K|Prabhas Project K|project k latest video|project k update|deepika project k|from skratch|project k making video|project k making videos|re inventing the wheel,False,False
Doe2kpELa-Q,24,tkss latest|the kapil sharma show fresh episodes|tkss fresh episode|the kapil sharma show new episode|the kapil sharma show new|new episode of kapil sharma|kapil sharma show|kapil sharma comedy|kapil sharma show 2022|the kapil sharma show 2022|kapil sharma show comedy|tkss new episode|the kapil sharma show|kapil sharma show season 3|kapil sharma show returns|tkss promos|tkss promo latest|funny moments|new season tkss|new season of tkss|new episodes tkss,False,False
QAxB0j1ssYc,23,our stupid reactions|korbin miles|ricksegall|thunivu trailer|thunivu trailer update|thunivu trailer reaction|thunivu official trailer|thunivu trailer tamil|thunivu trailer response|thunivu teaser|thunivu update|thunivu ajith|thunivu trailer celebration|thunivu trailer breakdown|thunivu trailer release date|thunivu trailer news|ajith kumar|thunivu tamil trailer,False,False
7ZzxxVDwMRI,24,Kumkum Bhagya|Shabir Ahluwalia|Sriti Jha|Mugdha Chaphekar|Tina Phillips|Krishna Kaul|Zee TV|ज़ी टीवी|हिन्दी चैनल|Hindi GEC TV channel|hindi tv serial|zeetv|hindi serial|show|entertainment|daily soaps|family|drama|comedy|horror|thriller|romance|romantic|hindi|free|download|mobile|story|episode|latest|scene|full episode|best scene|webisode|precap|preview|promo|complete series|video|youtube|tv|zee popular shows|zee5,False,False
rhtkGGJiFk8,27,SSC GD 2022 | Maths क्रैश कोर्स - #6 | Ratio & Proportion | Maths short tricks in hindi for ssc gd|ssc gd maths class|ssc gd maths live class|ssc gd maths in hindi|ssc gd maths by ssc maker|ssc gd maths syllabus|ssc gd maths trick|ssc gd maths by ajay sir|ssc gd 2022 maths in hindi|ssc gd 2022 maths questions|ssc gd maths previous year paper|ssc maths short tricks in hindi|ssc gd fauji batch|ssc maker maths|ssc gd crash course|ssc gd percentage class|ssc maker,False,False
mtmc7L8It7E,22,[None],False,False
bX9R2HYnDGI,24,चला हवा येऊ द्या|Chala Hawa Yevu Dya|Zee Marathi|Zee Marathi Tv Shows|Bhau Kadam|Marathi Comedy Serial|Bhalchandra Kadam|Marathi Comedy Show|Bhau Kadam Best Comedy Scene|Bhau Kadam Comedy|Sagar Karande|Shreya Bugade|Kushal Badrike|Kushal Badrike Best Comedy|Bharat Ganeshpure Comedy|भाऊ कदम|कुशल बद्रिके|भारत गणेशपुरे|श्रेया बुगडे|सागर कारंडे|निलेश साबळे|Swapnil Jhoshi|Zee मराठी|Promotion|झी मराठी|vicky kaushal|amey wagh|renuka shahane,False,False
XVJzduRrOic,26,Sivamadhu|ShivaMadhu|ShivaMadhu kitchen|Muddapappu|Muddhapappu|Moong dal dal|Pachi pulusu|No vegetable curry,False,False
Qz0F-ZOIfJo,10,sidharth music|siddharth music|sidharth music channel|sidharth music new odia song|sidharth music new video|best odia song|new odia album song|sarthak music best song|odia album song new|sarthak music album song|odia music video|oriya song|odia song new|odia song video|odia song new 2022|NEW YEAR SPECIAL SONG|Asichire Nua Barasa|Aji Asichire Nua Barsha 2023|Namita Agrawal|Masti Album Song,False,False
jBPeMJdCujI,24,telly tashan|telly updates|telly gossips|telly news in hindi|telly tashan news|udaariyaan promo|udaariyaan harleen|colors tv new serial|colors tv serials all,False,False
5Sx9NSDuo4I,22,[None],False,False
eHBhHN0SBB8,22,gangavva|gangavva comedy|telugu vlogs|gangavva jokes|gangavva vlogs|my village show|my village show comedy|jokes|village show comedy|village show vlogs|village vlogs|telangana lady|old women,False,False
NfmVjHg2FEg,28,Center of The Universe in Telugu|Telugu badi|Universe in Telugu|Where Is The Center of The Universe|Space videos in telugu|Telugubadi|Space Time|Time in Telugu|outer space|edge of the universe|Mystery Of The universe|astronomy|Infinity|Science|Is there a center of the universe|Universe Explained in Telugu|Journey of the universe in Telugu|space in Telugu|Universe documentary in telugu|The Mystery Of The Center Of The Universe|Universe creation|Where is the,False,False
F0SA7ekQcUM,17,sports tak|sportstak|sports|sports events|cricket|videos|Sports News|Cricket News|Sports Update|Cricket Update|Vikrant Gupta|Rishabh Pant|Pant accident|Rishabh Car accident|Rishabh Pant Car accident|Pant's car accident|Pant in injured in car accident|Rishabh Pant injured in car accident|Pant car accident in Roorki|Pant in hospital|Rishabh Pant in hosiptal|Pant pictures on his accident|Pant accident pictures|Pant in Hospital|Rishabh Pant car|Pant car,False,False
7ZFsxiCkcy4,26,padi kolam|free hand rangoli|creative rangoli|muggulu|kolam|festival rangoli|how to draw rangoli|pandaga muggulu|Double stroke rangoli|Beautiful rangoli|Super rangoli|simple rangoli|semman kolam|Daily rangoli designs|easy kolam design|Kolam designs|muggu designs|easy rangoli|Double line kolam|Simple Muggulu|Begginers rangoli|Margazhi madham kolam|Dhanurmasam muggulu|New year 2023 kolam|puthandu kolam|margazhi kolangal|super muggulu|Mayil kolam,False,False
k6v-BJVohMY,24,thapki pyar ki|Thapki Pyar Ki|थपकी प्यार की|thapki pyar ki full episodes|colors tv hindi serials|#थपकीप्यारकी|#thapkipyarki|bepannah|shastri sisters|colors rishtey|colors tv old shows|थपकी प्यार की सीरियल|थपकी प्यार की नाटक|thapki|Minor flaw|stammer|stammering|encourage|Bihaan|fate|love|daily soap|Kaka|Poonam|Rampyari|Dhruv|Vasundhara|Krishnakanth|hindi show|colors hindi show,False,False
qTQeb4cS3fk,24,nilanjana dhar|triggered insaan,False,False
OQ1CkwbUROQ,27,how much money i make|how much money I made|youtuber money|youtube money|how much do youtubers make|how much money youtubers make|how much money 2020|online business|how much money i make on youtube|how to make money on youtube|how much money do youtubers make|how much money i made on youtube|how much does youtube pay|how much do small youtubers make|ankur warikoo net worth|ankur warikoo salary|ankur warikoo youtube|warikoo money|warikoo investing,False,False
PTbjgubYYNk,26,new year chukkala muggulu 2023|happy new year 2023 design|rangoli|rangoli designs|muggulu|kolam|muggulu designs|rangoli design|kolam designs|rangoli kolam|new year muggulu|2023 new year muggulu|happy new year muggulu|happy new year rangoli|new year muggulu 2023|rangoli by aishwarya|new year muggulu 2023 design|new year rangoli designs 2023|muggulu new year 2023|new year design|new year kolam 2023|new year rangoli designs|new year rangoli,False,False
oz5BvlgxJQ8,22,new year|new year party|comedy|viral|trending|baklol|sanjhalika vlog|sanjhalika new video|sanjhalika comedy|sanjhalika new year video|sanjhalika,False,False
KGvMQU5yHXM,27,utkarsh classes jodhpur|utkarsh classes|utkarsh latest announcement|utkarsh latest news|dr. nirmal gehlot|utkarsh live|utkarsh|digital education|kumar gaurav sir|daily current affairs|utkarsh app|utkarsh courses|utkarsh livefrom classroom|utkarsh news|utkarsh update|nirmal sir live|utkarsh classes channel|live today|utkarsh classes in hindi|akshay sir|kumar sir live|news today|latest news|gk|current affairs|general awareness|general knowledge,False,False
Twit5c9y3X0,24,Thunivu Trailer Troll|Thunivu Trailer Roast|Thunivu Trailer Public Opinion|Thunivu Trailer Reaction|Thunivu Trailer Decoding|Thunivu Trailer Troll Madras Prank,False,False
n_DtpY9wbGg,17,dude perfect|dude perfect stereotypes|dude perfect water bottle flip|bottle flip|water bottle flip|dude perfect basketball|dp|dude perfect world record|edition|nerf|trick shots|trick shot|family|ping pong|bowling|clean|family friendly|bubble wrap|soccer|football|dude|luka|doncic|Dončić|nba|basketball|dallas|mavericks|one on one|horny toad|overtime|online checking account|debit card|free checking account|fee free overdraft|credit card to build credit,False,False
GQepKAWhuDE,24,[None],False,False
HQpAbI8jEXk,24,ary|ary digital|ary digital drama|ary drama|pakistani drama|पाकिस्तानी सीरियल|पाकिस्तानी ड्रामा|Muqaddar Ka Sitara Episode 15|Muqaddar Ka Sitara Episode 15 drama|watch new drama Muqaddar Ka Sitara|Muqaddar Ka Sitara Episode 15 2nd January 2023|pakistani drama Muqaddar Ka Sitara Episode 15|Muqaddar Ka Sitara Episode 15 pakistani drama|watch ary digital drama Muqaddar Ka Sitara Episode 15|watch ary digital drama Muqaddar Ka Sitara,False,False
LwNJRvY3q1Q,24,Roar of Veera Simha Reddy - The Making Video|Veera Simha Reddy|Nandamuri Balakrishna|Shruti Haasan|Gopichand Malineni|Thaman S|Suguna Sundari|Suguna Sundari Song|Sai Madhav Burra|Rishi Punjabi|Mythri Movie Makers|NBK107|NBK107 Teaser|Nandamuri Balakrishna Movies|Shruti Haasan Movies|Gopichand Malineni Movies|Thaman Songs|Thaman Music|Sai Madhav Burra Dialogues|Teaser Launch|2022 New Teasers|2022 Latest Telugu Movies|Latest Telugu Teasers 2022,False,False
dIOopfGYtv0,24,the kapil sharma show|tkss set india|set hindi shows|set comedy tkss|kapil sharma comedy|kapil sharma serial set india|kapil comedy tkss|kapil sharma show new|new episode of kapil sharma|comedy show|kapil sharma|the kapil sharma show recap|kapil comedy|the kapil sharma show new season|kiara advani and vicky kaushal|comedy|kusha kapila|zakir khan kapil sharma show|zakir khan comedy|zakir khan shayari|kusha kapila in kapil sharma show|anubhav singh bassi,False,False
HRMkBANeXkY,24,amma anand avakai|amma anand avakai episode 4|amma anand avakai web series ep 4|soniya singh|pavan sidhu|soniya singh pavan sidhu web series|soniya singh pavan sidhu|sonia singh short films telugu|pavan sidhu short films|pavan sidhu sonia singh short films|telugu web series|telugu short films|telugu short films 2022 latest|sidhu sonia short films|telugu short films new|vayyari bhama|shoer films telugu 2022|infinitum media|telugu love short films new,False,False
rt7Gim2hpxk,24,Full Video || राधाकृष्ण || Rukmini ke Saath Hain Krishn || RadhaKrishn Raasleela Part -234|RadhaKrishn|radhakrishna star bharat|radhakrishn cast|Sumedh Mudgalkar|Mallika Singh|radhakrishn episode|radhakrishn raasleela|radhakrishna serial song|radhe radhe|starbharat radhakrishn episode|star bharat radhakrishn promos|स्टार भारत सीरियल|स्टार भारत|starplus tv shows|star plus drama|star plus drama new,False,False
0oIWBkxVqlI,22,vlogs|vlog|indian|vlogger|flying|beast|tech|review|gaurav|ritu|flying beast|gaurav taneja|ritu rathee|rabhari|chicklu|fit muscle tv|family vlog|flyingbeast|lockdown|quarantine|rasbhari ke papa|moo ba la la la|fan kaha hai|dheeme dheeme|great sucess,False,False
zHoIIdBvuuo,24,[None],False,False
iDA4MYmIAsA,22,[None],False,False
kCAR-fHAvWU,24,radhakrishn|radha krishna|radhakrishna today's full episode|radhakrishnan song|radha krishna song|radha krishna serial|radhakrishna serial song|radhakrishn episode 1|radhakrishnan|radha krishna songs|radhakrishn today's episode|radhakrishn all songs|radhakrishn raas|radhakrishn episode|radhakrishn last episode|radhakrishn funny scenes|radhakrishn all episodes|radhakrishn alakshmi promo|radhakrishn ashtalakshmi|radhakrishn actors name|starbharat|राधाकृष्ण,False,False
Qh6-yqP06M0,25,rishabh pant|rishabh pant accident|rishabh pant news|rishabh pant car accident|rishab pant|cricketer rishabh pant car accident|cricketer rishabh pant accident|rishabh pant latest news|rishabh pant road accident|rishabh pant dehradun|rishabh pant injured in road accident|rishabh pant card accident|rishabh pant accident news|cricketer rishabh pant news|rishabh pant career|rishabh pant batting|rishabh pant accident today|rishabh pant in hospital,False,False
Jpw0dtxagNE,23,the mridul|the mridul comedy|nitin mridul comedy|mridul comedy|doodhiya comedy video|the mridul nitin|pragati|pragati new video|mridul nitin|nitin mridul comedy video|doodhiya|the mridul new video,False,False
5ph3ja9m--o,24,flash|mohanlal|mohan lal|parvathy|parvathi|parvathy menon|parvathy thiruvoth|outspoken|outspoken roast|malayalam movie review|malayalam movie funny review|lucifer 2|empuraan|mohanlal movie|malayalam full movie|malayalam comedy|roast|malayalam roast|malayalam movie roast|malayalam movie funny roast|flash full movie|mohanlal full movie|monster|monster roast|monster funny troll|troll|malayalam troll video|latest movies|malayalam latest movie|old movie|gold,False,False
qji7yVmBCwk,26,new year design|happy new year 2023 design|rangoli|rangoli designs|muggulu|kolam|muggulu designs|rangoli design|kolam designs|rangoli kolam|new year muggulu|2023 new year muggulu|happy new year muggulu|happy new year rangoli|new year muggulu 2023|rangoli by aishwarya|new year muggulu 2023 design|new year rangoli designs 2023|rangoli designs for new year 2023|muggulu new year 2023|new year kolam 2023|new year rangoli designs|new year rangoli,False,False
gIOQOyCOFt0,24,ThunivuTrailer|ThunivuTrailerReaction|ThunivuTrailerReview|ThunivuOfficialTrailer|ThalaAjith|AjithKumar|HVinoth|Ghibran|Kollywood|TamilCinemaNews|EnowaytionPlus,False,False
Lo4Lj6C6oZ0,24,thapki pyar ki|Thapki Pyar Ki|थपकी प्यार की|thapki pyar ki full episodes|colors tv hindi serials|#थपकीप्यारकी|#thapkipyarki|colors rishtey|colors tv old shows|थपकी प्यार की सीरियल|थपकी प्यार की नाटक|thapki|Minor flaw|stammer|stammering|encourage|Bihaan|fate|love|daily soap|Kaka|Poonam|Rampyari|Dhruv|Vasundhara|Krishnakanth|hindi show|colors hindi show,False,False
jOe1O4uK14w,22,Dhruv rathee|Dhruv Rathee vlogs|Dhruv Rathee vlog|vlog|Dhruv Rathee girlfriend|dhruv|rathee|travel|travel vlog|indian vlogger|flying beast|carryminati|best places to travel|Europe travel|Europe trip|Tourism|uae|abu dhabi|dubai|united Arab emirates|emirates|ferrari world|amusement park|formula one|formula rossa|f1|worlds fastest rollercoaster,False,False
