L1NaSz18DQY,【１００分間】最多人数のYouTuberたちvsシルクロードで本気の鬼ごっこした結果！？【フィッシャーズ】,2023-01-03T11:00:11Z,UCibEhpu5HP45-w7Bq1ZIulw,Fischer's-フィッシャーズ-,2023-01-04T00:00:00Z,1921795,56467,0,5395,https://i.ytimg.com/vi/L1NaSz18DQY/default.jpg
6acnYvtBHdA,262本の動画から5部門の大賞とMVP発表！2年目のJGRもよろしくね！【第1回JGRアワード】,2023-01-03T07:30:01Z,UCvmTVIw2ZCJg49XHR0OoSAg,Johnny's Gaming Room,2023-01-04T00:00:00Z,685607,36539,0,2719,https://i.ytimg.com/vi/6acnYvtBHdA/default.jpg
w5ABTleA3zE,【 #悪魔のすごろく2023 】え！？面白すぎる！？すごろく大会【ラトナ・プティ/狂蘭 メロコ/先斗寧/セラフ・ダズルガーデン/ジョー・力一/葛葉/える/でびでび・でびる/にじさんじ】,2023-01-03T06:38:41Z,UCjlmCrq4TP1I4xguOtJ-31w,でびでび・でびる,2023-01-04T00:00:00Z,636470,23759,0,322,https://i.ytimg.com/vi/w5ABTleA3zE/default.jpg
WpyOwylZHwo,「踊」のライブ映像を一緒に見よう,2023-01-03T13:45:08Z,UCln9P4Qm3-EAY4aiEPmRwEA,Ado,2023-01-04T00:00:00Z,876339,38553,0,760,https://i.ytimg.com/vi/WpyOwylZHwo/default.jpg
qE-qFbEEqVI,【新春特番】新井新監督に前田智徳が切り込む！ 理想のスタメンは？投手起用法は？新コーチに期待することは？,2023-01-03T09:00:32Z,UC41c53J_kGJk08kdN0xlVRA,【球団お墨付き】勝ちグセ。Carpチャンネル,2023-01-04T00:00:00Z,141938,1621,0,238,https://i.ytimg.com/vi/qE-qFbEEqVI/default.jpg
YUI3Ap38kXc,【銀魂】お正月特別企画2023　期間限定第38話＆第218話,2023-01-03T12:00:10Z,UCFyBWO9SUQfKpuV7uF8Rh5A,銀魂チャンネル【公式】,2023-01-04T00:00:00Z,243162,7208,0,385,https://i.ytimg.com/vi/YUI3Ap38kXc/default.jpg
Ul1vN-Twj24,ブレイキングダウン7で樋口選手相手に乱闘を起こした近藤優太のスパー、練習について【朝倉未来】,2023-01-03T09:30:02Z,UCsH9FFOl1sY5ItGEanCpgkQ,ヒロヤとニッシーちゃんねる,2023-01-04T00:00:00Z,492238,4510,0,458,https://i.ytimg.com/vi/Ul1vN-Twj24/default.jpg
ykDXfULLW6w,【マインクラフト】ゲームモード『チェンソーマン』の世界でサバイバルしたら全ボス余裕で倒せんじゃね...！？,2023-01-03T08:00:20Z,UCyFN8ul17Ov5oDr_lsjZODg,ふうはや,2023-01-04T00:00:00Z,390585,4286,0,145,https://i.ytimg.com/vi/ykDXfULLW6w/default.jpg
Bg4ueZ6s1Bc,キノコの感染がやばいマインクラフト😱【 マイクラ / Minecraft  】,2023-01-03T03:30:07Z,UCX2fYWaYhi7J1yMaK0M8Amw,ちろぴの,2023-01-04T00:00:00Z,832622,21150,0,722,https://i.ytimg.com/vi/Bg4ueZ6s1Bc/default.jpg
e5b_izGRoEU,【ドッキリ】山本に正月なので凧揚げしようと言ってタコを揚げた,2023-01-03T09:00:15Z,UCsSVOnuH739ibN24Lma-12Q,タイムマシーン3号Official YouTube Channel,2023-01-04T00:00:00Z,300092,6847,0,622,https://i.ytimg.com/vi/e5b_izGRoEU/default.jpg
UHXSfWeA1iE,【＃ホロゆびをふる】新春運試し!!ゆびをふる大会2023！！！！！！！【ポケモンSV】,2023-01-02T14:58:40Z,UC1DCedRgGHBdm81E1llLhOQ,Pekora Ch. 兎田ぺこら,2023-01-04T00:00:00Z,1168525,35661,0,483,https://i.ytimg.com/vi/UHXSfWeA1iE/default.jpg
LGA0rz4xNQE,映画『7Days 死の7日間』EP3竜宮城【マイクラ・マインクラフト】,2023-01-03T23:00:18Z,UCHazKLThRbMyMFu2bVAKhng,ウォーターチャレンジ,2023-01-04T00:00:00Z,187794,5730,0,128,https://i.ytimg.com/vi/LGA0rz4xNQE/default.jpg
Ix4iIjf1900,【Breaking Down7】［チョン・ツーウェイ］オーディションでの裏の顔,2023-01-03T11:21:11Z,UCFR6NTyzZBqpIavETyDYY3A,チョンツーウェイCONG2WAY丛诸巍,2023-01-04T00:00:00Z,277551,1841,0,179,https://i.ytimg.com/vi/Ix4iIjf1900/default.jpg
G8miwb2G86A,カルディの福袋を開封したら驚きの連続！！【福袋2023】,2023-01-03T10:30:09Z,UC4-TMrb7Mm4KnYx1VsUgcJA,あいり,2023-01-04T00:00:00Z,255162,5425,0,333,https://i.ytimg.com/vi/G8miwb2G86A/default.jpg
_ZAgIHmHLdc,NewJeans (뉴진스) 'OMG' Official MV,2023-01-02T09:00:00Z,UC3IZKseVpdzPSBaWxBxundA,HYBE LABELS,2023-01-04T00:00:00Z,9657255,860824,0,41892,https://i.ytimg.com/vi/_ZAgIHmHLdc/default.jpg
wUr3w1KyyLs,恋愛シュミレーションゲーム「おせちプリンセス」,2023-01-03T09:55:12Z,UChuwE7hMjONeLU54uC8Vigw,雨穴,2023-01-04T00:00:00Z,248440,19968,0,2123,https://i.ytimg.com/vi/wUr3w1KyyLs/default.jpg
79JakBHwEYI,新年早々、謝罪することがあります。【独身アラサー女】,2023-01-03T11:00:03Z,UC5FCURSdp8ob8NoOG_iB4dg,独ヲタ女子【＊アッキーch＊】,2023-01-04T00:00:00Z,403796,11611,0,1348,https://i.ytimg.com/vi/79JakBHwEYI/default.jpg
gPDKO0JtgO8,今年の正月もやっぱりアレでしょう,2023-01-02T07:00:17Z,UCWcEgYIOqq1BVr4Qm1sPuVg,あまり驚かないガッチマンはホラーゲームばかりやっている,2023-01-04T00:00:00Z,728774,19513,0,885,https://i.ytimg.com/vi/gPDKO0JtgO8/default.jpg
BtNnX6yEx0w,ブレイキングダウン7で西谷が乱闘200戦無敗ニキとバチバチスパー【試合】,2023-01-02T09:19:18Z,UCsH9FFOl1sY5ItGEanCpgkQ,ヒロヤとニッシーちゃんねる,2023-01-04T00:00:00Z,608953,5584,0,515,https://i.ytimg.com/vi/BtNnX6yEx0w/default.jpg
PpznJj8ZXMY,Rangers 2-2 Celtic | Late Furuhashi Goal Denies Rangers Old Firm Victory | cinch Premiership,2023-01-02T22:00:06Z,UCakRszbIjjGYtFrDPeg5Ieg,SPFL,2023-01-04T00:00:00Z,520908,2708,0,911,https://i.ytimg.com/vi/PpznJj8ZXMY/default.jpg
ldrs5LvtNBw,（株）Fラン大学就職チャンネル【社外秘】,2023-01-03T08:00:13Z,UCqRV_ZIQhVKfxG1_WkNiRbg,Fラン大学就職チャンネル,2023-01-04T00:00:00Z,154295,4572,0,704,https://i.ytimg.com/vi/ldrs5LvtNBw/default.jpg
6eGtXwrqx3s,【COACH】総額100万円相当の福袋の中身が・・・【福袋2023】,2023-01-02T10:00:10Z,UC4-TMrb7Mm4KnYx1VsUgcJA,あいり,2023-01-04T00:00:00Z,691378,11963,0,524,https://i.ytimg.com/vi/6eGtXwrqx3s/default.jpg
B8goiPnjFZM,昨日来日したばかり！初めての日本食に大感激,2023-01-03T09:00:06Z,UC-kwiDn_sPRckNtYLs-B8Tw,Momoka Japan,2023-01-04T00:00:00Z,340874,12115,0,521,https://i.ytimg.com/vi/B8goiPnjFZM/default.jpg
QdIMp-LexAE,NiziU「Nobody (Wonder Girls)」from NiziU Live with U 2022 Burn it Up,2023-01-03T11:00:09Z,UCHp2q2i85qt_9nn2H7AvGOw,NiziU Official,2023-01-04T00:00:00Z,353239,23442,0,1251,https://i.ytimg.com/vi/QdIMp-LexAE/default.jpg
XjEZWjpZZ00,【 大谷翔平 に ダルビッシュ も！  】 名球会 メンバーが語る〝歴代最強〟 WBC 栗山 侍ジャパン！　＜ 日本 プロ野球 名球会 ＞,2023-01-03T11:00:27Z,UC9ycDcfxt5ge3hUFfnqnQ9Q,名球会チャンネル ,2023-01-04T00:00:00Z,148123,1188,0,148,https://i.ytimg.com/vi/XjEZWjpZZ00/default.jpg
NLIbYe4wGR8,②2022→2023 ボクらの語り場 杉田くんと安元さんをゲストに迎え,2023-01-02T12:00:20Z,UC3eYAvjCVwNHgkaGbXX3sig,中村悠一,2023-01-04T00:00:00Z,297505,6889,0,159,https://i.ytimg.com/vi/NLIbYe4wGR8/default.jpg
134v_3457DQ,【メイキング】２０２３年のテーマは和！！オリジナルの和服でエンディングを着飾ってきました！！,2023-01-03T09:20:50Z,UCs4KWxdP-lRc-dgLXE5i8Wg,Fischer's-セカンダリ-,2023-01-04T00:00:00Z,175333,7115,0,337,https://i.ytimg.com/vi/134v_3457DQ/default.jpg
5xrl17uPY3s,【ブライトン #22 三笘薫 ダイジェスト】プレミアリーグ 第19節 エヴァートン vs ブライトン,2023-01-03T22:36:39Z,UCJ-l-sMQFHogSy8KXRyMIRA,SPOTVNOW JAPAN ,2023-01-04T00:00:00Z,624267,5780,0,1599,https://i.ytimg.com/vi/5xrl17uPY3s/default.jpg
m1nbCNDr9GA,レインボーフレンズがポピープレイタイムの工場に攻めてきた！【Poppy Playtime】【Rainbow Friends】,2023-01-02T07:30:06Z,UCSg7bVWzGepb4Agt84anSOA,コロンボさん GAMES,2023-01-04T00:00:00Z,301598,4067,0,290,https://i.ytimg.com/vi/m1nbCNDr9GA/default.jpg
VbeICDAtCDU,3年ぶりの新年一般参賀　天皇陛下がお言葉（2023年1月2日）,2023-01-02T01:16:48Z,UC8XBizOfQBLUrUcv_9DHCog,THE PAGE（ザ・ページ）,2023-01-04T00:00:00Z,385887,4269,0,369,https://i.ytimg.com/vi/VbeICDAtCDU/default.jpg
vSAYBNOsHLY,【JO1×INI 初コラボ】心ひとつに。みんなでつなぐバースデーライン🎂,2023-01-02T09:00:31Z,UCMFpmhrtBladoLZQ9dIPUCQ,LAPONE Entertainment Official YouTube,2023-01-04T00:00:00Z,352431,25230,0,2255,https://i.ytimg.com/vi/vSAYBNOsHLY/default.jpg
kbIbp2fUVzA,SixTONES – 人人人 [PLAYLIST -SixTONES YouTube Limited Performance- Day.6],2023-01-01T12:30:08Z,UCwjAKjycHHT1QzHrQN5Stww,SixTONES,2023-01-04T00:00:00Z,2101761,0,0,10252,https://i.ytimg.com/vi/kbIbp2fUVzA/default.jpg
mnP0MTriKGA,平成フラミンゴさんとお正月にうんこの絵を描く港区家賃3万7千円男,2023-01-02T11:00:31Z,UCw8JOTMz9DDIhW2qkxF893g,岡田を追え!!,2023-01-04T00:00:00Z,262841,6190,0,280,https://i.ytimg.com/vi/mnP0MTriKGA/default.jpg
zJYkSoNUGko,3年ぶりに新年一般参賀,2023-01-02T09:56:12Z,UC1zYGo1jIIjMVDTLL3dydow,SankeiNews,2023-01-04T00:00:00Z,169352,2501,0,0,https://i.ytimg.com/vi/zJYkSoNUGko/default.jpg
5s1WqwcSqOo,①2022→2023 ボクらの語り場 杉田くんと安元さんをゲストに迎え,2023-01-01T14:00:03Z,UC3eYAvjCVwNHgkaGbXX3sig,中村悠一,2023-01-04T00:00:00Z,412483,11239,0,430,https://i.ytimg.com/vi/5s1WqwcSqOo/default.jpg
xfon1W9BCVs,【ホロライブ公式】＃全人類兎化計画【兎田ぺこら】,2023-01-01T12:18:07Z,UCJFZiqLMntJufDCHc6bQixg,hololive ホロライブ - VTuber Group,2023-01-04T00:00:00Z,1343090,58034,0,572,https://i.ytimg.com/vi/xfon1W9BCVs/default.jpg
arrzlSPRxaA,【公式】第28話「両さんの大脱走！」│こちら葛飾区亀有公園前派出所  期間限定本編配信  【アニメタイムズ 「Anytime アニメ冬祭り」】,2023-01-02T04:00:00Z,UC9iC5kXiHNJCCDjEi1lD3UA,「アニメタイムズ」公式,2023-01-04T00:00:00Z,315394,2811,0,353,https://i.ytimg.com/vi/arrzlSPRxaA/default.jpg
JAaTvAZg5io,【ばんばんざい】お互いのカメラロール漁ったらヤバイ写真の嵐でしたwww,2023-01-02T09:00:06Z,UC0wwyS5MbDCdbLjbtOt0yew,丸山礼チャンネル,2023-01-04T00:00:00Z,147953,3899,0,103,https://i.ytimg.com/vi/JAaTvAZg5io/default.jpg
fsx-jFhwpVc,3年ぶりの新年一般参賀　3回目の様子（2023年1月2日）,2023-01-02T02:59:10Z,UC8XBizOfQBLUrUcv_9DHCog,THE PAGE（ザ・ページ）,2023-01-04T00:00:00Z,382362,3614,0,597,https://i.ytimg.com/vi/fsx-jFhwpVc/default.jpg
tUCT82t1Y8Q,GOT the beat 'Stamp On It' Stage Video,2023-01-01T13:00:24Z,UCcdX97nVNsZgAA0NxvHnU9w,Girls On Top,2023-01-04T00:00:00Z,3755687,249268,0,9264,https://i.ytimg.com/vi/tUCT82t1Y8Q/default.jpg
BvDTxmD1V0c,沿道から歓声!! 天皇皇后両陛下 愛子さま 令和５年元日にお出まし 赤坂御用地へ Motorcade of Their Majesties the Emperor and Empress,2023-01-01T12:01:10Z,UCHemtp4YijzxzQd2viTZuEQ,boardnews.jp,2023-01-04T00:00:00Z,683220,4735,0,106,https://i.ytimg.com/vi/BvDTxmD1V0c/default.jpg
6MY7POeJqDE,【ルームツアー】1億円の撮影スタジオ「車が入らない欠陥ガレージがある家」,2023-01-01T10:00:07Z,UC9WJo5ZJVXMZiA5XV2jLx5Q,吉田製作所,2023-01-04T00:00:00Z,708783,13551,0,1353,https://i.ytimg.com/vi/6MY7POeJqDE/default.jpg
kOWIU_8iMdA,楽天の最近の状況について解説します,2023-01-01T13:11:35Z,UCXjTiSGclQLVVU83GVrRM4w,堀江貴文 ホリエモン,2023-01-04T00:00:00Z,543205,6950,0,623,https://i.ytimg.com/vi/kOWIU_8iMdA/default.jpg
boGWCr8SHfk,活動休止することになりました。,2023-01-02T09:00:26Z,UC8NZiqKx6fsDT3AVcMiVFyA,Tamaki Ch. 犬山たまき / 佃煮のりお,2023-01-04T00:00:00Z,723859,31396,0,1764,https://i.ytimg.com/vi/boGWCr8SHfk/default.jpg
5X0moXhywRI,【謹賀新年】マウンテンサイクルから発掘!?　すべてがガンダムになるTCGを紹介してみた【フュージョン戦記ガンダムバトレイヴ】,2023-01-02T11:00:03Z,UCReBAqqC-hc9d70gOftfitg,マフィア梶田と中村悠一の「わしゃがなTV」,2023-01-04T00:00:00Z,251005,6807,0,421,https://i.ytimg.com/vi/5X0moXhywRI/default.jpg
UQVSXRKMcTw,【COACH】9万円の福袋の中身が・・・【福袋2023】,2023-01-01T10:00:11Z,UC4-TMrb7Mm4KnYx1VsUgcJA,あいり,2023-01-04T00:00:00Z,695283,11996,0,406,https://i.ytimg.com/vi/UQVSXRKMcTw/default.jpg
JDiH4MlxTYY,世界一甘い物が好きな母に日本のケーキはお口に合うのか？！まさかの結果に,2023-01-01T12:02:55Z,UCXIbbUPWKPxzGyfdbAG8mLg,ボンソワールTV BonSoirTV,2023-01-04T00:00:00Z,515626,13788,0,676,https://i.ytimg.com/vi/JDiH4MlxTYY/default.jpg
keFRueltLIU,TVアニメ『東京リベンジャーズ』聖夜決戦編 ノンクレジットOP【Official髭男dism「ホワイトノイズ」】,2022-12-31T15:00:30Z,UCnrudQZNXphuOk0QB8Yz6oQ,TVアニメ『東京リベンジャーズ』チャンネル,2023-01-04T00:00:00Z,2908337,105338,0,4025,https://i.ytimg.com/vi/keFRueltLIU/default.jpg
YGx5fcgEuwA,【LIVE映像】踊 さいたまスーパーアリーナ 2022.8.11【Ado】,2022-12-31T14:45:11Z,UCln9P4Qm3-EAY4aiEPmRwEA,Ado,2023-01-04T00:00:00Z,3790862,166637,0,6474,https://i.ytimg.com/vi/YGx5fcgEuwA/default.jpg
_uGCpcnC0Jw,#195【カウントダウンコンサート直前】年終わりまでアイツとは揉める。,2022-12-31T20:34:08Z,UC2alHD2WkakOiTxCxF-uMAg,ジャにのちゃんねる,2023-01-04T00:00:00Z,1568133,0,0,2823,https://i.ytimg.com/vi/_uGCpcnC0Jw/default.jpg
ZubamqgRvEA,オーディションで喧嘩売られた件について,2023-01-01T10:01:53Z,UCb3svNWYzLVCWZl4m7mdKuA,樋口武大,2023-01-04T00:00:00Z,390781,7537,0,911,https://i.ytimg.com/vi/ZubamqgRvEA/default.jpg
Qttwf5FBOyQ,猫じゃらしからラーメン作ってみた,2022-12-31T12:08:33Z,UCd0hscDvJvzRbo8Rk7JPQMA,ホモサピ,2023-01-04T00:00:00Z,1515280,48693,0,3266,https://i.ytimg.com/vi/Qttwf5FBOyQ/default.jpg
ISe6dVuRKOc,新ワールド初日から凄いことが起きました！PART01【マイクラ.アツクラ】,2023-01-01T09:00:08Z,UCu3Mp1ZimtNvyA-bcfo9VrQ,カズゲームズ/Gaming Kazu,2023-01-04T00:00:00Z,165858,5557,0,303,https://i.ytimg.com/vi/ISe6dVuRKOc/default.jpg
lCFoHnxeSHM,手のひらサイズのサメ釣れたww,2022-12-31T09:45:49Z,UCypYz0HzH-2oL7mdP-JK2yQ,おろちんゆー,2023-01-04T00:00:00Z,954631,22252,0,2861,https://i.ytimg.com/vi/lCFoHnxeSHM/default.jpg
n-fzN8-i3Qc,hololive production COUNTDOWN LIVE 2022▷2023 -hololive side-【#ホロライブカウントダウン】,2022-12-31T15:26:53Z,UCJFZiqLMntJufDCHc6bQixg,hololive ホロライブ - VTuber Group,2023-01-04T00:00:00Z,1834911,91260,0,1601,https://i.ytimg.com/vi/n-fzN8-i3Qc/default.jpg
XVziET64tvs,朝倉未来が現れた！立て続けのRIZINサプライズ劇場！| アベマでRIZIN PPV生中継！,2022-12-31T07:57:01Z,UClPKS7S62cwYYaq6udr-G-Q,ABEMA 格闘【公式】,2023-01-04T00:00:00Z,943526,4039,0,968,https://i.ytimg.com/vi/XVziET64tvs/default.jpg
A-X6Pk1iJsc,【ニューイヤー駅伝2023🎽】《速報ハイライト》,2023-01-01T06:33:00Z,UChFYmUZDkY2UfNjWo36_dbQ,TBS陸上ちゃんねる【公式】,2023-01-04T00:00:00Z,253086,1068,0,123,https://i.ytimg.com/vi/A-X6Pk1iJsc/default.jpg
OBQKgq4uj1s,NAKAMURA　グレート・ムタとの“奇跡の一戦”終え感無量「神様じゃないと仕組めない」【試合後取材】ムタは「バイバイ、シンスケ」,2023-01-01T14:11:09Z,UCSEuSqSFFghMCYGUXtQd0Sw,デイリースポーツ【公式】,2023-01-04T00:00:00Z,405468,2246,0,192,https://i.ytimg.com/vi/OBQKgq4uj1s/default.jpg
LOUmFrN_TsY,【ごめんなさい】訳あって卒業します！今まで応援していただいた覆面ファンの方々ありがとうございました,2023-01-01T03:00:10Z,UCtHxtOlZPNH_tOhLHkPlK6g,アカデミックな放課後FREEDOM_OSSAN,2023-01-04T00:00:00Z,386569,12155,0,1764,https://i.ytimg.com/vi/LOUmFrN_TsY/default.jpg
HnvFX4ebKlI,【漢の企画】第一回 にじさんじローションチャンバラ選手権　一本目【#にじローションチャンバラ】,2022-12-31T15:00:11Z,UCJubINhCcFXlsBwnHp0wl_g,舞元啓介,2023-01-04T00:00:00Z,641777,33607,0,706,https://i.ytimg.com/vi/HnvFX4ebKlI/default.jpg
vUgPGYbWYIA,2022.12.31 20:00 【ŹOOĻ】BLACK or WHITE LIVE SHOWDOWN,2022-12-31T11:00:07Z,UCs4ms7uVxO8wVvQoEocz8jw,大神万理,2023-01-04T00:00:00Z,320242,18596,0,692,https://i.ytimg.com/vi/vUgPGYbWYIA/default.jpg
EnczEo7T0ic,【漢の企画】第一回 にじさんじローションチャンバラ選手権　二本目【#にじローションチャンバラ】,2022-12-31T15:15:08Z,UCJubINhCcFXlsBwnHp0wl_g,舞元啓介,2023-01-04T00:00:00Z,449171,24461,0,542,https://i.ytimg.com/vi/EnczEo7T0ic/default.jpg
nn8FMxYaD0I,遂に実現！石井東吾の師「ヒロ渡邉」vs戦闘者「稲川義貴」ジークンドーのタブーに切り込む,2023-01-01T11:00:21Z,UCEXCEsV_t1X_d4gSirFLgvA,狂武蔵たくちゃんねる,2023-01-04T00:00:00Z,311528,7806,0,399,https://i.ytimg.com/vi/nn8FMxYaD0I/default.jpg
AHzJeiNc4XU,大晦日、配信が始まる少し前,2023-01-01T04:40:16Z,UC3eYAvjCVwNHgkaGbXX3sig,中村悠一,2023-01-04T00:00:00Z,296261,9225,0,335,https://i.ytimg.com/vi/AHzJeiNc4XU/default.jpg
yNJTyXNAJl0,2022.12.31 22:00 【TRIGGER】BLACK or WHITE LIVE SHOWDOWN,2022-12-31T13:00:07Z,UCs4ms7uVxO8wVvQoEocz8jw,大神万理,2023-01-04T00:00:00Z,248000,16096,0,651,https://i.ytimg.com/vi/yNJTyXNAJl0/default.jpg
d7bu8XjPnnk,トイレに閉じ込められて2023年に間に合いませんでした,2022-12-31T15:04:00Z,UC49IcjbsspFVpukiVYN05Hg,ARuFa,2023-01-04T00:00:00Z,992991,76287,0,2532,https://i.ytimg.com/vi/d7bu8XjPnnk/default.jpg
yQI-7GIKN7I,【Ado】 レコード大賞2022スペシャルメドレー（新時代〜逆光〜私は最強）,2022-12-30T13:00:36Z,UCln9P4Qm3-EAY4aiEPmRwEA,Ado,2023-01-04T00:00:00Z,1918476,96106,0,2470,https://i.ytimg.com/vi/yQI-7GIKN7I/default.jpg
Mau0J2gwv7o,2022.12.31 21:00 【IDOLiSH7】BLACK or WHITE LIVE SHOWDOWN,2022-12-31T12:00:11Z,UCs4ms7uVxO8wVvQoEocz8jw,大神万理,2023-01-04T00:00:00Z,282299,17451,0,662,https://i.ytimg.com/vi/Mau0J2gwv7o/default.jpg
UAJ87dVVGQY,【マインクラフト】世界に1つだけの花はもう1種類ありました【日常組×我々だ】,2022-12-30T08:00:10Z,UCZFO75r8iYNI2XPmoFEG6ig,日常組,2023-01-04T00:00:00Z,1222146,47342,0,1872,https://i.ytimg.com/vi/UAJ87dVVGQY/default.jpg
eJP4W46Ax5c,【ポケモンSV】色違い縛りでSVを攻略する旅#3(悪&炎)～グレンアルマ・ソウブレイズ・カルボウ・オラチフ・オトシドリ～【スカーレット・バイオレット】【ゆっくり実況】,2022-12-31T03:00:14Z,UCh5P9zcVDCyoa420uuR3jsg,タガヤスのポケモン,2023-01-04T00:00:00Z,457076,6370,0,796,https://i.ytimg.com/vi/eJP4W46Ax5c/default.jpg
Km71Rr9K-Bw,NewJeans (뉴진스) 'Ditto' Performance Video,2022-12-30T10:00:01Z,UCMki_UkHb4qSc0qyEcOHHJw,NewJeans,2023-01-04T00:00:00Z,6166594,330417,0,6713,https://i.ytimg.com/vi/Km71Rr9K-Bw/default.jpg
PyFd6-s4Ttc,SixTONES - 2023あけおめ- 恒例のリーダーはこいつだジャンケン‼︎,2022-12-31T19:34:47Z,UCwjAKjycHHT1QzHrQN5Stww,SixTONES,2023-01-04T00:00:00Z,1098987,0,0,5169,https://i.ytimg.com/vi/PyFd6-s4Ttc/default.jpg
a6kHv-GSMCI,ONE PIECE バウンティラッシュ 2022年末特別生放送【12月30日(金)19時開始予定】,2022-12-30T10:59:16Z,UCqly9F4Fr_jf2Y1Cy5hacRg,Bandai Namco Entertainment,2023-01-04T00:00:00Z,368815,0,0,0,https://i.ytimg.com/vi/a6kHv-GSMCI/default.jpg
Fbwf-aIaV1E,ニッポンの社長【よしもと漫才劇場 8周年記念SPネタ】,2022-12-30T12:00:12Z,UC1HFvQiR8x712JlMZftYfMA,よしもと漫才劇場チャンネル,2023-01-04T00:00:00Z,556548,12075,0,662,https://i.ytimg.com/vi/Fbwf-aIaV1E/default.jpg
753JuY9sV4k,年忘れやらかし発表会2022～今年もみんな想像以上にやらかしてましたSP～,2022-12-30T10:00:07Z,UC0wwyS5MbDCdbLjbtOt0yew,丸山礼チャンネル,2023-01-04T00:00:00Z,558177,16990,0,660,https://i.ytimg.com/vi/753JuY9sV4k/default.jpg
Scm1-s9dqGQ,東京03 -「ケチになった男」／『第22回東京03単独公演「ヤな塩梅」』より,2022-12-30T03:00:17Z,UConIcs8o0z5vYTamGtq-Lsw,東京03 Official YouTube Channel,2023-01-04T00:00:00Z,548322,5798,0,307,https://i.ytimg.com/vi/Scm1-s9dqGQ/default.jpg
SszP3hlQ55Y,ATEEZ(에이티즈) - 'HALAZIA' Official MV,2022-12-30T05:00:02Z,UCQdq-lqPEq_yZ_wP_kuVB9Q,KQ ENTERTAINMENT,2023-01-04T00:00:00Z,26719906,496246,0,73286,https://i.ytimg.com/vi/SszP3hlQ55Y/default.jpg
rbJ_MIfE734,闇のルイージを追いかけろ！ちろぴのスーパーマリオフューリーワールド実況#2【スーパーマリオ】,2022-12-30T05:05:31Z,UCBliDcAvBxDy-RWoKl5ZHSA,ちろるまる,2023-01-04T00:00:00Z,280886,2421,0,124,https://i.ytimg.com/vi/rbJ_MIfE734/default.jpg
DsE-tboxRNg,【LE SSERAFIM】「FEARLESS -Japanese ver.-」世界でも話題“目隠しダンス“にも注目！【紅白】｜NHK,2022-12-31T11:35:30Z,UC8T8_deSUS97DWZeKO_TL9Q,NHK MUSIC,2023-01-04T00:00:00Z,1125491,19561,0,0,https://i.ytimg.com/vi/DsE-tboxRNg/default.jpg
-_VzPpAl_94,【アニメ】ホロライブ全員集合！,2023-01-01T09:00:00Z,UCJFZiqLMntJufDCHc6bQixg,hololive ホロライブ - VTuber Group,2023-01-04T00:00:00Z,751661,63341,0,2001,https://i.ytimg.com/vi/-_VzPpAl_94/default.jpg
FGGbV5o-btA,【期間限定】ずっと真夜中でいいのに。『サターン (ろんりー)』(from ZUTOMAYO FACTORY「鷹は飢えても踊り忘れず」) ZUTOMAYO – SATURN,2022-12-30T13:00:11Z,UCv6P5nsS9rP4tDtFlqLU_QQ,ずっと真夜中でいいのに。 ZUTOMAYO,2023-01-04T00:00:00Z,369732,21791,0,694,https://i.ytimg.com/vi/FGGbV5o-btA/default.jpg
Mjr47ikehQE,[BOYS PLANET] '난 빛나 (Here I Am)' Performance,2022-12-29T10:15:01Z,UCbD8EppRX3ZwJSou-TVo90A,Mnet K-POP,2023-01-04T00:00:00Z,2121747,124462,0,16999,https://i.ytimg.com/vi/Mjr47ikehQE/default.jpg
NxilXjBOGfo,友達のママが宗教勧誘にきて気まずい【アニメ】,2022-12-30T10:06:40Z,UCWtLzcASRAjlVhKibLUCuEw,はじめまして松尾です,2023-01-04T00:00:00Z,526194,14573,0,901,https://i.ytimg.com/vi/NxilXjBOGfo/default.jpg
yKkVyQfMjK8,Ver4.5初始動！新たな生命体★エンジン馴らし作業　86筑波1分切りせよ！#10,2022-12-30T09:17:59Z,UCFtVzEblikHdro4J5HeMo4w,GUNMA-17,2023-01-04T00:00:00Z,215760,5886,0,245,https://i.ytimg.com/vi/yKkVyQfMjK8/default.jpg
WddrQBVumnM,東京03 -「こすらく ～costume落語～」／『第23回東京03単独公演「ヤな因果」』幕間映像より,2022-12-30T03:00:21Z,UConIcs8o0z5vYTamGtq-Lsw,東京03 Official YouTube Channel,2023-01-04T00:00:00Z,172189,2557,0,202,https://i.ytimg.com/vi/WddrQBVumnM/default.jpg
OgBwEszrNOU,【ベッド】ままが退院する前にアクティブスリープベッド！,2022-12-29T12:00:12Z,UCmiivdWbzuVQKMljjvfVjqQ,Hiromi factory チャンネル,2023-01-04T00:00:00Z,1773968,16909,0,448,https://i.ytimg.com/vi/OgBwEszrNOU/default.jpg
H1vaw9sR65U,【奪われた視界】思い出の味がよみがえる？冬といえばやっぱり鍋だよね！,2022-12-29T13:00:11Z,UCwi4P78SVunSYAGrvC9aKcw,ROF-MAO / ろふまおチャンネル【にじさんじ】,2023-01-04T00:00:00Z,664358,0,0,990,https://i.ytimg.com/vi/H1vaw9sR65U/default.jpg
k1T6vBBrZXo,Snow Man「Movin’ up」Dance Practice,2022-12-28T08:00:18Z,UCuFPaemAaMR8R5cHzjy23dQ,Snow Man,2023-01-04T00:00:00Z,3560462,0,0,10604,https://i.ytimg.com/vi/k1T6vBBrZXo/default.jpg
2eOg5DoYuwU,ファイトソング (Fight Song) - Eve Music Video,2022-12-28T10:00:10Z,UCUXfRsEIJ9xO1DT7TbEWksw,Eve,2023-01-04T00:00:00Z,5515328,299965,0,8817,https://i.ytimg.com/vi/2eOg5DoYuwU/default.jpg
ocg6c-sLuUU,映画『7Days 死の7日間』EP2ゾンビ化【マイクラ・マインクラフト】,2022-12-30T01:00:26Z,UCHazKLThRbMyMFu2bVAKhng,ウォーターチャレンジ,2023-01-04T00:00:00Z,411557,10329,0,243,https://i.ytimg.com/vi/ocg6c-sLuUU/default.jpg
wd_9qQG3KAk,【SixTONES】2022年重大ニュース！初出し情報だらけ!!,2022-12-30T13:00:35Z,UCwjAKjycHHT1QzHrQN5Stww,SixTONES,2023-01-04T00:00:00Z,718610,0,0,2302,https://i.ytimg.com/vi/wd_9qQG3KAk/default.jpg
HOS7GPBvFY8,BE:FIRSTの人生に欠かせない10のアイテム | 10 Essentials | GQ JAPAN,2022-12-29T09:00:09Z,UCLKNp-ua37bAXkkPJRD-mfQ,GQ JAPAN,2023-01-04T00:00:00Z,281650,19096,0,606,https://i.ytimg.com/vi/HOS7GPBvFY8/default.jpg
LZOza5sruHk,【緊急公開】YOSHIKI、天国のYOSHIとオーディションメンバーと共に、魂揺さぶる全身全霊のパフォーマンス！日テレ系「発表！今年イチバン聴いた歌」／YSPX special performance,2022-12-29T02:57:13Z,UCyCvk59QxtgaXpyN35WLMLQ,YOSHIKI SUPERSTAR PROJECT X,2023-01-04T00:00:00Z,491028,10489,0,546,https://i.ytimg.com/vi/LZOza5sruHk/default.jpg
HCtBjFTvcBI,にじさんじ歌謡祭2022 DAY1を皆で同時視聴する！【にじさんじ/星川サラ/フミ/山神カルタ/長尾景/弦月藤士郎/甲斐田晴】,2022-12-29T10:54:35Z,UC9V3Y3_uzU5e-usObb6IE1w,星川サラ / Sara Hoshikawa,2023-01-04T00:00:00Z,402275,13601,0,129,https://i.ytimg.com/vi/HCtBjFTvcBI/default.jpg
y7NebNpI2-8,例のブツ、納車！！【バイク女子】,2022-12-29T11:00:34Z,UCn7AW5MFKLCI9NvBh08uD6Q,久野静香です。,2023-01-04T00:00:00Z,364927,12064,0,688,https://i.ytimg.com/vi/y7NebNpI2-8/default.jpg
w7WzF3jzTzU,【朝倉未来さんと吉田君とプライベートで飲みに行った】,2022-12-29T03:00:31Z,UC7VsyNNxwOYgpvJLYabrprQ,飯田将成 Masanari Iida,2023-01-04T00:00:00Z,1099356,22202,0,2105,https://i.ytimg.com/vi/w7WzF3jzTzU/default.jpg
AtmnPbjTz4E,NiziU - Blue Moon / THE FIRST TAKE,2022-12-28T13:00:11Z,UC9zY_E8mcAo_Oq772LEZq8Q,THE FIRST TAKE,2023-01-04T00:00:00Z,1778310,52766,0,3313,https://i.ytimg.com/vi/AtmnPbjTz4E/default.jpg
eWeSqrRk-gs,優里『メリーゴーランド』Official Music Video,2022-12-28T11:00:08Z,UCBNVZPlWoR7oArfzJNrK9yw,優里 Official YouTube Channel,2023-01-04T00:00:00Z,1926614,35259,0,1397,https://i.ytimg.com/vi/eWeSqrRk-gs/default.jpg
dFteCbn1Znc,2022年 東京大賞典 GI｜第68回｜NAR公式,2022-12-29T07:02:11Z,UCjkOgWcS0111xXkAqyhR5Vw,NAR公式チャンネル,2023-01-04T00:00:00Z,294760,1504,0,0,https://i.ytimg.com/vi/dFteCbn1Znc/default.jpg
xlfOXrhuktk,忘年会に監督が来る日の年末ルーティン。【野球部 寮生活】,2022-12-30T10:00:26Z,UCtBnofpvdI3Fbn6f7QclmYQ,あめんぼぷらす【日常コメディ】,2023-01-04T00:00:00Z,1188347,27289,0,1835,https://i.ytimg.com/vi/xlfOXrhuktk/default.jpg
xBFekI_T9vk,【ドッキリ】水曜日のダウンタウンだと思ったらただの水曜日で怒らせたい。【きしたかの】,2022-12-29T12:00:29Z,UCWyynpZD7CkjZqQ7ZJGGjfg,高野さんを怒らせたい。【きしたかの】,2023-01-04T00:00:00Z,364604,7185,0,527,https://i.ytimg.com/vi/xBFekI_T9vk/default.jpg
DmsV-Oo3b6Y,【1尾16万円】今年最後にありえない魚捌いてみた。,2022-12-30T03:44:01Z,UCaak9sggUeIBPOd8iK_BXcQ,きまぐれクックKimagure Cook,2023-01-04T00:00:00Z,1322792,14431,0,732,https://i.ytimg.com/vi/DmsV-Oo3b6Y/default.jpg
1JAbjmbdqtU,【ウインターカップ2022】福岡第一 悔しい準優勝「今だから言えるけど...」井手口コーチの本音 ともやんインタビュー［高校バスケ/ブカピ],2022-12-29T07:45:00Z,UCKPgDittmcqhf0v52rqNzAA,ブカピ 部活ONE,2023-01-04T00:00:00Z,317811,2204,0,121,https://i.ytimg.com/vi/1JAbjmbdqtU/default.jpg
QKsYrsDhyWE,遂にseason2始動！！ヒカルと未来が語る展望とは！？そして重大告知が・・・！,2022-12-29T04:00:09Z,UCaADAFPHm2iCKvFt-lMJSXA,Nontitleチャンネル,2023-01-04T00:00:00Z,232781,6438,0,543,https://i.ytimg.com/vi/QKsYrsDhyWE/default.jpg
pfnAvG6lDT4,【2022】フォートナイト忘年会を開催してみた。,2022-12-29T06:00:13Z,UCLFiFaxDZc3FmdU8fAJNKYw,ねこくん!,2023-01-04T00:00:00Z,353674,11894,0,862,https://i.ytimg.com/vi/pfnAvG6lDT4/default.jpg
8suEuDClf7s,【革命】400万人突破LIVE !!!!!,2022-12-27T15:06:37Z,UCRxPrFmRHsXGWfAyE6oqrPQ,コムドット,2023-01-04T00:00:00Z,6770881,180339,0,6301,https://i.ytimg.com/vi/8suEuDClf7s/default.jpg
PxSOLqt-LmQ,「King & Prince First DOME TOUR 2022 〜Mr.〜」Digest,2022-12-28T11:00:20Z,UCSxwcQnzA5K6DvofvBn6ATA,King & Prince,2023-01-04T00:00:00Z,693097,0,0,2312,https://i.ytimg.com/vi/PxSOLqt-LmQ/default.jpg
pLTFpuTsL_8,"SKY-HI / Tiger Style feat. Aile The Shota, JUNON, LEO [Round A Ground Special 2022 ｰBirthday Eveｰ]",2022-12-28T09:00:24Z,UCsD8N_v4NM0zWMcfsuGsT0Q,SKYHICHANNEL,2023-01-04T00:00:00Z,350755,19432,0,738,https://i.ytimg.com/vi/pLTFpuTsL_8/default.jpg
6nZv4Dgrt_A,神っぽいな / ピノキオピー 歌ってみた【渡会雲雀/にじさんじ】,2022-12-28T12:00:09Z,UC4l9gz3q65lTBFfFtW5LLeA,渡会雲雀 / Watarai Hibari,2023-01-04T00:00:00Z,679727,60241,0,1677,https://i.ytimg.com/vi/6nZv4Dgrt_A/default.jpg
78LM7AyE6-g,[GOING SEVENTEEN SPECIAL] 겨울방학 특집 : 안다와 몰라 #1 (I Know & Don't Know #1),2022-12-28T08:58:08Z,UCfkXDY7vwkcJ8ddFGz8KusA,SEVENTEEN,2023-01-04T00:00:00Z,2497267,211778,0,8055,https://i.ytimg.com/vi/78LM7AyE6-g/default.jpg
CuKDXhCvQ1U,モンストニュース[12/28]「超・獣神祭」新限定キャラクターや「美食の旅路」、獣神化・改など、モンストの最新情報をお届けします！【モンスト公式】,2022-12-28T07:00:09Z,UCd9BXPj-KcMTh0HiB-Vlb8A,モンスト（モンスターストライク）公式,2023-01-04T00:00:00Z,1264691,13447,0,2095,https://i.ytimg.com/vi/CuKDXhCvQ1U/default.jpg
IBeQ1UcP1BU,【リベンジ】大食いYouTuberしのけんと1日同じ食事を一人で挑戦したら何キロ太る？,2022-12-29T10:34:39Z,UCEA8Umn4azMfY2-qic1lCOA,タケヤキ翔/ラトゥラトゥ,2023-01-04T00:00:00Z,548569,12993,0,929,https://i.ytimg.com/vi/IBeQ1UcP1BU/default.jpg
HG9IHCfEz9o,2022年 ホープフルステークス（GⅠ） | ドゥラエレーデ | JRA公式,2022-12-28T06:59:18Z,UCj6AKkCWS6FJqf0o5wP45eQ,JRA公式チャンネル,2023-01-04T00:00:00Z,342426,1994,0,0,https://i.ytimg.com/vi/HG9IHCfEz9o/default.jpg
4MzgokAuNcI,大晦日への決意表明！,2022-12-30T12:35:26Z,UCFo4kqllbcQ4nV83WCyraiw,中田敦彦のYouTube大学 - NAKATA UNIVERSITY,2023-01-04T00:00:00Z,410323,10792,0,1422,https://i.ytimg.com/vi/4MzgokAuNcI/default.jpg
9ovbOpXUg08,虫を利用して生活する虫博士【アニメ】,2022-12-28T09:00:05Z,UCWtLzcASRAjlVhKibLUCuEw,はじめまして松尾です,2023-01-04T00:00:00Z,527716,17219,0,1159,https://i.ytimg.com/vi/9ovbOpXUg08/default.jpg
iXK-_7G8MKU,今年も終わりなのでおばあちゃんと箱根旅行,2022-12-28T10:00:17Z,UCdqmGeaJIczU3-ZTdBv7JaQ,kemio,2023-01-04T00:00:00Z,267370,10654,0,533,https://i.ytimg.com/vi/iXK-_7G8MKU/default.jpg
lSQMiBTBUOI,TWICE「Celebrate」TWICE JAPAN FANMEETING 2022 “ONCE DAY” Stage Version,2022-12-27T15:00:32Z,UCCRb6nYKaT8tzLA8CwDdUtw,TWICE JAPAN OFFICIAL YouTube Channel,2023-01-04T00:00:00Z,1423795,82614,0,1965,https://i.ytimg.com/vi/lSQMiBTBUOI/default.jpg
9TXicPIXsTU,西村ゆか/ひろゆきと結婚パリ移住/原因不明の難病発症/1歳から母子家庭も高校通うため生き別れの父と…,2022-12-28T09:00:05Z,UCB4nWNauim-qxiaDOcH0dLA,街録ch〜あなたの人生、教えて下さい〜,2023-01-04T00:00:00Z,449417,7351,0,472,https://i.ytimg.com/vi/9TXicPIXsTU/default.jpg
ZOB2LoSxKuE,【じんさお】別れた後に初めてデートしてみた,2022-12-27T11:00:08Z,UC8_wmm5DX9mb4jrLiw8ZYzw,スカイピース,2023-01-04T00:00:00Z,2665251,68932,0,2283,https://i.ytimg.com/vi/ZOB2LoSxKuE/default.jpg
W9ANf9P9twg,大量の化け物が襲ってくるマインクラフト😨【まいくら Minecraft】ぽっぴんず,2022-12-27T00:15:11Z,UC5vqbtNnbOF2h7A_xlrIPUw,ぽっぴんず,2023-01-04T00:00:00Z,1106360,19508,0,814,https://i.ytimg.com/vi/W9ANf9P9twg/default.jpg
QtDVTB15kKI,サバイバルで削除されたアイテムをすべて集めてみた【マインクラフト/まいくら】Part59,2022-12-27T02:45:08Z,UCILZFnKZJksR7zwhZbAB4vw,れじぇくん,2023-01-04T00:00:00Z,793818,13403,0,702,https://i.ytimg.com/vi/QtDVTB15kKI/default.jpg
4gxnhZmY5Gg,米津玄師 2022年 変身の軌跡,2022-12-27T13:00:05Z,UCUCeZaZeJbEYAAzvMgrKOPQ,Kenshi Yonezu  米津玄師,2023-01-04T00:00:00Z,1155328,47026,0,1483,https://i.ytimg.com/vi/4gxnhZmY5Gg/default.jpg
szUbg1Yar5c,【3DLIVE】「別世界」/ Amane Kanata 3DLIVE Another world【#天音かなた3周年LIVE】,2022-12-27T13:03:12Z,UCZlDXzGoo7d44bwdNObFacg,Kanata Ch. 天音かなた,2023-01-04T00:00:00Z,648332,44668,0,807,https://i.ytimg.com/vi/szUbg1Yar5c/default.jpg
ZGGCZEw38Uo,【急遽開催】恋多き女と女子トークでぶっちゃけ話連発！！メイクしながら久々に女と喋ったわ〜の巻【これが女と言うやつか…】,2022-12-27T10:00:14Z,UC2656chrY5MdTQO2_II7yRg,まあたその「ほぼメインチャンネル」,2023-01-04T00:00:00Z,390396,9147,0,278,https://i.ytimg.com/vi/ZGGCZEw38Uo/default.jpg
qrUzAymrb5k,モンストニュースフラッシュ！【モンスト公式】,2022-12-28T03:00:07Z,UCd9BXPj-KcMTh0HiB-Vlb8A,モンスト（モンスターストライク）公式,2023-01-04T00:00:00Z,686437,10343,0,1263,https://i.ytimg.com/vi/qrUzAymrb5k/default.jpg
il59MhM1-wc,ウェーニバルというポケモン,2022-12-27T11:15:02Z,UCN23GrkNinNMul8a-GcFxWg,机上論者かねこ,2023-01-04T00:00:00Z,369557,4767,0,629,https://i.ytimg.com/vi/il59MhM1-wc/default.jpg
-5fmdwxjCHM,【マイクラ】モブをチェンソーマンに作り直すマインクラフト,2022-12-27T04:30:10Z,UCkSpqPQ5UICyghllG0e1osA,きのこなべ,2023-01-04T00:00:00Z,356715,3101,0,97,https://i.ytimg.com/vi/-5fmdwxjCHM/default.jpg
0jIpAPLbpt0,劇場版『名探偵コナン 黒鉄の魚影(サブマリン)』予告【2023年4月14日(金)公開】,2022-12-26T23:00:00Z,UCTDMT3aL30noTVFgNPA9XtQ,東宝MOVIEチャンネル,2023-01-04T00:00:00Z,1207946,0,0,1829,https://i.ytimg.com/vi/0jIpAPLbpt0/default.jpg
t1PFwO5-yx8,11月＆12月購入品紹介,2022-12-27T10:00:25Z,UCtfrtF3vDShe9C40i2pZ7qA,門りょうチャンネル,2023-01-04T00:00:00Z,242922,3492,0,134,https://i.ytimg.com/vi/t1PFwO5-yx8/default.jpg
1dOzIIge7xs,食べたら回答権！このお雑煮、どこの都道府県でしょう！？,2022-12-27T12:00:10Z,UCutJqz56653xV2wwSvut_hQ,東海オンエア,2023-01-04T00:00:00Z,2109580,32091,0,3363,https://i.ytimg.com/vi/1dOzIIge7xs/default.jpg
YMxQdHtQFGc,【MV】刀ピークリスマスのテーマソング2022 / ピーナッツくん,2022-12-25T15:00:26Z,UCmgWMQkenFc72QnYkdxdoKA,ピーナッツくん!オシャレになりたい!,2023-01-04T00:00:00Z,3428578,140716,0,9290,https://i.ytimg.com/vi/YMxQdHtQFGc/default.jpg
_1NuPFnuvEc,WayV 威神V 'Phantom' MV,2022-12-28T09:00:17Z,UCEf_Bc-KVd7onSeifS3py9g,SMTOWN,2023-01-04T00:00:00Z,3141063,424530,0,46844,https://i.ytimg.com/vi/_1NuPFnuvEc/default.jpg
j3BU_Dh0T0E,「Transparent Blue」リリース記念ライブ at クロス新宿ビジョン #Nornis新宿3Dライブ,2022-12-27T10:23:50Z,UCxWcO9CLti4uouUIS5IIF-Q,Nornis,2023-01-04T00:00:00Z,320219,15504,0,241,https://i.ytimg.com/vi/j3BU_Dh0T0E/default.jpg
fM3smgqKoQY,なにわ男子【2023年の目標…勝手に決めた】この中でキャンピングカー買う人います!?,2022-12-27T10:28:00Z,UCDtVdj7sm41Ysg3XSiSUH3w,なにわ男子,2023-01-04T00:00:00Z,690942,0,0,2161,https://i.ytimg.com/vi/fM3smgqKoQY/default.jpg
cNUwIhy8X3c,今だから話せること,2022-12-27T10:05:26Z,UC0elp2101KAxbaAMzInGerA,きりたんぽ,2023-01-04T00:00:00Z,357400,12447,0,703,https://i.ytimg.com/vi/cNUwIhy8X3c/default.jpg
qSKbsg_T7TY,【アニメ】片付けるときに左遷されたゲーム,2022-12-27T09:43:56Z,UC9YNcTF5HzHdq6l6J7JPY0g,いくとん,2023-01-04T00:00:00Z,640705,14000,0,767,https://i.ytimg.com/vi/qSKbsg_T7TY/default.jpg
P2nxJZpDaLs,Snow Man【緊急生配信決定】🎄メリクリ＆㊗️200万人突破～聖なる夜にみんなで祝いましょう!!!!!!!!!,2022-12-25T13:44:29Z,UCuFPaemAaMR8R5cHzjy23dQ,Snow Man,2023-01-04T00:00:00Z,2850303,0,0,3108,https://i.ytimg.com/vi/P2nxJZpDaLs/default.jpg
ZORtvKc_9yI,お騒がせしました汗ニューヨークの新居ルームツアーです！！,2022-12-26T10:00:14Z,UCdqmGeaJIczU3-ZTdBv7JaQ,kemio,2023-01-04T00:00:00Z,536052,15691,0,644,https://i.ytimg.com/vi/ZORtvKc_9yI/default.jpg
3fzhsrb0GVQ,転生したらセグレイブだった件【ポケモンSV】【ゆっくり実況】,2022-12-26T13:30:00Z,UCu0HaR1uI4R8gbdHnd5GWAQ,ぽへチャンネル,2023-01-04T00:00:00Z,712024,13715,0,1511,https://i.ytimg.com/vi/3fzhsrb0GVQ/default.jpg
HCD_Sswprdg,【本物はどっち？】あの頃のトミーと今のトミーでクイズ対決したら盛り上がりすぎたww,2022-12-26T11:00:14Z,UCpOjLndjOqMoffA-fr8cbKA,水溜りボンド,2023-01-04T00:00:00Z,605555,15342,0,850,https://i.ytimg.com/vi/HCD_Sswprdg/default.jpg
uiFC7tB1Zeo,【MV】ワイニーガール/あらなるめい,2022-12-26T11:00:25Z,UCypfL7H0xEW8vocZZAi3PAQ,あらなるめい公式,2023-01-04T00:00:00Z,721485,21078,0,1176,https://i.ytimg.com/vi/uiFC7tB1Zeo/default.jpg
u7rBhwaMGwM,百足 & 韻マン - 君のまま,2022-12-25T10:00:35Z,UCHSYWTPOLOypVaTHlYUzEDA,BETTOWNBOY,2023-01-04T00:00:00Z,1270835,49566,0,1364,https://i.ytimg.com/vi/u7rBhwaMGwM/default.jpg
BWKxIrTEf-k,【ひろゆき&成田悠輔】冨永愛の劣等感…アジア人の葛藤とは？【トップモデルの闘い】,2022-12-25T11:00:08Z,UC9KPuuwSyeNvVo26tf4mqPw,日経テレ東大学,2023-01-04T00:00:00Z,1563906,20293,0,1829,https://i.ytimg.com/vi/BWKxIrTEf-k/default.jpg
pF8YkgOt1as,1万円でクレーンゲーム総重量対決したらテンションがおかしくなったwww,2022-12-27T10:01:24Z,UCibEhpu5HP45-w7Bq1ZIulw,Fischer's-フィッシャーズ-,2023-01-04T00:00:00Z,1348878,22033,0,890,https://i.ytimg.com/vi/pF8YkgOt1as/default.jpg
DazkYRUN_kA,ホームラン王たちの打撃に密着🔥チーム帝京大集合🔥,2022-12-26T12:28:54Z,UCbXUEjBdbrn4BEbLSKJuSpw,貴ちゃんねるず,2023-01-04T00:00:00Z,724701,8207,0,493,https://i.ytimg.com/vi/DazkYRUN_kA/default.jpg
n5PzEm9R6x8,【雀魂】新春！にじさんじ麻雀杯2023　企画説明&抽選会【#にじさんじ麻雀杯】,2022-12-26T11:29:27Z,UCJubINhCcFXlsBwnHp0wl_g,舞元啓介,2023-01-04T00:00:00Z,436558,11142,0,107,https://i.ytimg.com/vi/n5PzEm9R6x8/default.jpg
RW-usgHwOEA,刀ピークリスマス2022,2022-12-25T15:08:42Z,UCv1fFr156jc65EMiLbaLImw,剣持刀也,2023-01-04T00:00:00Z,1179406,62031,0,1131,https://i.ytimg.com/vi/RW-usgHwOEA/default.jpg
Mk00Fj4AXxQ,ENHYPEN (엔하이픈) 2022 SBS 가요대전 ‘쩔어+Dance Break’ Practice,2022-12-26T10:00:04Z,UCArLZtok93cO5R9RI4_Y5Jw,ENHYPEN,2023-01-04T00:00:00Z,744424,86925,0,3139,https://i.ytimg.com/vi/Mk00Fj4AXxQ/default.jpg
cfrEx1Rca0Q,那須監督の決断。運命の選手面談。WINNER'Sという責任を持って。,2022-12-27T09:00:27Z,UCCkQD7wgH7F5vGWeFieSqfQ,eFootball チャンネル,2023-01-04T00:00:00Z,491843,3922,0,1121,https://i.ytimg.com/vi/cfrEx1Rca0Q/default.jpg
r0Q7-5RWJIE,2022年冬...7夜連続大型企画【冬のジャニーズJr.大運動会】開会式～1/7,2022-12-25T11:00:24Z,UC1cHlPIE-kqiPvpyYz2O8rQ,ジャニーズJr.チャンネル,2023-01-04T00:00:00Z,846858,0,0,3703,https://i.ytimg.com/vi/r0Q7-5RWJIE/default.jpg
AvU276wdzKQ,【期間限定】BE:FIRST「Shining One」| MTV LIVE MATCH 2022.05.29,2022-12-26T03:00:11Z,UCI6QAWnsHh_qz_rG40nc5_w,MTV Japan,2023-01-04T00:00:00Z,334730,16610,0,464,https://i.ytimg.com/vi/AvU276wdzKQ/default.jpg
PZPiWeUREBY,【テスラ#3】注文から２年が経った車はどうなってしまったの！？真相を確かめよう！！！,2022-12-26T11:00:11Z,UCigMkMDZjvLhXAQ67wKQIbA,ブラーボりょうのボンサバドゥ!チャンネル,2023-01-04T00:00:00Z,462736,5476,0,877,https://i.ytimg.com/vi/PZPiWeUREBY/default.jpg
oLRzOHUGNV0,【ハイライト】福岡第一(福岡) vs. 帝京長岡(新潟)｜高校バスケ ウインターカップ2022 男子準々決勝 メインコート（12月27日）,2022-12-27T07:01:01Z,UCQt2RdjoCYq3hvDmWX94VNQ,J SPORTS,2023-01-04T00:00:00Z,223218,620,0,132,https://i.ytimg.com/vi/oLRzOHUGNV0/default.jpg
mMsleR7nFYA,2022年 有馬記念（GⅠ） | イクイノックス | JRA公式,2022-12-25T07:09:46Z,UCj6AKkCWS6FJqf0o5wP45eQ,JRA公式チャンネル,2023-01-04T00:00:00Z,819013,7455,0,0,https://i.ytimg.com/vi/mMsleR7nFYA/default.jpg
KbKxym4tdGU,【日本サッカーNo.1司令塔】中村俊輔の生涯ベストイレブン作ってみた！,2022-12-25T10:01:10Z,UCQ1PA9Rj7x6ydublqYz_ZXA,那須大亮 / Daisuke Nasu,2023-01-04T00:00:00Z,853637,7156,0,427,https://i.ytimg.com/vi/KbKxym4tdGU/default.jpg
EtzOfNsreIw,【コスメ断捨離】1年で溜まりまくった※超大量※コスメを整理＆仕分け＆収納！！【2022年末大掃除】,2022-12-26T10:00:05Z,UCNIwy_Q7EjUxLlsewfuhjgg,YoshidaAkari,2023-01-04T00:00:00Z,261617,4216,0,219,https://i.ytimg.com/vi/EtzOfNsreIw/default.jpg
uKY3C7WfIII,【アニメ】年金の現実〜実際いくらもらえる？〜,2022-12-27T12:00:23Z,UCUTgXNqRBqR33D5q10DfQXw,テイコウペンギン,2023-01-04T00:00:00Z,235290,4135,0,473,https://i.ytimg.com/vi/uKY3C7WfIII/default.jpg
Ipwf7hTvqog,本気で作った最高のクリスマスプレゼントを贈ろう！【最終兵器俺達】,2022-12-25T07:00:05Z,UCg94A9An85nXCFSguNx3gYA,フジ工房,2023-01-04T00:00:00Z,626953,30615,0,1559,https://i.ytimg.com/vi/Ipwf7hTvqog/default.jpg
xOfHz0V_ozU,村元・高橋組　アイスダンス優勝【全日本フィギュア選手権2022】〈ノーカット〉,2022-12-25T01:20:02Z,UCayz9_-aTstZRoeeZxiPf6g,フジテレビ SPORTS,2023-01-04T00:00:00Z,1002449,8286,0,323,https://i.ytimg.com/vi/xOfHz0V_ozU/default.jpg
BPLCm_hlYZk,『コンテナ越えの名車の数々』大掃除を兼ねて店から旧車を出したらカウンセリングが必要だとわかりました！,2022-12-27T09:00:11Z,UCyPHqRbdXgBeyq1jSSmymKA,ガレヨコ『GARAGE YOKOHATA』,2023-01-04T00:00:00Z,301278,3470,0,117,https://i.ytimg.com/vi/BPLCm_hlYZk/default.jpg
t0G4eRIHzOI,【プレミアリーグ】注目のロンドンダービー!!🟥🟪 22/23シーズン第17節 アーセナル vs ウェストハム ハイライト,2022-12-27T03:00:15Z,UCJ-l-sMQFHogSy8KXRyMIRA,SPOTVNOW JAPAN ,2023-01-04T00:00:00Z,429226,3289,0,722,https://i.ytimg.com/vi/t0G4eRIHzOI/default.jpg
_XvzHdO7nrk,アニメ『うまゆる』第13話「うまゆるラップでプチョヘンザ」,2022-12-25T12:00:10Z,UCAWxPGGuIfWME2KTLUmSCHw,ぱかチューブっ!,2023-01-04T00:00:00Z,558634,17187,0,1538,https://i.ytimg.com/vi/_XvzHdO7nrk/default.jpg
GThlCwdD8So,【マインクラフト】鯖を駆け巡ってサンタ見つけろ【日常組】,2022-12-25T08:00:05Z,UCZFO75r8iYNI2XPmoFEG6ig,日常組,2023-01-04T00:00:00Z,1103919,32333,0,1546,https://i.ytimg.com/vi/GThlCwdD8So/default.jpg
dyA_eKuwbxc,【40歳独身】地獄の賞与・冬編【工場勤務】|  絶望のメリークリスマス,2022-12-26T11:00:10Z,UCPFBm_DrKHW9Rw98FYpxgxw,絶望ライン工ch,2023-01-04T00:00:00Z,491714,11084,0,989,https://i.ytimg.com/vi/dyA_eKuwbxc/default.jpg
Zt-zfUblcIw,【毎年恒例】クリスマスプレゼント交換会2022,2022-12-24T15:43:26Z,UCynIYcsBwTrwBIecconPN2A,東海オンエアの控え室,2023-01-04T00:00:00Z,1134998,18317,0,919,https://i.ytimg.com/vi/Zt-zfUblcIw/default.jpg
tKus5wPORhQ,12/26メダリストオンアイス 世界選手権 アイスダンス代表 村元哉中選手・高橋大輔選手組,2022-12-26T08:45:09Z,UCayz9_-aTstZRoeeZxiPf6g,フジテレビ SPORTS,2023-01-04T00:00:00Z,454243,3711,0,74,https://i.ytimg.com/vi/tKus5wPORhQ/default.jpg
KYa-aaD0E78,猫界の王「もちまる様」をメロメロにしました。,2022-12-25T11:00:16Z,UCMsuwHzQPFMDtHaoR7_HDxg,ゆきりぬ,2023-01-04T00:00:00Z,196680,4825,0,162,https://i.ytimg.com/vi/KYa-aaD0E78/default.jpg
RVLhFUSR5Sw,【ブライトン #22 三笘薫 ダイジェスト】プレミアリーグ 第17節 サウサンプトン vs ブライトン,2022-12-26T17:49:14Z,UCJ-l-sMQFHogSy8KXRyMIRA,SPOTVNOW JAPAN ,2023-01-04T00:00:00Z,812845,5453,0,1390,https://i.ytimg.com/vi/RVLhFUSR5Sw/default.jpg
fWG9DV-uuDc,ENHYPEN(엔하이픈) - 표정이 살아있는 무대 ＜쩔어 (BTS)♬＞  #SBS가요대전 #SBSenter,2022-12-24T11:52:07Z,UCmjNKt6kITwaZTqvWuaSPLg,SBS Entertainment,2023-01-04T00:00:00Z,1367126,97825,0,2981,https://i.ytimg.com/vi/fWG9DV-uuDc/default.jpg
eNag-8Yn7mc,一般人格付けチェックを4人でやれば余裕？,2022-12-24T06:00:19Z,UCWcEgYIOqq1BVr4Qm1sPuVg,あまり驚かないガッチマンはホラーゲームばかりやっている,2023-01-04T00:00:00Z,855393,17058,0,576,https://i.ytimg.com/vi/eNag-8Yn7mc/default.jpg
w2h_5yhJA1M,【ポケモンSV】色違い縛りでSVを攻略する旅#2(草&飛)～全イキリンコ・ミニーブ・カプサイジ・カイデン～【スカーレット・バイオレット】【ゆっくり実況】,2022-12-25T09:31:47Z,UCh5P9zcVDCyoa420uuR3jsg,タガヤスのポケモン,2023-01-04T00:00:00Z,479989,10941,0,1007,https://i.ytimg.com/vi/w2h_5yhJA1M/default.jpg
lcR8CBCW1bs,[EPISODE] 정국 (Jung Kook) FIFA World Cup 2022 Soundtrack ‘Dreamers’ MV Shoot Sketch - BTS (방탄소년단),2022-12-26T09:59:53Z,UCLkAepWjdylmXSltofFvsYQ,BANGTANTV,2023-01-04T00:00:00Z,5701878,712168,0,22512,https://i.ytimg.com/vi/lcR8CBCW1bs/default.jpg
LlorQQEn10s,🎄イブアンクリスマスデート🎄,2022-12-24T12:39:18Z,UCmZ1Rbthn-6Jm_qOGjYsh5A,イブラヒム【にじさんじ】,2023-01-04T00:00:00Z,638709,30268,0,1110,https://i.ytimg.com/vi/LlorQQEn10s/default.jpg
IMP3OAIMFAM,HANYU YUZURU - 『サザンカ』(SEKAI NO OWARI),2022-12-24T11:00:11Z,UChXVX37lFVqMfYWNsDvqhdQ,HANYU YUZURU,2023-01-04T00:00:00Z,901092,66962,0,19784,https://i.ytimg.com/vi/IMP3OAIMFAM/default.jpg
rboiHxBqdZk,[COVER] KIM CHAEWON - First Love (원곡 : Hikaru Utada),2022-12-23T15:00:03Z,UCs-QBT4qkj_YiQw1ZntDO3g,LE SSERAFIM,2023-01-04T00:00:00Z,4445026,295538,0,12082,https://i.ytimg.com/vi/rboiHxBqdZk/default.jpg
Gad0HRgMWGg,Mr.Children「Over」from 30th Anniversary Tour 半世紀へのエントランス - 2022.5.10 TOKYO DOME -,2022-12-24T09:00:06Z,UCXteDRy5qB0IjA8WPusCJ7w,Mr.Children Official Channel,2023-01-04T00:00:00Z,547132,16276,0,1132,https://i.ytimg.com/vi/Gad0HRgMWGg/default.jpg
pNCCwwQ0ogY,飯能市家族3人「ハンマーで耕すように」殺害…「スポーツも勉強もできる優等生」40歳男がなぜ？車傷つけトラブルがきっかけか,2022-12-26T11:03:33Z,UCoQBJMzcwmXrRSHBFAlTsIw,FNNプライムオンライン,2023-01-04T00:00:00Z,2071894,5156,0,4410,https://i.ytimg.com/vi/pNCCwwQ0ogY/default.jpg
LrFH-AqYIrw,【引退表明】歴代最強キッカー中村俊輔登場!!那須&KEIGOと現役最後のフリーキック対決!!,2022-12-24T10:01:07Z,UCQ1PA9Rj7x6ydublqYz_ZXA,那須大亮 / Daisuke Nasu,2023-01-04T00:00:00Z,508802,4821,0,259,https://i.ytimg.com/vi/LrFH-AqYIrw/default.jpg
0uccLMtZBNk,BUMP OF CHICKEN「SOUVENIR」 from BUMP OF CHICKEN TOUR 2022 Silver Jubilee,2022-12-24T07:00:00Z,UCOfESRUR5duQ2hMnTQ4oqhA,BUMP OF CHICKEN,2023-01-04T00:00:00Z,470573,15964,0,629,https://i.ytimg.com/vi/0uccLMtZBNk/default.jpg
gCgmala3NPg,Lostbelt No.7  黄金樹海紀行 ナウイ･ミクトラン 15秒TVCM（デイビットver.）,2022-12-24T07:48:41Z,UCXBgKqFxSjKADEuMLkc1Bpg,【公式】Fate/Grand Order チャンネル,2023-01-04T00:00:00Z,576110,9316,0,812,https://i.ytimg.com/vi/gCgmala3NPg/default.jpg
GLnP7V7mcxU,King & Prince 4ヶ月連続リリース決定,2022-12-24T14:00:11Z,UCSxwcQnzA5K6DvofvBn6ATA,King & Prince,2023-01-04T00:00:00Z,602626,0,0,2735,https://i.ytimg.com/vi/GLnP7V7mcxU/default.jpg
tH1FiTc0akA,サンタの正体が監督だった日のクリスマスルーティン。【野球部 寮生活】,2022-12-24T10:00:35Z,UCtBnofpvdI3Fbn6f7QclmYQ,あめんぼぷらす【日常コメディ】,2023-01-04T00:00:00Z,1023970,28489,0,2414,https://i.ytimg.com/vi/tH1FiTc0akA/default.jpg
GYSovxh_kUw,"ver,4.5AG完成　1万1千回転とは...エンジンチューニング（後半）ヘッド★4AG　86で筑波1分切りせよ！#９",2022-12-24T11:57:54Z,UCFtVzEblikHdro4J5HeMo4w,GUNMA-17,2023-01-04T00:00:00Z,339330,10452,0,567,https://i.ytimg.com/vi/GYSovxh_kUw/default.jpg
MMzPq3MdPIc,ブレイキングダウン出場者をボコしてしまい竹原も呆然……？,2022-12-24T09:00:16Z,UCQXwvYkiHyEfzV66-fols3w,竹原テレビ,2023-01-04T00:00:00Z,579371,2972,0,106,https://i.ytimg.com/vi/MMzPq3MdPIc/default.jpg
ZRlrH_N10aI,映画『THE FIRST SLAM DUNK』公開後PV　30秒 【絶賛上映中】,2022-12-23T09:00:16Z,UCLhgIX2L5ZCaWdlaxR_oTAg,東映アニメーション公式YouTubeチャンネル,2023-01-04T00:00:00Z,1275426,10512,0,1167,https://i.ytimg.com/vi/ZRlrH_N10aI/default.jpg
EYb3WWAo57o,5th LIVE Blu-ray & DVD「King & Prince First DOME TOUR 2022 〜Mr.〜」2023年1月18日発売,2022-12-24T14:10:31Z,UCl2aT0nRejTCQO_LHZAftBw,UNIVERSAL MUSIC JAPAN,2023-01-04T00:00:00Z,310032,0,0,0,https://i.ytimg.com/vi/EYb3WWAo57o/default.jpg
1IER5zt4R7w,【公式】アニメ「ポケットモンスター 遥かなる青い空」（見逃し配信）,2022-12-23T10:30:01Z,UC_SI1j1d8vJo_rYMV5o_dRg,ポケモン公式YouTubeチャンネル,2023-01-04T00:00:00Z,1301380,22248,0,0,https://i.ytimg.com/vi/1IER5zt4R7w/default.jpg
OhnF0kUMFwA,投手根尾誕生の真実。慎也さんから託された根尾。投手転向は僕もショックだった。宮本さんが惚れ込んだ理由,2022-12-24T11:53:08Z,UCKDNkN3a6zF1CyEJHBKmy-w,野球いっかん！,2023-01-04T00:00:00Z,350894,3144,0,238,https://i.ytimg.com/vi/OhnF0kUMFwA/default.jpg
EMxzAeBbKA8,アイスダンスRD　ハイライト　村元・高橋組【全日本フィギュアスケート2022】,2022-12-24T04:07:54Z,UCayz9_-aTstZRoeeZxiPf6g,フジテレビ SPORTS,2023-01-04T00:00:00Z,573703,6551,0,204,https://i.ytimg.com/vi/EMxzAeBbKA8/default.jpg
7YOJBfRb_Yg,Snow Man – 2022年を たーっぷり振り返る！(途中からカメラ担当：向井康二)【Mステ】,2022-12-23T09:42:15Z,UCStFsybJM6SjDFvcacVcanw,MUSIC STATION,2023-01-04T00:00:00Z,818706,38404,0,936,https://i.ytimg.com/vi/7YOJBfRb_Yg/default.jpg
kvl5eFImI08,【激ムズ】絵描きは「反転した色を想像して」イラスト描けるのか!?【ネガポジ反転お絵描き対決】,2022-12-24T09:00:07Z,UCuSRzuQayUyETYvmE-78eVQ,なつめさんち,2023-01-04T00:00:00Z,504881,15213,0,460,https://i.ytimg.com/vi/kvl5eFImI08/default.jpg
D5tLKAABh28,落合監督が「あいつら楽してる」と言い断行したコンバート。井端さん荒木さんの心情は？宮本さんが物申す,2022-12-23T12:00:09Z,UCKDNkN3a6zF1CyEJHBKmy-w,野球いっかん！,2023-01-04T00:00:00Z,562183,4284,0,290,https://i.ytimg.com/vi/D5tLKAABh28/default.jpg
QNzwrlyFTVA,【突撃】カジサックが結婚のお祝いをしてくれたので、待ち伏せして恩返し【合法侵入】,2022-12-23T09:02:35Z,UC24T2Vj2uSukiOwWcpG_9fA,極楽とんぼ山本圭壱 けいちょんチャンネル,2023-01-04T00:00:00Z,589082,11566,0,553,https://i.ytimg.com/vi/QNzwrlyFTVA/default.jpg
YD1UblIUEe4,[4K] NewJeans (뉴진스) -“Ditto” Band LIVE Concert │Ditto HOLIDAY BAND LIVE🎄 [it’s KPOP LIVE 잇츠라이브],2022-12-23T08:00:11Z,UCB9e3pof1o83aa0kkaoeJGA,it's Live,2023-01-04T00:00:00Z,6378882,332866,0,9910,https://i.ytimg.com/vi/YD1UblIUEe4/default.jpg
T8TKx5L4BI0,silent最終回翌日！あのカフェでプリン食べながらぶっちゃけ生配信！,2022-12-23T11:54:43Z,UCHi5HD9w9B-gI6Lbx43Rs7A,川口春奈オフィシャル はーちゃんねる,2023-01-04T00:00:00Z,1054706,18143,0,432,https://i.ytimg.com/vi/T8TKx5L4BI0/default.jpg
KCTMiWoXtlk,【歌ってみた】「ダンスホール」Mrs. GREEN APPLE【おんりー/ ドズル社】,2022-12-23T08:30:08Z,UC5l8bnxxl26Q5PDG_jawcuw,おんりー / ドズル社,2023-01-04T00:00:00Z,1049401,37443,0,2832,https://i.ytimg.com/vi/KCTMiWoXtlk/default.jpg
tfj80SHZ_mI,ハズレのポータルを選んだ結果！？【まいくら・マインクラフト】,2022-12-23T07:21:52Z,UCM3yhFc0-fBFuvqx1Vg2YNQ,まいぜんシスターズ,2023-01-04T00:00:00Z,1976147,42441,0,492,https://i.ytimg.com/vi/tfj80SHZ_mI/default.jpg
Vt_bBmILCYc,速報！新車購入！新しくバイクを買うことになりました…【独ヲタ女子アッキー】,2022-12-23T11:00:29Z,UCn7AW5MFKLCI9NvBh08uD6Q,久野静香です。,2023-01-04T00:00:00Z,510794,13309,0,643,https://i.ytimg.com/vi/Vt_bBmILCYc/default.jpg
XBCdWGgtk_o,日常組と協力？それは無理ならっだぁ、しにがみを蹴散らす【マインクラフト / 日常組コラボ】,2022-12-23T09:00:11Z,UClNdVSK1uy2xFHTaXZYXopw,らっだぁ,2023-01-04T00:00:00Z,797601,28132,0,546,https://i.ytimg.com/vi/XBCdWGgtk_o/default.jpg
e4X99CecWo4,高速道路パーキングエリア雪中車中泊 | 前乗り移動中に天候急変し退避 | 軽キャンピングカーインディ727,2022-12-24T09:31:28Z,UC9s5obQcNlZzuBTKqmRqHag,クーピーチャンネルCoupy Channel,2023-01-04T00:00:00Z,441441,5686,0,222,https://i.ytimg.com/vi/e4X99CecWo4/default.jpg
