L1NaSz18DQY,24,Fischer's|フィッシャーズ|チャレンジ|シルクロード|マッチョ|マサイ|ザカオ|ンダホ|ダーマ|モトキ|おもしろ|挑戦|SilkRoad|Dama|Ndaho|Zakao|Motoki|Masai|シルクの部屋|動画|投稿|面白|面白動画|やってみた|ウケる|爆笑|大爆笑|コント|一発芸|ギャグ|ネタ|楽しい|お笑い|笑える|オススメ|YouTube|youtuber|Japan|japanese|Vlog|腹筋崩壊|都市伝説|身体張る|スポーツ|講座|軍団|イケメン|ウオタミ|UUUM|ウーム|100分間|100|鬼ごっこ|本気|逃走|成功|逃走中|新世代|レジェンド|平成フラミンゴ|けーすけ|スペシャルモンスター|学校|エスポワール|スクワッド|ボンド|カンタ|10人ニキ|ブレイキングダウン|breaking down|夜のひと笑い|いちえ|こうくん|こーくん|ISSEI|すしらーめんりく|実験|タケヤキ|翔|マナル隊|カノックスター|リゼム|日本代表|森保|サッカー|japan|息子|おこさま|はなでん|はなお|水溜り|ニキ|すしりく|般若|ラップ|フリースタイル,False,False
6acnYvtBHdA,20,[None],False,False
w5ABTleA3zE,22,にじさんじ|Vtuber|furry|ケモノ|でびでび・でびる|anime|アニメ|japan|切り抜き|game|ゲーム|歌ってみた,False,False
WpyOwylZHwo,24,[None],False,False
qE-qFbEEqVI,17,カープ|carp|広島|広島カープ|UC41c53J_kGJk08kdN0xlVRA,False,False
YUI3Ap38kXc,22,銀魂|gintama|銀魂 THE FINAL|THE FINAL|空知英秋|空知|ゴリラ|ジャンプ|眼鏡|メガネ|万事屋|坂田銀時|志村新八|神楽|定春|エリザベス|真選組|新選組|高杉|万屋|土方|近藤|沖田|松陽|杉田智和|釘宮理恵|阪口大助|中井和哉|千葉進歩|鈴村健一|石田彰|子安武人|山寺宏一|紅桜|アニメ|漫画|完結篇|終わる終わる詐欺|宮脇千鶴|藤田陽一|高松信司|SPYAIR|DOES|前川貴史|樋口弘光|大西恒平,False,False
Ul1vN-Twj24,24,西谷大成|朝倉未来|rizin|朝倉未来1年チャレンジ|格闘技|総合格闘技|deep|切り抜き|朝倉未来切り抜き|mma|三崎優太|青汁王子|ガチの朝倉未来|朝倉未来rizin|あさくらみらい|朝倉未来スパーリング|朝倉未来メンバー|朝倉未来街の喧嘩自慢|朝倉未来格闘技|mma news|mmaの大ファン|ハイライト|ふわっとmikuruチャンネル|breaking down オーディション|breakingdown|こめお|ブレイキングダウン|breaking down|breaking down 井原涼|ヒロヤ|第5回ブレイキングダウン|ブレイキングダウン5|朝倉海|ブレイキングダウン 女子|第5回breakigdown|オーディション|breaking down5|hiroya|朝倉兄弟|近藤大耶|Breaking Down6|yushi 入場|yushi rizin|倉本大悟|日枝神社|トライフォース赤坂|日枝神社 エスカレーター|階段トレーニング 秋山|階段トレーニング 効果|生田配水池 階段 トレーニング|生田配水池,False,False
ykDXfULLW6w,20,実況|ふうはや|マイクラ|マインクラフト|サバイバル|チェンソーマン|悪魔,False,False
Bg4ueZ6s1Bc,20,ゲーム|ちろぴの|マイクラ|マインクラフト|ゲーム実況|まいくら|のりぽん|へそ丸太,False,False
e5b_izGRoEU,24,タイムマシーン3号|山本浩司|関 智大|太田プロ|お笑い|芸人|ネタ|コント|漫才|単独,False,False
UHXSfWeA1iE,20,兎田ぺこら|ホロライブ|歌ってみた|大神ミオ|Vtuber|ホロライブゲーマーズ|ゲーム実況|実況|VTuber|バーチャルYouTuber|VR|白 上フブキ|湊あくあ|赤井はあと|ときのそら|ロボ子さん|夜空 メル|大空スバル|夏色まつり|さくらみこ|百鬼あやめ|ア キ・ローゼンタール|戌神ころね|猫又おかゆ|紫咲シオン|潤羽るしあ|不知火フレア|白銀ノエル|宝鐘マリン|hololive|白上フブキ|夜空メル|アキ・ローゼンタール|ホロアニメ|3D|ホログラ|AZKi|星街すいせい|天音かなた|桐生ココ|姫森ルーナ|角巻わため|常闇トワ,False,False
LGA0rz4xNQE,20,マイクラアニメ|マイクラ|マインクラフト|アニメ|すまない|すまない先生|ゾンビ,False,False
Ix4iIjf1900,22,[None],False,False
G8miwb2G86A,24,あいり|Airi|おすすめ|オススメ|アラサー|アラフォー|アラフィフ|20代|30代|40代|50代,False,False
_ZAgIHmHLdc,10,HYBE|HYBE LABELS|하이브|하이브레이블즈,False,False
wUr3w1KyyLs,22,[None],False,False
79JakBHwEYI,2,独ヲタ|アッキー|dokuota|akkie|謹賀新年,False,False
gPDKO0JtgO8,20,実況プレイ|ガッチマン|ホラーゲーム|キヨ|牛沢|レトルト|TOP4|ルドー|世界のアソビ大全51,False,False
BtNnX6yEx0w,24,西谷大成|朝倉未来|rizin|朝倉未来1年チャレンジ|格闘技|総合格闘技|deep|切り抜き|朝倉未来切り抜き|mma|三崎優太|青汁王子|ガチの朝倉未来|朝倉未来rizin|あさくらみらい|朝倉未来スパーリング|朝倉未来メンバー|朝倉未来街の喧嘩自慢|朝倉未来格闘技|mma news|mmaの大ファン|ハイライト|ふわっとmikuruチャンネル|breaking down オーディション|breakingdown|こめお|ブレイキングダウン|breaking down|ヒロヤ|第5回ブレイキングダウン|ブレイキングダウン5|朝倉海|ブレイキングダウン 女子|オーディション|井原涼|hiroya|朝倉兄弟|ブレイキングダウン６|breaking down6|Breaking down 煽り|横田一典|牛久絢太郎|横田一則|伊澤星花|breaking down 7|ブレイキングダウン７|ブレイキングダウン|オーディション|近藤優太|ヒロヤの兄|樋口武大|アウトサイダー,False,False
PpznJj8ZXMY,17,SPFL|SPFL Highlights|Scottish football highlights|scottish football goals|Scottish Premiership|Scottish Premiership highlights|Kyogo Furuhashi|Furuhashi celtic|celtic|celtic v rangers|rangers v celtic|Daizen Maeda|maeda|old firm|old firm derby|scottish premiership|Furuhashi,False,False
ldrs5LvtNBw,26,就活|キャリア|動画制作|ビジネス,False,False
6eGtXwrqx3s,24,あいり|Airi|おすすめ|オススメ|アラサー|アラフォー|アラフィフ|20代|30代|40代|50代,False,False
B8goiPnjFZM,22,外国人|外国人日本食|日本食反応|外国人日本食反応|日本食食べてみた|外国人日本反応|外国人日本|海外日本食反応|海外日本|外国日本食反応|英語|英会話|英語勉強|リスニング|アメリカ英語|英語聞き取り|日本|東京グルメ|グルメ|Japanese food|food|trying food|trying Japanese food|japanese|eating show|eating food|tokyo|tokyo food|japan|japan food|食|食レポ|食レポ英語|美味しい|海鮮|外国人|海鮮反応|外国人|居酒屋|反応|海外|海鮮料理|反応|japanese seafood|seafood|trying seafood|海鮮料理|食べてみた|外国人|海鮮居酒屋|外国人|初めての|居酒屋|外国人|初めての日本食|外国人|日本食|食べてみた|海外|日本食|反応|外国人|初めての|和食|海外|和食|反応,False,False
QdIMp-LexAE,24,[None],False,False
XjEZWjpZZ00,17,プロ野球|野球|阪神|横浜DeNA|中日|巨人|名球会|UC9ycDcfxt5ge3hUFfnqnQ9Q|谷繁元信|工藤公康|宮本慎也|佐々木主浩|藤川球児|WBC|スワローズ|大谷翔平|ダルビッシュ,False,False
NLIbYe4wGR8,20,中村悠一|声優|VOICEACTOR|アニメ|ゲーム|ドライブ|安元洋貴|杉田智和,False,False
134v_3457DQ,24,Fischer's|フィッシャーズ|野生児|MASAI.|無謀|自然|チャレンジ|シルクロード|マッチョ|マサイ|ぺけたん|ザカオ|ンダホ|ダーマ|モトキ|おもしろ|挑戦|SilkRoad|Dama|Peketan|Ndaho|Zakao|Motoki|Masai|シルクの部屋|毎日|動画|投稿|面白|面白動画|やってみた|ウケる|爆笑|大爆笑|コント|一発芸|ギャグ|ネタ|楽しい|お笑い|笑える|オススメ|商品紹介|YouTube|youtuber|Japan|japanese|Blog|Vlog|腹筋崩壊|抱腹絶倒|都市伝説|身体張る|スポーツ|講座|ビログ|ビデオブロガー|大学生|軍団|イケメン|ウオタミ|UUUM|ウーム|メイキング|和装|着物|山本亭|葛飾区|２０２３,False,False
5xrl17uPY3s,17,MLB|メジャーリーグ|女子ホッケー|女子フットサル|WAP|EPL|プレミアリーグ|SPFL|スコティッシュプレミアシップ|3x3.EXE|女子Fリーグ|マンチェスターシティ|マンチェスターユナイテッド|チェルシー|リヴァプール|アーセナル|トッテナム|ブライトン|レスター|ニューカッスル|ウェストハム|エヴァートン,False,False
m1nbCNDr9GA,20,ポピープレイタイム|コロンボさん|マミーロングレッグス|コロンボ3|レインボーフレンズ|レッド|ブルー|イエロー|パープル|グリーン,False,False
VbeICDAtCDU,25,ニュース|UC8XBizOfQBLUrUcv_9DHCog|THE PAGE（ザ・ページ）|気になるニュースをわかりやすく|ヤフー|Yahoo!,False,False
vSAYBNOsHLY,22,JO1|INI|LAPONE|ラポネ|與那城奨|川尻蓮|白岩瑠姫|河野純喜|佐藤景瑚|川西拓実|木全翔也|大平祥生|鶴房汐恩|金城碧海|豆原一成|西洸人|池﨑理人|尾崎匠海|木村柾哉|後藤威尊|佐野雄大|許豊凡|髙塚大夢|田島将吾|藤牧京介|松田迅,False,False
kbIbp2fUVzA,10,SixTONES|ストーンズ|johnny’s|johnnys’|johnny’s Jr.|Johnnys’ Jr.|ジャニーズJr.|ジャニーズJr.チャンネル|滝沢秀明|タッキー|ジェシー|京本大我|松村北斗|髙地優吾|森本慎太郎|田中樹|Jesse|Taiga Kyomoto|Hokuto Matsumura|Yugo Kochi|Shintaro Morimoto|Juri Tanaka|YouTubeアーティストプロモ,False,True
mnP0MTriKGA,24,岡田を追え‼|西麻布|港区|料理|密着|お笑い芸人|お笑い,False,False
zJYkSoNUGko,25,産経新聞|sankei,True,False
5s1WqwcSqOo,20,中村悠一|声優|VOICEACTOR|アニメ|ゲーム|ドライブ|安元洋貴|杉田智和,False,False
xfon1W9BCVs,24,hololive|ホロライブ|VTuber|バーチャルYouTuber|VR|兎田ぺこら|2023|new year|新着|新年|うさぎ|うさぎ年|兎年|卯年|正月|元日|元旦|新春,False,False
arrzlSPRxaA,1,アニメタイムズ|AnimeTimes,False,False
JAaTvAZg5io,24,丸山礼|芸人|まるやまれい|ものまね|モノマネ,False,False
fsx-jFhwpVc,25,ニュース|UC8XBizOfQBLUrUcv_9DHCog|THE PAGE（ザ・ページ）|気になるニュースをわかりやすく|ヤフー|Yahoo!,False,False
tUCT82t1Y8Q,22,got the beat|갓더비트|보아|boa|소녀시대|girls' generation|snsd|태연|taeyeon|효연|hyoyeon|hyo|레드벨벳|red velvet|슬기|seulgi|웬디|wendy|에스파|aespa|카리나|karina|윈터|winter|girls on top|stamp on it|choreography|stage|video|dance|스탬프온잇|안무|무대|라이브|smcu|smtown|2023,False,False
BvDTxmD1V0c,2,乗り物|自動車|緊急車両|Police car|Responding|白バイ|天皇皇后両陛下|motorcade,False,False
6MY7POeJqDE,28,PC|パソコン|自作|自作PC|自作パソコン|DIY|ジャンク,False,False
kOWIU_8iMdA,25,堀江貴文|ホリエモン|堀江|貴文|寺田有希|Takafumi|Horie,False,False
boGWCr8SHfk,24,Vtuber|犬山たまき|佃煮のりお|のりプロ|バーチャルYouTuber,False,False
5X0moXhywRI,1,中村悠一|マフィア梶田|4Gamer|大川ぶくぶ|わしゃがな|わしゃがなTV|わしゃ生|声優|ライター|ゲーム|漫画家|実況|ゲーム実況|ホビー|お菓子|バイク|ガンダム|GUNDAM|Card|カード|開封|opened|お正月|TCG|バトレイヴ|サンライズ|SUNRISE|バンダイ|bandai|対戦|バトル|フュージョン戦記ガンダムバトレイヴ|トレーディングカードゲーム|2008年|モビルスーツ|MS,False,False
UQVSXRKMcTw,24,あいり|Airi|おすすめ|オススメ|アラサー|アラフォー|アラフィフ|20代|30代|40代|50代,False,False
JDiH4MlxTYY,24,国際カップル|カップルチャンネル|外国人|外国人の反応|海外の反応|ボンソワールtv|文化の違い|アマンディーヌ|フランス人|国際家族|スイーツ|ケーキ|洋菓子|食レポ|フランス人母|ショートケーキ,False,False
keFRueltLIU,1,東京リベンジャーズ|東京リベ|東京卍リベンジャーズ|東京卍會|少年マガジン|東リベ|タケミチ|マイキー|佐野万次郎|三ツ谷|場地圭介|場地|松野千冬|千冬|乾青宗|イヌピー|九井一|ココ|イヌココ|八戒|柴八戒|柴太寿|太寿|柴柚葉|林勇|花江夏樹|榎木淳弥|杉田智和|小松未可子|新祐樹|松岡禎丞|畠中祐|ブラックドラゴン|聖夜決戦編|聖夜決戦|黒龍|ドラケン|狩野翔|ヒゲダン|髭男|Official髭男dism|ホワイトノイズ|OP|オープニング|アニメ|東卍,False,False
YGx5fcgEuwA,10,[None],False,False
_uGCpcnC0Jw,24,[None],False,True
ZubamqgRvEA,22,樋口武大|アウトサイダー|breakingdown|breakingdown.7|ブレイキングダウン,False,False
Qttwf5FBOyQ,24,ホモサピ|野食|サバイバル|昆虫|キャンプ,False,False
ISe6dVuRKOc,20,マイクラ|マインクラフト|Minecraft|マイクラ 実況|マインクラフト 実況|Minecraft 実況|マイクラ ゲーム実況|マインクラフト ゲーム実況|Minecraft ゲーム実況|ゲーム実況|カズクラ|カズゲームズ|カズ|Kazu|Game|Gaming,False,False
lCFoHnxeSHM,24,[None],False,False
n-fzN8-i3Qc,10,hololive|ホロライブ|vtuber|VTuber|ホロカウントダウン,False,False
XVziET64tvs,17,ABEMA|AbemaTV|アベマ|あべま|abema|RIZIN|RISE|K-1|朝倉未来|那須川|那須川天心|武尊|クレベル・コイケ|牛久|皇治|平本蓮|ドミネーター,False,False
A-X6Pk1iJsc,17,[None],False,False
OBQKgq4uj1s,17,デイリースポーツ|中村|伸介|真介|ムタ中邑|ムタ中村,False,False
LOUmFrN_TsY,2,あかでみっく|AMC|放課後|アカデミック|杏仁さん|卒業|進化|顔だし|分岐点,False,False
HnvFX4ebKlI,20,舞元啓介|まいもとけいすけ|maimotokeisuke|にじさんじ|nijisanji|Vtuber|anime|アニメ|japan|切り抜き|雑談|game|ゲーム|実況|舞元力一,False,False
vUgPGYbWYIA,20,[None],False,False
EnczEo7T0ic,20,舞元啓介|まいもとけいすけ|maimotokeisuke|にじさんじ|nijisanji|Vtuber|anime|アニメ|japan|切り抜き|雑談|game|ゲーム|実況|舞元力一,False,False
nn8FMxYaD0I,24,[None],False,False
AHzJeiNc4XU,20,中村悠一|声優|VOICEACTOR|アニメ|ゲーム|ドライブ|年越し|安元洋貴,False,False
yNJTyXNAJl0,20,[None],False,False
d7bu8XjPnnk,24,ARuFa|謎解き|年越し|熊,False,False
yQI-7GIKN7I,10,[None],False,False
Mau0J2gwv7o,20,[None],False,False
UAJ87dVVGQY,20,ゲーム|Game|実況|実況プレイ|実況プレイ動画|実況動画|ゲーム実況|ゲーム実況動画|ぺいんと|死神|クロノア|トラゾー|しにがみ,False,False
eJP4W46Ax5c,20,ポケモン|ゆっくり実況|スカーレット|バイオレット|SV|スカバイ|攻略|ストーリー|イロチ旅|縛り|色旅|色違い|色証,False,False
Km71Rr9K-Bw,22,NewJeans|뉴진스|민지|하니|다니엘|해린|혜인|뉴진스 민지|뉴진스 하니|뉴진스 다니엘|뉴진스 해린|뉴진스 혜인|MINJI|HANNI|HAERIN|HYEIN|NewJeans MINJI|NewJeans HANNI|NewJeans HAERIN|NewJeans HYEIN|DANIELLE|NewJeans DANIELLE,False,False
PyFd6-s4Ttc,10,SixTONES|ストーンズ|johnny’s|johnnys’|johnny’s Jr.|Johnnys’ Jr.|ジャニーズJr.|ジャニーズJr.チャンネル|滝沢秀明|タッキー|ジェシー|京本大我|松村北斗|髙地優吾|森本慎太郎|田中樹|Jesse|Taiga Kyomoto|Hokuto Matsumura|Yugo Kochi|Shintaro Morimoto|Juri Tanaka|YouTubeアーティストプロモ,False,True
a6kHv-GSMCI,20,バンダイナムコ|バンナム|876|876TV|BNE|バンダイナムコエンターテインメント|BANDAINAMCO|BANNAM|ばんなむ|ばんだいなむこ|ばんだいなむこえんたーていんめんと|バンナムTV|ワンピース|ONEPIECE|ONE PIECE|バウンティラッシュ,True,True
Fbwf-aIaV1E,24,[None],False,False
753JuY9sV4k,24,丸山礼|芸人|まるやまれい|ものまね|モノマネ,False,False
Scm1-s9dqGQ,24,[None],False,False
SszP3hlQ55Y,10,KQ|케이큐|에이티즈|ATEEZ|HONGJOONG|SEONGHWA|YUNHO|YEOSANG|SAN|MINGI|WOOYOUNG|JONGHO|홍중|성화|윤호|여상|민기|우영|종호|에이티즈 영상|에이티즈 세계관|에이티즈 티저|ATEEZ 티저|KPOP Music video|ATEEZ MV|ATEEZ TEASER|KQ엔터테인먼트|KQ Entertainment|에이티즈 더월드 시리즈 뮤비|에이티즈 뮤비|에이티즈 뮤직비디오|에이티즈 할라티즈|ATEEZ HALATEEZ|HALAZIA|할라지아|ATEEZ 스핀오프|에이티즈 스핀오프|ATEEZ SPINOFF|에이티즈 할라지아 티저|에이티즈 할라지아|에이티즈 뮤비 티저|에이티즈 스핀오프 티저|할라지아 뮤비|할라지아 뮤직비디오|에이티즈 할라지아 뮤직비디오,False,False
rbJ_MIfE734,20,実況|ちろる|ぴの|ちろぴの|スマホゲーム|マリオ|まりお|スーパーマリオ|クッパ|フューリーワールド|スーパーマリオ 3Dワールド|ルイージ,False,False
DsE-tboxRNg,24,NHK紅白|NHK紅白歌合戦|紅白歌合戦|紅白歌合戦2022|紅白|第73回NHK紅白歌合戦|NHK|LE SSERAFIM,True,False
-_VzPpAl_94,10,[None],False,False
FGGbV5o-btA,10,[None],False,False
Mjr47ikehQE,20,BOYS PLANET|CJ100|Hear I Am|K-POP|Mnet|난 빛나|보이즈플래닛|엠넷|케이팝|티빙에서스트리밍,False,False
NxilXjBOGfo,23,[None],False,False
yKkVyQfMjK8,29,GUNMA-17|本庄サーキット|サーキット|エンジン|馴らし|メンテナンス|AE86,False,False
WddrQBVumnM,24,[None],False,False
OgBwEszrNOU,24,[None],False,False
H1vaw9sR65U,24,ろふまお|ROF-MAO|剣持刀也|加賀美ハヤト|不破湊|甲斐田晴|にじさんじ|VTuber|バーチャルYouTuber|nijisanji|闇鍋|忘年会|鍋パ,False,True
k1T6vBBrZXo,10,Snow Man|スノーマン|岩本 照|Hikaru Iwamoto|深澤 辰哉|Tatsuya Fukazawa|ラウール|Raul|渡辺 翔太|Shota Watanabe|向井 康二|Koji Mukai|阿部 亮平|Ryohei Abe|目黒 蓮|Ren Meguro|宮舘 涼太|Ryota Miyadate|佐久間 大介|Daisuke Sakuma|アクロバット,False,True
2eOg5DoYuwU,10,[None],False,False
ocg6c-sLuUU,20,マイクラアニメ|マイクラ|マインクラフト|アニメ|すまない|すまない先生|7days|映画|ゾンビ,False,False
wd_9qQG3KAk,10,SixTONES|ストーンズ|johnny’s|johnnys’|johnny’s Jr.|Johnnys’ Jr.|ジャニーズJr.|ジャニーズJr.チャンネル|滝沢秀明|タッキー|ジェシー|京本大我|松村北斗|髙地優吾|森本慎太郎|田中樹|Jesse|Taiga Kyomoto|Hokuto Matsumura|Yugo Kochi|Shintaro Morimoto|Juri Tanaka|YouTubeアーティストプロモ,False,True
HOS7GPBvFY8,24,スニーカー|Sneaker|GQ|GQ JAPAN|ファッション|メンズ|スタイル|東京|TOKYO|Japanese Fashion|クルマ|BE:FIRST instagram|BE:FIRST twitter|BE:FIRST official|BE:FIRST gq|BE:FIRST gq japan|10 Essentials GQ|10 Essentials BE:FIRST|10 Essentials|ビーファースト インスタ|ビーファースト ツイッター|ビーファースト オフィシャル|ビーファースト|ビーファースト ジーキュー|ビーファースト ジーキュージャパン|10 エッセンシャルズ ジーキュー|10 エッセンシャルズ ジーキュージャパン|10 エッセンシャルズ ビーファースト|CNE-JP|プレイリスト ビーファースト|プレイリスト BE:FIRST|プレイリスト,False,False
LZOza5sruHk,24,YOSHIKI|YOSHIKIオーディション|オーディション|ボーイズグループ|バンド|前代未聞|無敵|日テレ|Hulu,False,False
HCtBjFTvcBI,20,星川サラ|ほしかわさら|horikawasara|にじさんじ|nijisanji|Vtuber|anime|アニメ|japan|切り抜き|雑談|game|ゲーム|実況|歌ってみた|カバー|ぶいすぽ|空澄セナ,False,False
y7NebNpI2-8,2,久野静香|久野|久野アナ|女子アナ|日本テレビ|日テレ|ktm|duke|390duke,False,False
w7WzF3jzTzU,17,[None],False,False
AtmnPbjTz4E,10,the first take|first take|ファーストテイク|ファステク|一発撮り|緊張感|COLORS|DSCVR|Tokyo sounds|lute|tiny desk|NiziU|Make you happy|ニジュー|니쥬|WithU|Blue Moon|ブルムン|ブルームーン,False,False
eWeSqrRk-gs,10,優里|ゆうり|yuuri|ユウリ|Yuuri|ドライフラワー|かくれんぼ|TikTok|米津玄師|あいみょん|菅田将暉|ONE OK ROCK|RADWIMPS|野田洋二郎|BUMP OF CHICKEN|YOASOBI|KingGnu|Official髭男dism|マカロニえんぴつ|Ado|藤井風|back number|BTS|日本人最速|Billboard年間1位|first take|ファーストテイク|クリスマス|クリスマスイブ|クリスマス・イブ|冬|ハイブリッド|壱|いち|ハイブリッドシンガーソングライター|シンガーソングライター|アフターストーリー|鬼ごっこ|レオ|シャッター|ベテルギウス|犬|7億回再生|3億回再生|カラオケ年間1位|DAM|JOYSOUND|オリコン年間1位|TXT|ENHYPEN|劇場アニメ|かがみの孤城|主題歌|メリーゴーランド|當真あみ|こころ|鏡|城|本屋大賞|ブルボン|カルピスウォーター|大河ドラマ,False,False
dFteCbn1Znc,17,[None],True,False
xlfOXrhuktk,17,野球部あるある|リアル|ルーティン|routine|モーニングルーティン|高校野球|あめんぼぷらす|あめんぼぷらすぽーつ|アメンボプラス|日常|コメディ|コント|下宿|監督,False,False
xBFekI_T9vk,24,きしたかの,False,False
DmsV-Oo3b6Y,24,捌き方|料理|釣り|かねこ|さばき|さかな|きまぐれクック|SASHIMI|刺身|塩焼き|煮つけ|fishing|fish|Japanese food,False,False
1JAbjmbdqtU,17,ブカピ|ぶかぴ|部活|バスケ|ウインターカップ|ラストミーティング|なえなの|ともやん|高校バスケ|インターハイ|福岡第一|開志国際|井手口孝|轟琉維,False,False
QKsYrsDhyWE,24,朝倉未来|ヒカル|nontitle|ノンタイトル|ドキュメンタリー|番組|オーディション|クラウドファンディング,False,False
pfnAvG6lDT4,20,フォートナイト|Fortnite|ねこくん|新武器|アジア1位|プロゲーマー,False,False
8suEuDClf7s,24,[None],False,False
PxSOLqt-LmQ,10,King & Prince|平野紫耀|Hirano Sho|永瀬廉|Nagase Ren|髙橋海人|Takahashi Kaito|岸優太|Kishi Yuta|神宮寺勇太|Jinguji Yuta|ジャニーズ|Johnnys|キンプリ|きんぷり|KP|King|Prince|キングアンドプリンス|きんぐあんどぷりんす|Dance|ダンス|MV|Music Video|LIVE|Mr,False,True
pLTFpuTsL_8,10,SKY-HI|スカイハイ|すかいはい|日高|ヒダカ|ひだか|日高光啓|HIPHOP|ヒップホップ|RAP|ラップ|MITSUHIRO HIDAKA|THEFIRST|ザファースト|BMSG|BEFIRST|ビーファス|ビーファ|ﾋﾞｰﾌｧ|ビーエムエスジー|びーえむえすじー|BE:FIRST|ツアー|Aile The Shota|JUST BREATHE|3RACHA|Stray Kids|Novel Core|THE DEBUT|Happy Boss Day|LIVE|豊洲PIT|Hulu|JUNON|ジュノン|LEO|レオ|Tiger Style|タイガースタイル|寅年|とらどし|干支,False,False
6nZv4Dgrt_A,24,渡会雲雀|わたらい|ひばり|わたらいひばり|wataraihibari|にじさんじ|エニカラ|Vtuber|anime|アニメ|japan|切り抜き|歌ってみた|ゲーム|実況|雑談|神っぽいな|ピノキオピー,False,False
78LM7AyE6-g,10,에스쿱스|정한|조슈아|호시|원우|우지|디에잇|민규|도겸|승관|버논|디노|SCOUPS|JEONGHAN|JOSHUA|JUN|HOSHI|WONWOO|WOOZI|THE 8|MINGYU|DK|SEUNGKWAN|VERNON|DINO|세븐틴|SEVENTEEN|セブチ,False,False
CuKDXhCvQ1U,20,モンスト|モンスト公式|モンスターストライク|Monster Strike|モンストニュース|モンスト最新|獣神化|怪物彈珠|彈珠爆新聞|最新情報|モンストの日|モンストア|獣神化・改|ヤクモ|ヤクモ：大荒神武装|ヤクモ：巫女姫霊装|アミダ|アリババ|超・獣神祭|ハービセル|浄玻璃鏡|ガラティーン|ハーメルン・パイプ|KANA-BOON|ゆくモンくるモン'22→'23 ～Music Night～,False,False
IBeQ1UcP1BU,24,タケヤキ|衝撃|面白|コメディ|ユーチューバー|YouTuber|都市伝説|大食い|ラトゥラトゥ,False,False
HG9IHCfEz9o,17,JRA|日本中央競馬会|競馬|GⅠ|GⅡ|GⅢ|レース|乗馬|競走馬|WINS|JpnⅠ|重賞|J・GⅠ|J・GⅡ|J・GⅢ|ホープフルステークス|ホープフルS|ファントムシーフ|ハーツコンチェルト|シーウィザード|セレンディピティ|フェイト|グリューネグリーン|ボーンイングランデ|トップナイフ|セブンマジシャン|ガストリック|ドゥラエレーデ|モンドプリューム|ヴェルテンベルク|ジェイパームス|キングズレイン|スカパラダイス|ジュンツバメガエシ|ミッキーカプチーノ|福永 祐一|松山 弘平|浜中 俊|武 豊|坂井 瑠星|M.デムーロ|斎藤 新|横山 典弘|C.デムーロ|三浦 皇成|B.ムルザバエフ|横山 和生|横山 武史|D.イーガン|C.ルメール|今村 聖奈|石川 裕紀人|戸崎 圭太,True,False
4MzgokAuNcI,24,#中田敦彦|#オリエンタルラジオ|#オリラジ|#RADIOFISH|歴史|世界史|日本史|授業|勉強|受験|教育|自己啓発|講演|エクストリーム授業|経済|ビジネス|文学|現代社会|成功|哲学|教育系|PROGRESS|お金|XENO|経営|YouTube大学|偉人|芸術|日本|東京|JAPAN|TOKYO|心理|人間関係|コミュニケーション|成長|政治|時事|社会|ニュース|健康|テクノロジー|漫画|アニメ|医学|WinWinWiiin|仕事|投資|シンガポール,False,False
9ovbOpXUg08,23,[None],False,False
iXK-_7G8MKU,22,[None],False,False
lSQMiBTBUOI,10,TWICE|トワイス|トゥワイス|ナヨン|ジョンヨン|モモ|サナ|ジヒョ|ミナ|ダヒョン|チェヨン|ツウィ|K-POP|TT|Official Music Video|ONCE,False,False
9TXicPIXsTU,24,[None],False,False
ZOB2LoSxKuE,22,スカイピース,False,False
W9ANf9P9twg,20,マイクラ|マインクラフト|まいくら|Minecraft|ぽぴんず|ポッピンズ|ポピンズ,False,False
QtDVTB15kKI,20,ゲーム実況|れじぇくん|レジェクン|rejekun|reyekun|A2_ALEX_REYES|面白|爆笑|フォートナイト|Fortnite|Chapter2|チャプター2|マウス|キーボード|最強|建築|初心者|バトロワ|ビクロイ|攻略|チャレンジ|ミッション|神回|無双|スキン|神業|神技|ふぉーとないと|fo-tonaito|裏技|エイム|AIM|勝ち方|大量|検証|限定|れいじくん|れじゃくん|シーズン8|Season8,False,False
4gxnhZmY5Gg,10,米津玄師|ハチ|Kenshi Yonezu|HACHI|オリジナル|ORIGINAL|REISSUE RECORDS,False,False
szUbg1Yar5c,20,ホロライブ|hololive|ホロライブゲーマーズ|歌ってみた|ゲーム実況|実況|バーチャルyoutuber|Vtuber|VTuber|バーチャルYouTuber|VR|3D|ときのそら|ロボ子さん|夜空メル|アキ・ローゼンタール|赤井はあと|白上フブキ|夏色まつり|湊あくあ|紫咲シオン|百鬼あやめ|癒月ちょこ|大空スバル|大神ミオ|さくらみこ|猫又おかゆ|戌神ころね|兎田ぺこら|潤羽るしあ|不知火フレア|宝鐘マリン|白銀ノエル|AZKi|星街すいせい|角巻わため|天音かなた|桐生ココ|常闇トワ|姫森ルーナ|PP天使|amane kanata|かなたん|女性vtuber|pp angel|雪花ラミィ|桃鈴ねね|獅白ぼたん|魔乃アロエ|尾丸ポルカ|kanatan|4期生|ラプラス・ダークネス|鷹嶺ルイ|博衣こより|沙花叉クロヱ|風真いろは|別世界|3DLIVE|LIVE|ライブ,False,False
ZGGCZEw38Uo,22,[None],False,False
qrUzAymrb5k,20,モンスト|モンスト公式|モンスターストライク|Monster Strike|モンストニュース|モンスト最新|モンストニュースフラッシュ！|獣神化|怪物彈珠|彈珠爆新聞|最新情報|獣神化・改|アミダ,False,False
il59MhM1-wc,20,ポケモン|解説|対戦|SV|スカーレット|バイオレット|御三家|クワッス|ウェーニバル,False,False
-5fmdwxjCHM,20,マインクラフト|マイクラ|まいくら|Minecraft|minecraft|ゲーム|ゲーム実況|マイクラ実況|きのこなべ|きのこ鍋|キノコ鍋|べーさん|チェンソーマン,False,False
0jIpAPLbpt0,1,[None],False,True
t1PFwO5-yx8,22,門りょう|門りょうチャンネル,False,False
1dOzIIge7xs,23,[None],False,False
YMxQdHtQFGc,23,シュール|アニメ|自主制作|adobe|animate|cc|使い方|ピーナッツくん|ショートアニメ,False,False
_1NuPFnuvEc,10,wayv|웨이비|웨이션브이|威神V|weishenv|winwin|ten|kun|yangyang|xiaojun|hendery|윈윈|텐|쿤|양양|샤오쥔|헨드리|phantom|팬텀|MV|뮤비|뮤직비디오|MUSIC VIDEO,False,False
j3BU_Dh0T0E,10,にじさんじ|nijisanji|nornis|ノルニス|町田ちま|machita chima|朝日南アカネ|asahina akane|戌亥とこ|inui toko|クロス新宿ビジョン|Transparent Blue,False,False
fM3smgqKoQY,24,[None],False,True
cNUwIhy8X3c,24,きりたんぽ|きりたん,False,False
qSKbsg_T7TY,24,アニメ|コント|あるある|いとくん|いくとん|Tiktok,False,False
P2nxJZpDaLs,24,Snow Man|スノーマン|岩本 照|Hikaru Iwamoto|深澤 辰哉|Tatsuya Fukazawa|ラウール|Raul|渡辺 翔太|Shota Watanabe|向井 康二|Koji Mukai|阿部 亮平|Ryohei Abe|目黒 蓮|Ren Meguro|宮舘 涼太|Ryota Miyadate|佐久間 大介|Daisuke Sakuma|アクロバット|生配信|Live,False,True
ZORtvKc_9yI,22,[None],False,False
3fzhsrb0GVQ,20,ポケモン|ポケモン剣盾|ソードシールド|ぽへ|ぽへチャンネル|ゆっくり|ゆっくり実況|マッシブーン|霊夢|魔理沙|任天堂|ゲーム|ゲーム実況|ソード|シールド|ランクマ|人気|ダイマックス|DLC|鎧の孤島|キョダイマックス|冠の雪原|伝説|冠|ポリ2|ポリゴン2|レジェンズ|ポケモンSV|スカーレット|バイオレット|パラドックス|グレンアルマ|セグレイブ,False,False
HCD_Sswprdg,24,水溜りボンド|都市伝説|検証|実験|科学|お笑い|面白|面白い|企画|楽しい|ワクワク|カンタ|トミー,False,False
uiFC7tB1Zeo,10,あらなるめい|あなめ|あらき|なるせ|めいちゃん|anm|ARAKI|nqrse,False,False
u7rBhwaMGwM,10,[None],False,False
BWKxIrTEf-k,25,日経テレ東大学|日経新聞|テレ東|テレビ東京|経済番組|経済バラエティ|討論番組|投資|経済|ビジネス|ニュース|政治,False,False
pF8YkgOt1as,24,Fischer's|フィッシャーズ|野生児|MASAI.|無謀|自然|チャレンジ|シルクロード|マッチョ|マサイ|ザカオ|ンダホ|ダーマ|モトキ|おもしろ|挑戦|SilkRoad|Dama|Ndaho|Zakao|Motoki|Masai|シルクの部屋|毎日|動画|投稿|面白|面白動画|やってみた|ウケる|爆笑|大爆笑|コント|一発芸|ギャグ|ネタ|楽しい|お笑い|笑える|オススメ|商品紹介|YouTube|youtuber|Japan|japanese|Blog|Vlog|腹筋崩壊|抱腹絶倒|都市伝説|身体張る|スポーツ|講座|ビログ|ビデオブロガー|大学生|軍団|イケメン|ウオタミ|UUUM|ウーム|クレーンゲーム|重量|総重量|重さ|測り|チェンソーマン|アニメ|ナナチ|メイドインアビス|お菓子|お金|1万円|カイジ,False,False
DazkYRUN_kA,24,石橋貴明|とんねるず|貴ちゃんねるず|マッコイ斉藤|みなさんのおかげでした|みなおか|みなさん,False,False
n5PzEm9R6x8,20,舞元啓介|まいもとけいすけ|maimotokeisuke|にじさんじ|nijisanji|Vtuber|anime|アニメ|japan|切り抜き|雑談|game|ゲーム|実況|舞元力一|雀魂|麻雀|Mリーグ|マージャン|新春麻雀杯|麻雀杯|麻雀大会|ルイス・キャミー|社築|ジョー・力一,False,False
RW-usgHwOEA,24,剣持刀也|けんもちとうや|kenmochitoya|にじさんじ|nijisanji|Vtuber|anime|アニメ|japan|切り抜き|雑談|実況|歌ってみた,False,False
Mk00Fj4AXxQ,22,BELIFTLAB|ENHYPEN|엔하이픈,False,False
cfrEx1Rca0Q,17,KONAMI|ウイイレ|eFootball|Winner's|ウィナーズ|サッカー|ウイニングイレブン2021,False,False
r0Q7-5RWJIE,24,[None],False,True
AvU276wdzKQ,24,[None],False,False
PZPiWeUREBY,24,[None],False,False
oLRzOHUGNV0,17,ジェイスポーツ|jsports|Jスポ,False,False
mMsleR7nFYA,17,JRA|日本中央競馬会|競馬|GⅠ|GⅡ|GⅢ|レース|乗馬|競走馬|WINS|JpnⅠ|重賞|J・GⅠ|J・GⅡ|J・GⅢ|有馬記念|アカイイト|イズジョーノキセキ|ボルドグフーシュ|アリストテレス|ジェラルディーナ|ヴェラアズール|エフフォーリア|ウインマイティー|イクイノックス|ジャスティンパレス|ラストドラフト|ポタジェ|タイトルホルダー|ボッケリーニ|ブレークアップ|ディープボンド|幸 英明|岩田 康誠|福永 祐一|武 豊|C.デムーロ|松山 弘平|横山 武史|和田 竜二|C.ルメール|T.マーカンド|三浦 皇成|吉田 隼人|横山 和生|浜中 俊|戸崎 圭太|川田 将雅,True,False
KbKxym4tdGU,17,サッカー|那須大亮|ヴィッセル神戸|VISSEL|イニエスタ|ビジャ|ポドルスキ|ルーカス|浦和レッズ|DF|那須兄貴|那須アニキ|jリーグ|フットサル|ワールドカップ|soccer|スーパープレイ|サッカー選手|Jリーガー|コンサドーレ|ベガルタ|アントラーズ|レッズ|ベルマーレ|マリノス|フロンターレ|FC東京|ジュビロ|エスパルス|松本山雅|グランパス|ガンバ|セレッソ|ヴィッセル|レイソル|サンフレッチェ|アルビレックス|ヴェルディ|サガン|トリニータ,False,False
EtzOfNsreIw,24,アカリン|吉田朱里|あかりん|メイク|コスメ|メイク動画|美容|プチプラ|ベスコス|美容系|人気|おすすめ|スキンケア|ドラコス|デパコス|コスメ購入品|メイク方法|B IDOL|ビーアイドル|乾燥対策|美容液|鹿の間|水越みさと|収納術,False,False
uKY3C7WfIII,1,テイコウペンギン|ていこうぺんぎん|抵抗ペンギン|ショートアニメ|アニメ|雑学|ブラック企業|社畜|会社|仕事|YouTubeアニメ,False,False
Ipwf7hTvqog,24,最終兵器俺達|フジ|ゲーム実況|フジ工房|クリスマス|キヨ|ヒラ|こーすけ|サンタ|サンタクロース|プレゼント,False,False
xOfHz0V_ozU,17,全日本フィギュア|2022|フィギュアスケート|スケート|figureskating|スケート動画|フジスケ|宇野昌磨|坂本花織|山本草太|三原舞依|紀平梨花|島田麻央|友野一希|島田高志郎|鍵山優真|河辺愛菜|三浦佳生|髙橋大輔|村元哉中|フジテレビ|ショートプログラム|SP|フリー|フリープログラム|FS|アイスダンス|リズムダンス|ペア|衣装|衣装メドレー,False,False
BPLCm_hlYZk,2,ガレヨコ|ガレ横|ガレよこ|コーストライン,False,False
t0G4eRIHzOI,17,MLB|メジャーリーグ|女子ホッケー|女子フットサル|WAP|EPL|プレミアリーグ|SPFL|スコティッシュプレミアシップ|3x3.EXE|女子Fリーグ|マンチェスターシティ|マンチェスターユナイテッド|チェルシー|リヴァプール|アーセナル|トッテナム|ブライトン|レスター|ニューカッスル|ウェストハム|エヴァートン,False,False
_XvzHdO7nrk,20,ウマ娘|ウマ娘プリティーダービー|アニメ|うまゆる|テイエムオペラオー|徳井青空|グラスワンダー|前田玲奈|ナリタタイシン|渡部恵子|ウイニングチケット|渡部優衣|ユキノビジン|山本希望|ダイタクヘリオス|山根綺|イナリワン|井上遥乃|アグネスデジタル|鈴木みのり,False,False
GThlCwdD8So,20,ゲーム|Game|実況|実況プレイ|実況プレイ動画|実況動画|ゲーム実況|ゲーム実況動画|ぺいんと|死神|クロノア|トラゾー|しにがみ,False,False
dyA_eKuwbxc,22,独身|非正規|労働者|結婚|婚活|恋愛|アラフォー|ルーティン|派遣|契約社員|工場|ライン工|期間工|正社員|中年|独り身|独身貴族|貧困|貧乏|人生|終活|就職|再就職|仕事|働き方|料理|キッチン|食事|弁当|Vtuber|日雇礼子|風俗|パチンコ|柴犬|わんこ|動物|声優|お絵描き|カメラ|イラスト|旅行|ツーリング|自然|日記|VLOG|季節|夏休み|ハローワーク|求人|転職|自殺|若者|作業着|初音ミク|労働組合|中核派|勉強|読書|時代劇|時代小説|藤沢周平|池波正太郎|東京|蒲田|独身寮|寮生活|寮母|給食|喫食|刑務所|独居房|ㇺショ飯|白米|白飯|おにぎり|握り飯|お弁当|玉子屋|孤独のグルメ|孤独のキッチン|キッチンドランカー|調理|晩酌|おひとり様|ぼっち|ぼっち飯|鉄道|電車|列車|小説|文学|黒ラベル|サッポロ|サッポロビール|缶ビール|瓶ビール|サッポロ一番|クリスマス|サンタクロース|戦場のメリークリスマス|戦メリ|坂本龍一|映画|邦画|プレゼント|JR東海|クリスマスイブ|山下達郎|ホワイトクリスマス|賞与|ボーナス|新幹線|サンタ|ビートたけし,False,False
Zt-zfUblcIw,23,[None],False,False
tKus5wPORhQ,17,[None],False,False
KYa-aaD0E78,24,ゆきりぬ|YouTube|YouTuber|ゆーちゅーぶ|ゆーちゅーばー|面白|動画|おもしろ|ばか|ファッション|メイク|垢抜け|自己肯定感,False,False
RVLhFUSR5Sw,17,MLB|メジャーリーグ|女子ホッケー|女子フットサル|WAP|EPL|プレミアリーグ|SPFL|スコティッシュプレミアシップ|3x3.EXE|女子Fリーグ|マンチェスターシティ|マンチェスターユナイテッド|チェルシー|リヴァプール|アーセナル|トッテナム|ブライトン|レスター|ニューカッスル|ウェストハム|エヴァートン,False,False
fWG9DV-uuDc,24,sbs|20221224|정원|희승|제이|제이크|성훈|선우|니키|ENHYPEN|2022가요대전|2022SBS가요대전|SBS가요대전|SBS가요대전무대|2022SBS가요대전방송,False,False
eNag-8Yn7mc,20,実況プレイ|ガッチマン|ホラーゲーム|キヨ|レトルト|牛沢|TOP4|一般人格付けチェック,False,False
w2h_5yhJA1M,20,ポケモン|ゆっくり実況|スカーレット|バイオレット|SV|スカバイ|攻略|ストーリー|イロチ旅|縛り|色旅|色違い|色証,False,False
lcR8CBCW1bs,10,방탄소년단|BTS|BANGTAN|알엠|RM|슈가|SUGA|제이홉|jhope|지민|정국|k-pop|방탄|j-hope|Jung Kook|Jimin|BTS V|Jin,False,False
LlorQQEn10s,25,イブラヒム|いぶらひむ|ibrahim|にじさんじ|nijisanji|Vtuber|anime|アニメ|japan|切り抜き|雑談|game|ゲーム|実況,False,False
IMP3OAIMFAM,17,[None],False,False
rboiHxBqdZk,10,LE SSERAFIM|르세라핌,False,False
Gad0HRgMWGg,10,Mr.Children|ミスターチルドレン|ミスチル|桜井和寿|田原健一|中川敬輔|鈴木英哉|J-pop,False,False
pNCCwwQ0ogY,25,ニュース|NEWS|FNN|FNNプライムオンライン|フジテレビ|フジテレビジョン|FujiTelevision,False,False
LrFH-AqYIrw,17,サッカー|那須大亮|ヴィッセル神戸|VISSEL|イニエスタ|ビジャ|ポドルスキ|ルーカス|浦和レッズ|DF|那須兄貴|那須アニキ|jリーグ|フットサル|ワールドカップ|soccer|スーパープレイ|サッカー選手|Jリーガー|コンサドーレ|ベガルタ|アントラーズ|レッズ|ベルマーレ|マリノス|フロンターレ|FC東京|ジュビロ|エスパルス|松本山雅|グランパス|ガンバ|セレッソ|ヴィッセル|レイソル|サンフレッチェ|アルビレックス|ヴェルディ|サガン|トリニータ,False,False
0uccLMtZBNk,10,[None],False,False
gCgmala3NPg,20,[None],False,False
GLnP7V7mcxU,10,King & Prince|平野紫耀|Hirano Sho|永瀬廉|Nagase Ren|髙橋海人|Takahashi Kaito|岸優太|Kishi Yuta|神宮寺勇太|Jinguji Yuta|ジャニーズ|Johnnys|キンプリ|きんぷり|KP|King|Prince|キングアンドプリンス|きんぐあんどぷりんす|Dance|ダンス|MV|Music Video,False,True
tH1FiTc0akA,17,野球部あるある|リアル|ルーティン|routine|モーニングルーティン|高校野球|あめんぼぷらす|アメンボプラス|あめんぼぷらすぽーつ|日常|コメディ|コント|下宿|寮生活|サンタクロース|クリスマス,False,False
GYSovxh_kUw,29,gunma-17|4AG|ae86|チューニング|エンジン,False,False
MMzPq3MdPIc,24,竹原慎二|ガチンコファイトクラブ|ガチンコ|ボクシング|格闘技|k-1|ボクサー|チャンピョン|チャンピオン|boxer|竹原,False,False
ZRlrH_N10aI,1,[None],False,False
EYb3WWAo57o,10,UCl2aT0nRejTCQO_LHZAftBw|UNIVERSAL MUSIC JAPAN|音楽|pv|mv|universal|music|japan|ユニバーサル|ミュージック|ジャパン|live|ライブ|youtube|ようつべ|新曲|歌詞|lyrics|高画質|オフィシャル|official|King & Prince|平野紫耀|Hirano Sho|永瀬廉|Nagase Ren|髙橋海人|Takahashi Kaito|岸優太|Kishi Yuta|神宮寺勇太|Jinguji Yuta|ジャニーズ|Johnnys|キンプリ|きんぷり|KP|King|Prince|キングアンドプリンス|きんぐあんどぷりんす|Dance|ダンス|MV|Music Video|ツキヨミ|彩り|クロサギ|ボーイフレンド降臨！|君とメリークリスマス|セブンイレブン2022年クリスマスCMソング|ジングルベル,True,True
1IER5zt4R7w,1,anipoke|カイリキー|コジロウ|サトシ|ソーナンス|ニャース|ハルト|バタフリー|ピカチュウ|マンキー|ムサシ|ロケット団|ポケモン|ぽけもん|Pokémon|Pokemon|ポケットモンスター|イーブイ|コイキング|ミミッキュ|ヤドン|メタモン|ポケモンGO|Pokémon GO|アニポケ|ポケどこ|ポケモン映画|ポケカ|だいすきクラブ|ポケモンセンター|ポケモン ソード・シールド|剣盾|ポケモン剣盾|赤緑|GOTCHA|ポケモンカード|ポケセン|ポケモンレジェンズ|ポッチャマ|ディアルガ|パルキア|アルセウス|ブリダイ|シャイパ|BDSP|ポケレジェ|ダイパ|シンオウ地方|ヒスイ地方|ポケモンSV|ポケモンスカーレット|ポケモンバイオレット,False,False
OhnF0kUMFwA,17,[None],False,False
EMxzAeBbKA8,17,全日本フィギュア|2022|フィギュアスケート|スケート|figureskating|スケート動画|フジスケ|宇野昌磨|坂本花織|山本草太|三原舞依|紀平梨花|島田麻央|友野一希|島田高志郎|鍵山優真|河辺愛菜|三浦佳生|髙橋大輔|村元哉中|フジテレビ|ショートプログラム|SP|フリー|フリープログラム|FS|アイスダンス|リズムダンス|ペア|衣装|衣装メドレー,False,False
7YOJBfRb_Yg,22,Mステ|ミュージックステーション|タモリさん|タモリ|音楽番組|テレビ朝日|テレ朝|ジャニーズ,False,False
kvl5eFImI08,24,なつめさんち|げんとさや|夫婦|UCuSRzuQayUyETYvmE-78eVQ|絵師|神絵師|描いてみた|イラスト|イラストレーター|お絵描き|アート|芸術|アーニャ|SPY×FAMILY|ONE PIECE FILM RED|ウタ|新時代,False,False
D5tLKAABh28,17,[None],False,False
QNzwrlyFTVA,24,極楽とんぼ|山本圭壱|吉本興業|お笑い|けいちょん|はじめしゃちょー|吉本坂46|加藤浩次|吉本坂|漫才|コント|ネタ|極楽とんぼ山本|山本|広島|カープ|YouTube|めちゃイケ|めちゃめちゃイケてる|吉本|よしもと|東京|日本|芸人|お笑い芸人|草野球|野球|YouTube最強草野球チーム決定戦|ロンブー|ロンドンブーツ|田村淳|ブチ切れ|ブチギレ|喧嘩|ケンカ|怒り|おこ,False,False
YD1UblIUEe4,24,NewJeans|뉴진스|Ditto|DITTO|NewJeans_Ditto|디토 뮤비|Ditto Mv|Ditto 뮤비|뉴진스 선공개곡|뉴진스 선공개|OMG|Attention|김민지|하니|다니엘|해린|이혜인|뉴진스 어텐션|NewJeans Attention|NewJeans KPOP|NewJeans member|뉴진스 멤버|뉴진스 김민지|뉴진스 하니|뉴진스 다니엘|뉴진스 해린|뉴진스 이혜인|뉴진스 MV|NewJeans MV|NewJeans Hurt|Hype Boy|NewJeans Hype Boy|하입보이|Cookie|Hurt|어텐션|뉴진스 노래 모음|뉴진스 무대|크리스마스 노래|민희진|하이브|하이브 걸그룹|민희진 걸그룹|뉴진스 민희진|Hybe|Minji|Danielle|Haerin|Hanni|Hyein|잇츠라이브|itsLive|Band|Band LIVE|밴드|밴드라이브|콘서트|온라인콘서트|온콘,False,False
T8TKx5L4BI0,22,[None],False,False
KCTMiWoXtlk,10,おんりー|オンリー|ドズル社|only|どずる|どずる社|歌ってみた|歌みた|うたってみた|うたみた|おんりー|うたってみた|おんりー|歌ってみた|おんりー|歌みた|おんりー|うたみた|オンリー|歌ってみた|オンリー|うたってみた|オンリー|歌みた|オンリー|うたみた|おんりー|ダンスホール|オンリー|ダンスホール|ダンスホール|ダンスホール 歌ってみた|mrs.green apple|mrs.green apple 歌ってみた,False,False
tfj80SHZ_mI,20,ゲーム|マインクラフト|まいぜん|マイッキー|ぜんいち|まいぜんシスターズ|エンターテインメント|まいくら,False,False
Vt_bBmILCYc,2,久野静香|久野|久野アナ|アナウンサー|女子アナ|成約|DUKE|390DUKE|CBR|バイク女子,False,False
XBCdWGgtk_o,20,マインクラフト|Minecraft|マイクラ|らっだぁ|ゲーム|ゲーム実況|ニコ生,False,False
e4X99CecWo4,2,車中泊|軽自動車|軽キャンピングカー|キャンピングカー|バンライフ|クーピーチャンネル|coupy channel|車中飯,False,False
