_ZAgIHmHLdc,NewJeans (뉴진스) 'OMG' Official MV,2023-01-02T09:00:00Z,UC3IZKseVpdzPSBaWxBxundA,HYBE LABELS,2023-01-04T00:00:00Z,9657255,860816,0,41896,https://i.ytimg.com/vi/_ZAgIHmHLdc/default.jpg
pfQMQzdh7O8,[ENG] 준빈아 현규는 건들지 마... 너 그러다 못 봬요... | 바퀴 달린 입 3 EP.9,2023-01-03T09:01:54Z,UCYtjW8dGkaeHwrMiB01Xa_Q,스튜디오 와플 - STUDIO WAFFLE,2023-01-04T00:00:00Z,1275633,22339,0,1672,https://i.ytimg.com/vi/pfQMQzdh7O8/default.jpg
2pi-PKzkwtA,축구부면 수업 안 들어와도 되시나요?,2023-01-03T10:00:02Z,UC5xLohcPE65Y-U62X6snmRQ,빠더너스 BDNS,2023-01-04T00:00:00Z,1323376,47300,0,1990,https://i.ytimg.com/vi/2pi-PKzkwtA/default.jpg
TaKGMDibZek,런떴,2023-01-02T09:30:03Z,UCaKod3X1Tn4c7Ci0iUKcvzQ,런닝맨 - 스브스 공식 채널,2023-01-04T00:00:00Z,847606,11944,0,1071,https://i.ytimg.com/vi/TaKGMDibZek/default.jpg
W7h5exjKWZ8,[ENG] 신년모임은 핑계고,2022-12-31T23:00:11Z,UCDNvRZRgvkBTUkQzFoT_8rA,뜬뜬 DdeunDdeun,2023-01-04T00:00:00Z,2266450,40523,0,2285,https://i.ytimg.com/vi/W7h5exjKWZ8/default.jpg
74-hMv9X2VY,LONDON vlog,2023-01-02T15:00:03Z,UCRE-097LGtx_Zo7LrHvkycA,행복지수 103%,2023-01-04T00:00:00Z,6166742,890970,0,93843,https://i.ytimg.com/vi/74-hMv9X2VY/default.jpg
RRnO-9xfJY8,많이 먹는 사람과 많이 먹기,2023-01-03T10:00:21Z,UCUj6rrhMTR9pipbAWBAMvUQ,침착맨,2023-01-04T00:00:00Z,592010,8622,0,690,https://i.ytimg.com/vi/RRnO-9xfJY8/default.jpg
-yU5RhXWM4g,최강야구 29회 예고편 - 『NEW MONSTER』 김성근&이대호,2023-01-02T15:36:09Z,UCFL1sCAksD6_7JIZwwHcwjQ,JTBC Entertainment,2023-01-04T00:00:00Z,432319,4844,0,1482,https://i.ytimg.com/vi/-yU5RhXWM4g/default.jpg
nVomswhNi30,슈주 레전드 2탄 나왔다 ＂이거.. 공개해도 돼..?＂ #미운우리새끼 #MyLittleOldBoy | SBSNOW,2023-01-02T12:15:01Z,UCcOYEm78CpaZQvPE6LtoSeA,SBS NOW / SBS 공식 채널,2023-01-04T00:00:00Z,658919,8188,0,497,https://i.ytimg.com/vi/nVomswhNi30/default.jpg
6U38CZaEWsg,그림 그려서 10초간 강아지를 지키는 게임,2023-01-02T02:30:02Z,UC2NFRq9s2neD_Ml0tPhNC2Q,우주하마,2023-01-04T00:00:00Z,1415023,19102,0,874,https://i.ytimg.com/vi/6U38CZaEWsg/default.jpg
tUCT82t1Y8Q,GOT the beat 'Stamp On It' Stage Video,2023-01-01T13:00:24Z,UCcdX97nVNsZgAA0NxvHnU9w,Girls On Top,2023-01-04T00:00:00Z,3755687,249264,0,9264,https://i.ytimg.com/vi/tUCT82t1Y8Q/default.jpg
dvTy6K7gU80,[KBS 2022 연기대상] 2022년 영예의 대상은! 주상욱＆이승기 두 사람의 공동 수상!   [2022 KBS 연기대상] | KBS 221231 방송,2022-12-31T18:03:47Z,UChpjIaEgwtDZtmWEkzFulSA,KBS Drama,2023-01-04T00:00:00Z,549367,5378,0,1034,https://i.ytimg.com/vi/dvTy6K7gU80/default.jpg
kvH-mOQUsc8,이마트x다이소 메추리 오남매 근황 및 QnA,2023-01-03T10:12:00Z,UCnLeA-skFQNxB7-XwijvRPA,김트루의 트루맨쇼,2023-01-04T00:00:00Z,206797,4178,0,458,https://i.ytimg.com/vi/kvH-mOQUsc8/default.jpg
20RHBoc0hYk,🇺🇸🇮🇹🇰🇷🇫🇷 개인주의? 남자다움? 문화지수로 보는 나라별 차이점 5가지,2023-01-03T11:05:24Z,UCvW8norVMTLt7QN-s2pS4Bw,조승연의 탐구생활,2023-01-04T00:00:00Z,103123,4718,0,263,https://i.ytimg.com/vi/20RHBoc0hYk/default.jpg
rYyUpQ_veL4,YG NEXT MOVEMENT,2022-12-31T15:00:42Z,UCQi67q4kGdmnJaRzX81uK5g,YG ENTERTAINMENT,2023-01-04T00:00:00Z,16396227,631028,0,36191,https://i.ytimg.com/vi/rYyUpQ_veL4/default.jpg
G_1zDzhAz9w,NewJeans (뉴진스) 'Ditto' Dance Practice,2023-01-01T08:00:01Z,UCMki_UkHb4qSc0qyEcOHHJw,NewJeans,2023-01-04T00:00:00Z,3125766,184246,0,3599,https://i.ytimg.com/vi/G_1zDzhAz9w/default.jpg
OF9O9K7Owe0,[팀데스매치|개띠클럽] 영영 못잊을 무결점 무대에 당황한 대표단! - 민수현&장동열&태백&황영웅 |🔥불타는 트롯맨‍🔥 3회,2023-01-03T15:40:00Z,UCrnEfgTKtQa945F-QwtgDXw,불타는 트롯맨,2023-01-04T00:00:00Z,158003,3912,0,917,https://i.ytimg.com/vi/OF9O9K7Owe0/default.jpg
ZBoeaJb_KZE,사람들이 하나 둘 내 곁을 떠난다면 당장 점검해야할 것  - 김창옥 [정기강연 ep.148] (ENG),2023-01-03T12:00:30Z,UCwzJw3PLEcSAPrO4g86iswg,김창옥TV,2023-01-04T00:00:00Z,96464,3310,0,326,https://i.ytimg.com/vi/ZBoeaJb_KZE/default.jpg
O3gjsJF72aE,IQ 150 이하는 절대 못깨는 게임,2023-01-03T02:30:10Z,UC2NFRq9s2neD_Ml0tPhNC2Q,우주하마,2023-01-04T00:00:00Z,405865,6041,0,314,https://i.ytimg.com/vi/O3gjsJF72aE/default.jpg
IG1Kqt7M6I0,"시상식 D-1일, 12시간 논스탑 과식합니다 (ft. 라미란 다식원)",2023-01-02T11:00:14Z,UCvAewWPqooIUgQUsjhTmUVw,김숙티비kimsookTV,2023-01-04T00:00:00Z,336598,7720,0,223,https://i.ytimg.com/vi/IG1Kqt7M6I0/default.jpg
Km71Rr9K-Bw,NewJeans (뉴진스) 'Ditto' Performance Video,2022-12-30T10:00:01Z,UCMki_UkHb4qSc0qyEcOHHJw,NewJeans,2023-01-04T00:00:00Z,6166594,330417,0,6713,https://i.ytimg.com/vi/Km71Rr9K-Bw/default.jpg
t9nc1yg8pUM,"[짐승친구들] 굿바이, 새대갈",2022-12-31T06:00:17Z,UCszFjh7CEfwDb7UUGb4RzCQ,짤툰,2023-01-04T00:00:00Z,1232308,23319,0,3523,https://i.ytimg.com/vi/t9nc1yg8pUM/default.jpg
bYzreYPDCJA,💥추운겨울 우리집은 겨울내내 ✔무와배추를 이렇게 먹기로 했어요💯,2023-01-02T00:29:00Z,UCKm-cusLT76t3t4s9OgCqcA,양장금주부,2023-01-04T00:00:00Z,114480,1629,0,27,https://i.ytimg.com/vi/bYzreYPDCJA/default.jpg
0yyqhot0BDc,연말 파주 노천온천에서 보낸 2박3일 여행,2022-12-31T09:00:07Z,UClRNDVO8093rmRTtLe4GEPw,곽튜브KWAKTUBE,2023-01-04T00:00:00Z,1022965,19668,0,1492,https://i.ytimg.com/vi/0yyqhot0BDc/default.jpg
n0Udvst2kMo,새해부터 침착맨 x 김풍으로 딩대 기강 한번 씨게 잡겠습니다 (+광란의 빼빼로게임💋) [시즌4 ep.24],2023-01-03T10:00:20Z,UCuG998qSYbpTz_TeggrLjoA,딩대 DingUniv,2023-01-04T00:00:00Z,88644,2800,0,224,https://i.ytimg.com/vi/n0Udvst2kMo/default.jpg
4meIvHTBYJc,G-DRAGON - GUERRILLA DESK : G_Division,2023-01-01T07:31:57Z,UCeU5qTuBiqTU5z-hyL6WITQ,OfficialGDRAGON,2023-01-04T00:00:00Z,1296513,94602,0,9682,https://i.ytimg.com/vi/4meIvHTBYJc/default.jpg
YxbKfN3MEOs,[TEASER] 뉴진스(NewJeans) _ OMG | 1theKILLPO | 원더킬포 | 킬포인트 | 퍼포먼스 | Performance | 4K,2023-01-03T11:00:24Z,UCqq-ovGE01ErlXakPihhKDA,1theK Originals - 원더케이 오리지널,2023-01-04T00:00:00Z,479260,34991,0,846,https://i.ytimg.com/vi/YxbKfN3MEOs/default.jpg
g0kmlu8ah_g,뜬구름 잡지 말고요. 진지하게 (문과야 힘내),2023-01-03T10:09:00Z,UCA4ZUofyfHIk-qXlAQQV5Hg,너 진짜 똑똑하다,2023-01-04T00:00:00Z,124765,5675,0,831,https://i.ytimg.com/vi/g0kmlu8ah_g/default.jpg
Y3yandZRvqQ,고음천재 왁굳님,2023-01-03T10:00:15Z,UCHE7GBQVtdh-c1m3tjFdevQ,징버거 JINGBURGER,2023-01-04T00:00:00Z,96914,4767,0,294,https://i.ytimg.com/vi/Y3yandZRvqQ/default.jpg
NTv51wOzm10,돌아온 일본 일상vlog✈️ㅣ청소광공 주부토모의 컴백🧽 (ft.6마넌치 청소템 쇼핑)ㅣ친척집에서 k-김장체험ㅣ일본 편의점 오뎅 전메뉴 먹방🍢ㅣ 한국에서 최후의 만찬ㅣ월드컵 응원⚽,2023-01-02T15:33:04Z,UCoQy2wS5aiKCk-rUXiLS-vQ,토모토모TomoTomo,2023-01-04T00:00:00Z,419779,12348,0,950,https://i.ytimg.com/vi/NTv51wOzm10/default.jpg
OHS1PYKoGuQ,"[2022 MBC 가요대제전] 99즈 (우기,아린,유정,츄,예나) - 스텝 (STEP), MBC 221231 방송",2022-12-31T15:29:54Z,UCe52oeb7Xv_KaJsEzcKXJJg,MBCkpop,2023-01-04T00:00:00Z,2147026,67605,0,5361,https://i.ytimg.com/vi/OHS1PYKoGuQ/default.jpg
nOqMdgw0AXc,"슬기를 떠난 진영, 틈을 노리는 종우 | 솔로지옥2 | 넷플릭스",2023-01-03T09:00:30Z,UCiEEF51uRAeZeCo8CJFhGWw,Netflix Korea 넷플릭스 코리아,2023-01-04T00:00:00Z,402224,2083,0,2023,https://i.ytimg.com/vi/nOqMdgw0AXc/default.jpg
iApRbEJB4Ig,[ENG] 여우 이미지 은근 즐기는 FOX같은 기지배 이나연ㅣ빨아삐리뽀 EP.13,2023-01-03T10:00:16Z,UCcyOjqkI0rn_Mnw6Xe0kArQ,빨리요,2023-01-04T00:00:00Z,169061,2702,0,141,https://i.ytimg.com/vi/iApRbEJB4Ig/default.jpg
MYD_twg04CQ,아시안게임 논란ㅣ#스톡킹 EP.72-5 (나지완 편),2023-01-02T09:00:08Z,UCTaa3IrgDnQaFw_TD-JJRJw,스톡킹,2023-01-04T00:00:00Z,107296,1820,0,464,https://i.ytimg.com/vi/MYD_twg04CQ/default.jpg
LPlSBYGhg7Y,수퍼 크리스피 통 삼겹살 : 3년간 연구했습니다. 중학생도 100% 성공할 업그레이드 레시피!!!,2023-01-03T09:37:09Z,UC0VR2v4TZeGcOrZHnmwbU_Q,육식맨 YOOXICMAN,2023-01-04T00:00:00Z,481281,9829,0,752,https://i.ytimg.com/vi/LPlSBYGhg7Y/default.jpg
sVTy_wmn5SU,NewJeans (뉴진스) 'OMG' Official MV (Performance ver.1),2023-01-03T11:30:01Z,UC3IZKseVpdzPSBaWxBxundA,HYBE LABELS,2023-01-04T00:00:00Z,2048785,174579,0,3551,https://i.ytimg.com/vi/sVTy_wmn5SU/default.jpg
RsAFTZkSQKM,"여러분 저 사실... 고백할게 있어요ㅣ막창,마라탕,크림새우ㅣHamzy Vlog",2023-01-03T11:00:04Z,UC1EiHIhV6UDRWOY6BaEavdw,집나간햄지 Wandering Hamzy,2023-01-04T00:00:00Z,196031,5766,0,407,https://i.ytimg.com/vi/RsAFTZkSQKM/default.jpg
xJcJn8dtsAQ,이것까지만 먹고 내년엔 진짜 살 뺀다 두고 봐,2022-12-31T09:24:59Z,UCXEKwWflysXu312NmIP_dlw,너덜트,2023-01-04T00:00:00Z,1484386,22995,0,706,https://i.ytimg.com/vi/xJcJn8dtsAQ/default.jpg
bHSYy5elYDk,새해 첫 날 일본 가정집의 하루 브이로그,2023-01-03T02:22:09Z,UCaJCF6bmhG2wqPF3jA9gS4w,유우키의 일본이야기 YUUKI,2023-01-04T00:00:00Z,564008,16447,0,1917,https://i.ytimg.com/vi/bHSYy5elYDk/default.jpg
r-3RsFFDKLQ,불고기 + 잡채를 처음 먹어본 마케도니아 소방관님들 반응?! 장모님이 제일 좋아하는 한국 음식이 바뀌는 순간...,2023-01-01T11:01:42Z,UCEHYQlrn01RoUMjC5ubcNHQ,NB couple엔비커플,2023-01-04T00:00:00Z,436741,28210,0,1333,https://i.ytimg.com/vi/r-3RsFFDKLQ/default.jpg
xFJSHFHAWlE,와.. 나 여기서 어떻게 살지..?,2023-01-02T11:00:29Z,UCZ1wYQHk1yVle18u8FA8AvA,배말랭,2023-01-04T00:00:00Z,445863,8196,0,614,https://i.ytimg.com/vi/xFJSHFHAWlE/default.jpg
_t3sbpPb2mY,딸 집에 눈탱이 밤탱이로 엄마가 간다면?ㅋㅋㅋㅋ딸의 분노 역대급ㅋㅋㅋㅋ,2023-01-02T04:00:08Z,UC2tbZfs11e-5MND58_jfDCA,순자엄마,2023-01-04T00:00:00Z,620411,10859,0,413,https://i.ytimg.com/vi/_t3sbpPb2mY/default.jpg
btNu6nZclCQ,"전철역 구석에서 월매출 1억? 산더미 바지락 칼국수로 대박난 새벽부터 육수,면,반찬까지 다 만드는 국숫집┃clam kalguksu / Korean street food",2023-01-01T12:51:44Z,UCHy8o-_zR_vHqpPN4uNUvkg,푸디랜드 FoodieLand,2023-01-04T00:00:00Z,734264,4001,0,348,https://i.ytimg.com/vi/btNu6nZclCQ/default.jpg
T2h686YMNSg,시골 살이는 한 살이라도 젊을 때 해야 되는 이유.. 살아보니 알겠네요,2023-01-01T02:00:07Z,UCGznJ6xII2H4BIXEclV9QEg,둥지언니 Doongsis,2023-01-04T00:00:00Z,252212,7270,0,1029,https://i.ytimg.com/vi/T2h686YMNSg/default.jpg
zY3qUWPE7Dk,베트남아내 집에 가보고 충격 받았어요. 나는 여기 왜 있지요,2023-01-01T02:17:48Z,UC5HKolXNopAqmfgS8A0SmUw,Jadoo couple 자두커플,2023-01-04T00:00:00Z,998033,10193,0,504,https://i.ytimg.com/vi/zY3qUWPE7Dk/default.jpg
oJ8d71UlIsk,떡국떡! 'OO'에 버무려 재워두세요! 💢떡국이 10배 더 맛있어져요!,2023-01-01T01:00:27Z,UCy2WX3w5UyYFHBDHyWFKNUQ,이 남자의 cook,2023-01-04T00:00:00Z,718754,10954,0,232,https://i.ytimg.com/vi/oJ8d71UlIsk/default.jpg
1sJC2MidUC0,Saying my dogs' favourite things over the phone reaction,2023-01-02T09:00:00Z,UCnjyiWHGEyww-p8QYSftx2A,MochaMilk,2023-01-04T00:00:00Z,288567,9766,0,428,https://i.ytimg.com/vi/1sJC2MidUC0/default.jpg
TrFIbEbZXWE,화목난로에 텐트 태워먹는 영하13도 한파 동계 캠핑│2층 야전침대 개시합니다│평창 마가리 캠핑장,2023-01-01T12:00:08Z,UCWlwaqMam9GueCmnwT1VYDA,도토리TV Dotori TV,2023-01-04T00:00:00Z,246945,4685,0,409,https://i.ytimg.com/vi/TrFIbEbZXWE/default.jpg
vDLYMzW98h0,배추물김치 찹쌀풀 대신 이걸 넣어 보세요!! 간단하고 건강하고 맛있어요/ 익힐수록 맛있어지는 단호박배추물김치 Sweet pumpkin cabbage water kimchi,2023-01-01T00:11:01Z,UCLItMtuFPIZ-Q0m_oOVwB2Q,sogyo table 소교식탁TV,2023-01-04T00:00:00Z,315581,1196,0,84,https://i.ytimg.com/vi/vDLYMzW98h0/default.jpg
8fRazGcsEF4,[신병] 복무신조,2022-12-29T08:01:10Z,UChbE5OZQ6dRHECsX0tEPEZQ,장삐쭈,2023-01-04T00:00:00Z,2153576,27863,0,4222,https://i.ytimg.com/vi/8fRazGcsEF4/default.jpg
fgI2vBvWQHI,응칠 동창회 2탄! 신원호 감독님의 노필터 비하인드 스토리 (feat. 다음은 응답하라 신석기...?)[시언스쿨 EP.18] (ENG CC),2022-12-30T09:00:18Z,UCZJzho51OZWpqq1evVId1cg,시언's쿨,2023-01-04T00:00:00Z,656960,15029,0,1076,https://i.ytimg.com/vi/fgI2vBvWQHI/default.jpg
btAh3WdEVXg,"2023 패션 트렌드/ 새해 새롭게 뜨는 패션, 큰거 한방 오고있습니다😱",2023-01-01T01:45:02Z,UCzYB6YA5f-Tc7GQcIese7pg,옆집언니 최실장 stylist unnie,2023-01-04T00:00:00Z,357414,8336,0,419,https://i.ytimg.com/vi/btAh3WdEVXg/default.jpg
To85LfAEm_E,"[#유퀴즈온더블럭] 고우림 💓 김연아, 새신랑이 말해주는 둘의 첫 만남 썰 👰🤵 2018년 아이스쇼에서 처음 만났는데... 벌써 결혼이햐~ | #지금꼭볼동영상",2022-12-29T13:31:00Z,UCWYzc_p0GgfCepIWDHGFmEg,디글 :Diggle,2023-01-04T00:00:00Z,1799028,17589,0,1036,https://i.ytimg.com/vi/To85LfAEm_E/default.jpg
8k9XQoG4sSk,"리그앙 독보적 2강의 맞대결, 과연 음바페는...?[리그1 17R HL/랑스 vs PSG]",2023-01-01T22:10:50Z,UCxdayJ2v3MJk8eraNrYLzdQ,파리 습제르맹 - Paris SBS-Germain,2023-01-04T00:00:00Z,172713,978,0,672,https://i.ytimg.com/vi/8k9XQoG4sSk/default.jpg
N86JdPs8AMI,【TWICE】「Celebrate」日本デビュー5周年！感謝を込めて【紅白】｜NHK,2022-12-31T13:16:31Z,UC8T8_deSUS97DWZeKO_TL9Q,NHK MUSIC,2023-01-04T00:00:00Z,1810084,35330,0,0,https://i.ytimg.com/vi/N86JdPs8AMI/default.jpg
onYDEGFdEU0,한 남자의 프로포즈를 위한 9년간의 여정.. 9 Years for Proposal,2023-01-01T06:52:05Z,UCj-durTg1W7uWsB8oq0u7kA,엔조이커플enjoycouple,2023-01-04T00:00:00Z,608795,14665,0,905,https://i.ytimg.com/vi/onYDEGFdEU0/default.jpg
GTjplyGLALY,"믿고 듣는 가창력! 영화 [영웅] 김고은 '당신을 기억합니다, 황후마마여'",2022-12-30T00:00:10Z,UCRV0Gb4i99Aj9UiqCE8xlvw,CJ ENM Movie,2023-01-04T00:00:00Z,830140,13458,0,857,https://i.ytimg.com/vi/GTjplyGLALY/default.jpg
vCRKD06fPtM,【IVE】「ELEVEN -Japanese ver.-」世界を席巻したデビュー曲・日本語版で魅惑の紅白初ステージ！【紅白】｜NHK,2022-12-31T14:25:43Z,UC8T8_deSUS97DWZeKO_TL9Q,NHK MUSIC,2023-01-04T00:00:00Z,525994,7593,0,0,https://i.ytimg.com/vi/vCRKD06fPtM/default.jpg
R_ipSAbN9nI,[도장TV 87회] 동생에 대한 하영이의 속마음을 들어봤...ㅠㅠㅠㅠ,2022-12-30T10:00:15Z,UCkkWd02T76Zi5UcKRX0x3Bg,도장TV,2023-01-04T00:00:00Z,1445622,18571,0,666,https://i.ytimg.com/vi/R_ipSAbN9nI/default.jpg
YsqO6imX1Ak,"다누리호, 달 궤도 진입 성공과 세계 최초로 찍은 사진?! 다누리호 성공의 의미",2022-12-31T06:00:18Z,UCMc4EmuDxnHPc6pgGW-QWvQ,안될과학 Unrealscience,2023-01-04T00:00:00Z,523443,8516,0,551,https://i.ytimg.com/vi/YsqO6imX1Ak/default.jpg
-odkZD-vrww,한국에 오는 게 소원이였던 브라질 처제,2022-12-30T09:26:58Z,UCsIAfWi3uxjnQPpdvBgBI4Q,Family Kim 패밀리김,2023-01-04T00:00:00Z,944038,33748,0,1887,https://i.ytimg.com/vi/-odkZD-vrww/default.jpg
Pcd472TbuFQ,[EN] 이겨는 드릴게 | 변호사 | 박성웅 | 레전드 | 워크맨2,2022-12-30T09:00:11Z,UCwx6n_4OcLgzAGdty0RWCoA,워크맨-Workman,2023-01-04T00:00:00Z,891475,12846,0,743,https://i.ytimg.com/vi/Pcd472TbuFQ/default.jpg
mlynPn74lhw,저녁으로 밥대신 배추를 이렇게 만들어 먹었더니 살도 안찌고 맛있어서 가족들이 건강합니다/단백질 가득한 배추말이 The cabbage roll full of protein,2022-12-29T07:52:12Z,UCLItMtuFPIZ-Q0m_oOVwB2Q,sogyo table 소교식탁TV,2023-01-04T00:00:00Z,956645,4595,0,133,https://i.ytimg.com/vi/mlynPn74lhw/default.jpg
Le1JXGv9Doo,PD 집합 시키는 연예인,2022-12-29T09:45:16Z,UCoe-0EVDJnjlSoPK8ygcGwQ,김종국 GYM JONG KOOK,2023-01-04T00:00:00Z,1480136,24739,0,2005,https://i.ytimg.com/vi/Le1JXGv9Doo/default.jpg
PWgAgRfdOHg,[4K] 다나카 (TANAKA) - 와스레나이 (WASURENAI) Band LIVE Concert │잇츠라이브 지명그 받은 다나카상💖[it’s KPOP LIVE 잇츠라이브],2022-12-30T08:00:10Z,UCB9e3pof1o83aa0kkaoeJGA,it's Live,2023-01-04T00:00:00Z,398789,11390,0,1493,https://i.ytimg.com/vi/PWgAgRfdOHg/default.jpg
npIQoDRFJ0U,단체로 김칫국 마신 연예대상이 끝나고 난 뒤..💦 다 같이 미쳐버린(?) 돌싱포맨💥 [신발벗고 돌싱포맨|221227 SBS방송],2022-12-29T03:00:31Z,UCy-swBYpRZx7KW11FStjTgw,레알예능 스브스,2023-01-04T00:00:00Z,825881,5941,0,761,https://i.ytimg.com/vi/npIQoDRFJ0U/default.jpg
xGd_HhPYX4A,The Brawlies 2022 - Brawl Stars Community Award Show!,2022-12-31T11:00:28Z,UCooVYzDxdwTtGYAkcPmOgOw,Brawl Stars,2023-01-04T00:00:00Z,6375035,242171,0,12878,https://i.ytimg.com/vi/xGd_HhPYX4A/default.jpg
O0mG2O52oL8,2023 SuperM Teaser,2023-01-01T12:30:14Z,UCcjV926qiLr_Ghw6A0lTNjA,SuperM,2023-01-04T00:00:00Z,587053,0,0,9868,https://i.ytimg.com/vi/O0mG2O52oL8/default.jpg
d2o-jcpLuLk,Woo's Yomozomo | EP.2 Tanaka & Seo-jun mom,2022-12-30T11:00:24Z,UCW5gbSGTGIukUDsPt2sdhGw,AOMGOFFICIAL,2023-01-04T00:00:00Z,476846,11352,0,858,https://i.ytimg.com/vi/d2o-jcpLuLk/default.jpg
nc9BUGznNlU,리오넬 메시 명경기 TOP5 l 스포티비 x 맨유튜브,2022-12-30T09:00:23Z,UCPxCAB6hvZw20ckLaIFxUJQ,SPOiler 스포일러,2023-01-04T00:00:00Z,454266,3755,0,887,https://i.ytimg.com/vi/nc9BUGznNlU/default.jpg
RWrqIF-qwGE,[대표단예심] 본선 진출자 45인 하이라이트 무대 모음.zip 🔥불타는 트롯맨 2화🔥 221227,2022-12-28T05:20:15Z,UCrnEfgTKtQa945F-QwtgDXw,불타는 트롯맨,2023-01-04T00:00:00Z,642351,8540,0,1192,https://i.ytimg.com/vi/RWrqIF-qwGE/default.jpg
rc62wZpbR8U,한주먹 세력 토종벌들의 올해 가장 추운 날 버티기,2022-12-30T15:12:24Z,UCLJNGmEfcuugzEjLyZ6mKKw,프응TV,2023-01-04T00:00:00Z,467141,8269,0,529,https://i.ytimg.com/vi/rc62wZpbR8U/default.jpg
g65p97zM5dc,[릴레이댄스] NCT DREAM(엔시티 드림) - Candy (4K),2022-12-30T03:00:26Z,UCTQVIXvcHrR9jYoJ6qaBAow,M2,2023-01-04T00:00:00Z,1308494,130016,0,2770,https://i.ytimg.com/vi/g65p97zM5dc/default.jpg
78LM7AyE6-g,[GOING SEVENTEEN SPECIAL] 겨울방학 특집 : 안다와 몰라 #1 (I Know & Don't Know #1),2022-12-28T08:58:08Z,UCfkXDY7vwkcJ8ddFGz8KusA,SEVENTEEN,2023-01-04T00:00:00Z,2497267,211775,0,8055,https://i.ytimg.com/vi/78LM7AyE6-g/default.jpg
BsU4o8Q_StY,"[#SMTM11/최종회] ♬ DEJAVU(Feat. 박재범, 슬롬) - 이영지 @파이널 2R　#쇼미더머니11 EP.10 | Mnet 221230 방송",2022-12-30T15:40:46Z,UCepUWUpH45hRTi-QePdq1Bg,Mnet TV,2023-01-04T00:00:00Z,1627862,39638,0,12925,https://i.ytimg.com/vi/BsU4o8Q_StY/default.jpg
XsNamGTlqpg,[2022 MBC 연기대상] '빅마우스' 이종석 대상🏆🎉 | #MBC연기대상 #엠깨비 MBC221230방송,2022-12-31T01:13:47Z,UCiwQRG2sCcfjKkgxMEdJGPg,엠뚜루마뚜루 : MBC 공식 종합 채널,2023-01-04T00:00:00Z,1622710,18198,0,2369,https://i.ytimg.com/vi/XsNamGTlqpg/default.jpg
epKRJ6xSZWo,Yield To Warrior Champion's Shield! Clash of Clans Season Challenges,2023-01-01T08:00:28Z,UCD1Em4q90ZUK2R5HKesszJg,Clash of Clans,2023-01-04T00:00:00Z,1619566,30817,0,970,https://i.ytimg.com/vi/epKRJ6xSZWo/default.jpg
SszP3hlQ55Y,ATEEZ(에이티즈) - 'HALAZIA' Official MV,2022-12-30T05:00:02Z,UCQdq-lqPEq_yZ_wP_kuVB9Q,KQ ENTERTAINMENT,2023-01-04T00:00:00Z,26719906,496244,0,73286,https://i.ytimg.com/vi/SszP3hlQ55Y/default.jpg
lQori8kmHis,"[#SMTM11/최종회] ♬ Way up(Feat. 저스디스, 카모) - 허성현 @파이널 2R　#쇼미더머니11 EP.10 | Mnet 221230 방송",2022-12-30T16:27:55Z,UCepUWUpH45hRTi-QePdq1Bg,Mnet TV,2023-01-04T00:00:00Z,989692,12044,0,2649,https://i.ytimg.com/vi/lQori8kmHis/default.jpg
PBDsj8V83vc,융터르 - 우왁굳 반응,2022-12-28T12:25:07Z,UCBkyj16n2snkRg1BAzpovXQ,우왁굳의 게임방송,2023-01-04T00:00:00Z,1201405,33425,0,4437,https://i.ytimg.com/vi/PBDsj8V83vc/default.jpg
Q3GfSmB1WCs,[ENG] 청춘 드라마 그 자체! 과몰입 서사의 장본인들 모셨습니다💜 | 이나연 X 남희두 X 성해은 X 정현규 냉터뷰 1부,2022-12-29T13:00:09Z,UCWaWvDRyhmSKOQWah7t7wuA,일일칠 - 117,2023-01-04T00:00:00Z,1795145,36474,0,1692,https://i.ytimg.com/vi/Q3GfSmB1WCs/default.jpg
Mjr47ikehQE,[BOYS PLANET] '난 빛나 (Here I Am)' Performance,2022-12-29T10:15:01Z,UCbD8EppRX3ZwJSou-TVo90A,Mnet K-POP,2023-01-04T00:00:00Z,2121747,124462,0,16999,https://i.ytimg.com/vi/Mjr47ikehQE/default.jpg
vUGdph38xeg,드디어 프로포즈..! PROPOSE,2022-12-29T09:03:18Z,UCj-durTg1W7uWsB8oq0u7kA,엔조이커플enjoycouple,2023-01-04T00:00:00Z,1417100,44718,0,2544,https://i.ytimg.com/vi/vUGdph38xeg/default.jpg
mAkY0NJ59XI,[#SMTM11/최종회] ♬ Chosen 1 - 블라세 @파이널 1R　#쇼미더머니11 EP.10 | Mnet 221230 방송,2022-12-30T15:15:42Z,UCepUWUpH45hRTi-QePdq1Bg,Mnet TV,2023-01-04T00:00:00Z,793501,13860,0,3207,https://i.ytimg.com/vi/mAkY0NJ59XI/default.jpg
IjNlkBrri6s,한류스타 준수와 일류스타 다나카의 만남🌷,2022-12-29T09:00:13Z,UC0QKPVkRkvgupomhEYK1Uhw,나몰라패밀리 핫쇼,2023-01-04T00:00:00Z,674323,18278,0,2375,https://i.ytimg.com/vi/IjNlkBrri6s/default.jpg
Lk0tromzlGE,일본이 팔리고 있다...잃어버린 30년 그 후폭풍 [풀영상] | 창400회 (22.12.27),2022-12-27T13:00:10Z,UCEb31RoX5RnfYENmnyokN8A,KBS시사,2023-01-04T00:00:00Z,1029789,13938,0,2571,https://i.ytimg.com/vi/Lk0tromzlGE/default.jpg
RaubIjR0IwY,[풀영상]외아들로 자라면서 외롭게 컸는데 즐거움을 준 MBC 예능,2022-12-30T08:32:48Z,UCXGh59C0ilyfsJaO59uR5Yw,모지,2023-01-04T00:00:00Z,315224,2678,0,422,https://i.ytimg.com/vi/RaubIjR0IwY/default.jpg
Gm-z72MMCS8,"돌아온 해외축구, 돌아온 주말 예능｜해외축구 주간 모음.zip 시즌2 [EP.16]",2022-12-31T01:15:00Z,UCkFGfvN6AAhoBVSqju0CgmA,SPOTV 오리지널,2023-01-04T00:00:00Z,369289,3397,0,463,https://i.ytimg.com/vi/Gm-z72MMCS8/default.jpg
2rLgPx3A6cw,일본의 꼬ㅊ미남 다나카를 발굴한 사장 김경욱의 성공기 | 킹받는 뉴스쇼 EP.32 김경욱 편,2022-12-30T11:00:02Z,UC1JuasrqdCZ63YhKhxZ0J3w,HeyNews,2023-01-04T00:00:00Z,413932,6047,0,602,https://i.ytimg.com/vi/2rLgPx3A6cw/default.jpg
LSSniIL0UNw,"운동 유튜버 총 출동.. 비상 대책회의 (W.말왕, 권혁, 지기tv, 핏블리, 지피티)",2022-12-29T11:00:09Z,UCdtRAcd3L_UpV4tMXCw63NQ,피지컬갤러리,2023-01-04T00:00:00Z,538738,7695,0,852,https://i.ytimg.com/vi/LSSniIL0UNw/default.jpg
7bYdA0Dscpg,[MPD직캠] 엔시티 드림 1위 앵콜 직캠 4K 'Candy' (NCT DREAM FanCam No.1 Encore) | @MCOUNTDOWN_2022.12.29,2022-12-29T13:09:18Z,UCTQVIXvcHrR9jYoJ6qaBAow,M2,2023-01-04T00:00:00Z,608377,51754,0,1358,https://i.ytimg.com/vi/7bYdA0Dscpg/default.jpg
ZbpflGTRgNo,[가요대제전] JEONG DONG WON - Baennori(정동원 – 뱃놀이) FanCam (Horizontal Ver.)|MBC Music Festival|MBC221231방송,2022-12-31T16:16:00Z,UCe52oeb7Xv_KaJsEzcKXJJg,MBCkpop,2023-01-04T00:00:00Z,334611,10413,0,1537,https://i.ytimg.com/vi/ZbpflGTRgNo/default.jpg
xcrwvRSYLII,인생 첫 커플화보 도전!!! (sub),2022-12-30T07:00:15Z,UCbFbzOHmp04AS2ZkFSpQ4Og,일단이나연 NAYEON,2023-01-04T00:00:00Z,729432,17775,0,842,https://i.ytimg.com/vi/xcrwvRSYLII/default.jpg
qTBKgdbwRpU,긴말 필요 없는 경력 20년 꽃게배 조리장의 명품 꽃게라면│#골라듄다큐,2022-12-28T13:22:18Z,UCFCtZJTuJhE18k8IXwmXTYQ,EBSDocumentary (EBS 다큐),2023-01-04T00:00:00Z,1908369,10021,0,1340,https://i.ytimg.com/vi/qTBKgdbwRpU/default.jpg
1_4ycOoIvzY,HIGHLIGHTS | SPURS 0-2 ASTON VILLA,2023-01-01T22:00:00Z,UCEg25rdRZXg32iwai6N6l0w,Tottenham Hotspur,2023-01-04T00:00:00Z,527029,6882,0,1442,https://i.ytimg.com/vi/1_4ycOoIvzY/default.jpg
3t4-W6d5zpk,한파 속에 집보다 텐트가 더 따뜻합니다 | 겨울 장박의 묘미 | 이정도면 여기에 살아도 됨,2023-01-01T11:15:00Z,UCw5X6yzXwIcaSzJAQsL69Ug,조조캠핑,2023-01-04T00:00:00Z,411098,8891,0,515,https://i.ytimg.com/vi/3t4-W6d5zpk/default.jpg
G2d3nO03pkU,🎄크리스마스 미션 : 시민들에게 선물 나눠주기🎁💕  | 영웅본색 Ep.3,2022-12-28T09:16:00Z,UC3WZlO2Zl8NE1yIUgtwUtQw,임영웅,2023-01-04T00:00:00Z,771512,68214,0,5395,https://i.ytimg.com/vi/G2d3nO03pkU/default.jpg
bwex5YdEDqA,[자막뉴스] 밭일하던 태국인들 모여들더니.. 경찰 뜨자 뛰쳐나와 '우당탕탕' (2022.12.30/ MBC뉴스),2022-12-30T03:45:01Z,UCF4Wxdo3inmxP-Y59wXDsFw,MBCNEWS,2023-01-04T00:00:00Z,2585726,10113,0,3000,https://i.ytimg.com/vi/bwex5YdEDqA/default.jpg
IGoM4EuOVM0,[MV] 성시경(Sung Si Kyung) - 아픈 나를(Lovesick) (Prod by. 나얼),2022-12-27T09:00:06Z,UCweOkPb1wVVH0Q0Tlj4a5Pw,1theK (원더케이),2023-01-04T00:00:00Z,719144,12276,0,1158,https://i.ytimg.com/vi/IGoM4EuOVM0/default.jpg
nAOHGS2SSAM,Ending The Year On A HIGH! 🤩 | Wolves 0-1 Man Utd | Highlights,2022-12-31T17:15:02Z,UC6yW44UGJJBvYTlfC7CRg2Q,Manchester United,2023-01-04T00:00:00Z,3066541,67498,0,1542,https://i.ytimg.com/vi/nAOHGS2SSAM/default.jpg
GWsgJXr2Flg,[#MBC연예대상] 신인상부터 대상까지 15분만에 벼락치기⚡ 어제 밤에 못 본 사람들 다 모여랏~~!ㅣ#전현무 #유재석 MBC221229방송,2022-12-29T23:34:16Z,UCiwQRG2sCcfjKkgxMEdJGPg,엠뚜루마뚜루 : MBC 공식 종합 채널,2023-01-04T00:00:00Z,2943175,17901,0,1989,https://i.ytimg.com/vi/GWsgJXr2Flg/default.jpg
QJPk1K1QF-U,NewJeans (뉴진스) 'Ditto' Performance Video (Fix ver.),2022-12-31T08:00:01Z,UCMki_UkHb4qSc0qyEcOHHJw,NewJeans,2023-01-04T00:00:00Z,1179623,69819,0,1477,https://i.ytimg.com/vi/QJPk1K1QF-U/default.jpg
w5kl0y4sDUw,절대 뜨거운 물에 삶지마세요! 대박집 꼬막무침 찬물 한컵을 넣고 삶아 정말 맛있어요~,2022-12-28T01:42:15Z,UCcNUpInQt1tI3JC_oTPQ20w,요리왕비룡 Korean Food Cooking,2023-01-04T00:00:00Z,863167,13639,0,212,https://i.ytimg.com/vi/w5kl0y4sDUw/default.jpg
LeMAsIlW_Ng,"(SUB)서하얀표 집밥 레시피 공개👩🏻‍🍳 남편 생일상 차리기! 연말 가족 일상 VLOG | 초간단 계란찜, 된장찌개, 김장, 간장게장, 창정이 정식, 팬미팅, 먹방",2022-12-29T09:00:17Z,UC8Em6JHKZVbPf529G4nFAYw,서하얀 seohayan,2023-01-04T00:00:00Z,850950,8459,0,375,https://i.ytimg.com/vi/LeMAsIlW_Ng/default.jpg
YWCGQlhz1TQ,PSG is Back! 월드컵에서 돌아온 음바페 & 네이마르 선발출전! [리그1 16R HL/PSG vs 스트라스부르],2022-12-28T22:59:24Z,UCxdayJ2v3MJk8eraNrYLzdQ,파리 습제르맹 - Paris SBS-Germain,2023-01-04T00:00:00Z,470819,2262,0,674,https://i.ytimg.com/vi/YWCGQlhz1TQ/default.jpg
Ft3UPeLLTaE,대방어가 미쳤고 비주얼이 맛있습니다 | 우리동네고수 EP.6,2022-12-28T08:47:12Z,UCl0HemfAt7dShJRf59_cuGQ,이리오너라,2023-01-04T00:00:00Z,402766,1896,0,102,https://i.ytimg.com/vi/Ft3UPeLLTaE/default.jpg
DKD6IcWWal8,임시차단 (우왁굳 반응) - 2022 연말 공모전,2022-12-28T05:30:03Z,UChCqDNXQddSr0ncjs_78duA,우왁굳의 계륵,2023-01-04T00:00:00Z,314185,7357,0,679,https://i.ytimg.com/vi/DKD6IcWWal8/default.jpg
VET_SQGyPAw,"여성 챌린저에서 프로게이머로, 순당무의 새로운 도전 | New Challenger",2022-12-29T09:00:07Z,UCxedTJNaGRHiq6YfNtQVCNA,리브 샌드박스 Liiv SANDBOX,2023-01-04T00:00:00Z,981172,10880,0,2457,https://i.ytimg.com/vi/VET_SQGyPAw/default.jpg
dg_r7iTAT_Y,[도원차트 ON THE STAGE]  🎤도경완&이찬원  '당신이 좋아😍' ｜  12월 26일 월요일  밤 09시 30분 첫 방송,2022-12-26T13:26:24Z,UCAIAn1gmUWEukE2e5BQ0Zew,Kstar(케이스타),2023-01-04T00:00:00Z,521391,17133,0,1948,https://i.ytimg.com/vi/dg_r7iTAT_Y/default.jpg
_bHTENUrZP4,"ENG)해은이가 나언이만 몰래 알려준 틴트는? [제트룸 Z-ROOM] - 해은, 나언 편 EP.1 |What's in my carrier|",2022-12-28T02:59:06Z,UC5CTLf-G91F8BCEKMPQEDDg,zigzag,2023-01-04T00:00:00Z,1187440,20117,0,766,https://i.ytimg.com/vi/_bHTENUrZP4/default.jpg
tu0lzL1Pby8,길 가다가 포메를 주웠습니다,2022-12-28T02:44:42Z,UC-IYpdOqjkER7B6cnChwlhA,소녀의행성 Girlsplanet,2023-01-04T00:00:00Z,1639421,50907,0,3535,https://i.ytimg.com/vi/tu0lzL1Pby8/default.jpg
tljBMvZmTiY,슈퍼주니어 완전체는 뭐다? 만나면 싸운다. #미운우리새끼 #MyLittleOldBoy | SBSNOW,2022-12-26T12:15:05Z,UCcOYEm78CpaZQvPE6LtoSeA,SBS NOW / SBS 공식 채널,2023-01-04T00:00:00Z,1267593,15936,0,1223,https://i.ytimg.com/vi/tljBMvZmTiY/default.jpg
vRUocR_wPVk,SNL 코리아 시즌3 | 박해수 편 하이라이트 | MZ오피스 | 쿠팡플레이 | 쿠팡,2022-12-25T08:00:31Z,UCjn-VbcIkAeXQKCmLJV8YwQ,쿠팡플레이 Coupang Play,2023-01-04T00:00:00Z,4212787,31012,0,1861,https://i.ytimg.com/vi/vRUocR_wPVk/default.jpg
HJMowHEG1iM,무중력 상태로 100년 후에 깨어날지도 모르는 플로팅탱크 캡슐에 들어가보았습니다!,2022-12-27T09:50:25Z,UCk6bX-MZXdte_7kG8TbMkqg,허팝Heopop,2023-01-04T00:00:00Z,1036323,11364,0,850,https://i.ytimg.com/vi/HJMowHEG1iM/default.jpg
6OOInBfh2AE,남매전쟁 고양이편 - 병맛더빙,2022-12-27T09:26:03Z,UC5RIONX9G_2zb_x4SRJgBbQ,병맛교수 Gyosu Animation,2023-01-04T00:00:00Z,212043,2524,0,492,https://i.ytimg.com/vi/6OOInBfh2AE/default.jpg
NkLbjnJ8FIQ,[MPD직캠] 엔시티 드림 직캠 8K 'Candy' (NCT DREAM FanCam) | @MCOUNTDOWN_2022.12.29,2022-12-29T10:27:39Z,UCTQVIXvcHrR9jYoJ6qaBAow,M2,2023-01-04T00:00:00Z,251592,20060,0,349,https://i.ytimg.com/vi/NkLbjnJ8FIQ/default.jpg
aoWPvH0Jr2A,[클린버전] 박서진 - 붉은 입술 ❤미스터트롯2 1화❤ TV CHOSUN 221222 방송,2022-12-26T09:00:01Z,UCskIKQGpjI5sG2ZLtWLYSmw,미스&미스터트롯,2023-01-04T00:00:00Z,277708,6152,0,2536,https://i.ytimg.com/vi/aoWPvH0Jr2A/default.jpg
2FAbfpxlH6k,ATEEZ(에이티즈) - 'HALAZIA' Official MV Teaser 2,2022-12-29T05:00:10Z,UCQdq-lqPEq_yZ_wP_kuVB9Q,KQ ENTERTAINMENT,2023-01-04T00:00:00Z,672738,71580,0,5241,https://i.ytimg.com/vi/2FAbfpxlH6k/default.jpg
sa5Nl6OM3i4,딸 때문에 한국에 오신 일본인 장인어른이 보인 반응은?? [한일커플//한일부부],2022-12-27T03:30:09Z,UCHMRxK4myP16SSz3J832UtA,오니기리스튜디오〈オニギリスタジオ〉,2023-01-04T00:00:00Z,631308,14677,0,600,https://i.ytimg.com/vi/sa5Nl6OM3i4/default.jpg
CDpl6Y1KHdk,‘한국인 고유의 바닥난방‘ 경력 43년 장인이 현대식 온돌방을 만드는 과정│추운 겨울이면 생각나는 뜨끈한 아랫목│이동식 구들방 제작│#골라듄다큐,2022-12-26T02:33:36Z,UCFCtZJTuJhE18k8IXwmXTYQ,EBSDocumentary (EBS 다큐),2023-01-04T00:00:00Z,1567790,9884,0,635,https://i.ytimg.com/vi/CDpl6Y1KHdk/default.jpg
wc7xNP_HXU4,금요일에 만나용! #예고편 #기대해도조아,2022-12-28T07:00:14Z,UCbFbzOHmp04AS2ZkFSpQ4Og,일단이나연 NAYEON,2023-01-04T00:00:00Z,468688,10677,0,792,https://i.ytimg.com/vi/wc7xNP_HXU4/default.jpg
WdQW-vPGAH4,밤에만 여는 흡혈귀 식당의 코스요리⎥🇯🇵일본2,2022-12-26T07:40:02Z,UC9gxOp_-R78phMHmv2bW_sg,원지의하루,2023-01-04T00:00:00Z,385915,11239,0,1201,https://i.ytimg.com/vi/WdQW-vPGAH4/default.jpg
CXaPa77XTlA,[도원차트 ON THE STAGE]  (선공개)🎤이찬원  '진정인가요' ｜  12월 26일 월요일  밤 09시 30분 첫 방송,2022-12-26T07:15:31Z,UCAIAn1gmUWEukE2e5BQ0Zew,Kstar(케이스타),2023-01-04T00:00:00Z,263677,11855,0,1679,https://i.ytimg.com/vi/CXaPa77XTlA/default.jpg
TlfBW_tDp8E,"Ugly duckling (Feat. sunwoojunga, BOBBY) (Prod. R.Tee)",2022-12-24T03:04:44Z,UCKaF7agbJ4Vp0-ggt8TXMzg,Huh - Topic,2023-01-04T00:00:00Z,1005772,6828,0,51,https://i.ytimg.com/vi/TlfBW_tDp8E/default.jpg
e6KwhtiO7ds,여자가 된 몸으로 교육,2022-12-29T10:00:41Z,UCYn09ySlShmzBtYwl1OgOsA,CheezeFilm,2023-01-04T00:00:00Z,1151490,17475,0,1528,https://i.ytimg.com/vi/e6KwhtiO7ds/default.jpg
U03FqTkrzRY,정상적으로 돌아온 꼴목매장 | 감성주점 외전 EP.END,2022-12-25T03:06:32Z,UCIG4gr_wIy5CIlcFciUbIQw,진용진,2023-01-04T00:00:00Z,1373781,22948,0,3084,https://i.ytimg.com/vi/U03FqTkrzRY/default.jpg
joELFi60aZs,사랑과 (권)정열을 바퀴입에서... 곽 잡으려고 옥상에서 뛰쳐내려옴💦 | 바퀴 달린 입 3 EP.8,2022-12-27T09:00:16Z,UCYtjW8dGkaeHwrMiB01Xa_Q,스튜디오 와플 - STUDIO WAFFLE,2023-01-04T00:00:00Z,1606018,18584,0,974,https://i.ytimg.com/vi/joELFi60aZs/default.jpg
vEbPFhNSgzk,"뉴진스(NewJeans), 상큼하고 발랄한 무대 ＜Tell Me(원더걸스)♬＞ #SBS가요대전 #SBSenter",2022-12-24T13:48:48Z,UCmjNKt6kITwaZTqvWuaSPLg,SBS Entertainment,2023-01-04T00:00:00Z,1516632,52716,0,2038,https://i.ytimg.com/vi/vEbPFhNSgzk/default.jpg
uJJuwQLkrk8,EP.1-2ㅣfunfun함이 난무하는 인물퀴즈 [출장병재야 x 버드나무액터스],2022-12-26T08:00:16Z,UCHw9p667e9l0qoYfY8calaA,유병재,2023-01-04T00:00:00Z,292151,5595,0,437,https://i.ytimg.com/vi/uJJuwQLkrk8/default.jpg
YD1UblIUEe4,[4K] NewJeans (뉴진스) -“Ditto” Band LIVE Concert │Ditto HOLIDAY BAND LIVE🎄 [it’s KPOP LIVE 잇츠라이브],2022-12-23T08:00:11Z,UCB9e3pof1o83aa0kkaoeJGA,it's Live,2023-01-04T00:00:00Z,6378882,332866,0,9910,https://i.ytimg.com/vi/YD1UblIUEe4/default.jpg
lAz-rD3SDS4,"Name Tag (Feat. Sik-K, Coogie) (Prod. GroovyRoom)",2022-12-24T03:03:28Z,UCrUCHt-vYkT52lWMs6lY8qg,Blase - Topic,2023-01-04T00:00:00Z,564653,3767,0,44,https://i.ytimg.com/vi/lAz-rD3SDS4/default.jpg
0F4jg9To53I,[환혼: 빛과 그림자 OST Part 2] 황민현 (HWANG MIN HYUN)  - 나무 (바라만 본다 2) (Tree (Just Watching You 2)) MV,2022-12-26T03:00:00Z,UC_pwIXKXNm5KGhdEVzmY60A,Stone Music Entertainment,2023-01-04T00:00:00Z,661748,32129,0,1302,https://i.ytimg.com/vi/0F4jg9To53I/default.jpg
YHq4wWmrmm8,"바보..브이로그?! 머리잘랐어요, 카이막 맛은? 떡볶이 비교, 말 배우는 아기",2022-12-27T23:38:05Z,UCkh6TlSape86-iHiehXvsmA,yoovlog,2023-01-04T00:00:00Z,306960,6840,0,394,https://i.ytimg.com/vi/YHq4wWmrmm8/default.jpg
gaqBNt6lLgE,브렌트포드전 주요장면 I 현지해설 I 한글자막,2022-12-27T02:00:08Z,UCEg25rdRZXg32iwai6N6l0w,Tottenham Hotspur,2023-01-04T00:00:00Z,194607,1506,0,371,https://i.ytimg.com/vi/gaqBNt6lLgE/default.jpg
lqbW2vtFioY,[짐승친구들] 새대갈의 정체,2022-12-24T06:00:24Z,UCszFjh7CEfwDb7UUGb4RzCQ,짤툰,2023-01-04T00:00:00Z,1281002,19554,0,2106,https://i.ytimg.com/vi/lqbW2vtFioY/default.jpg
_Vqkk_LEi4M,NCT DREAM 엔시티 드림 ‘Candy’ Dance Practice (Moving Ver.),2022-12-26T07:00:16Z,UC473RoZQE2gtgZJ61ZW0ZDQ,SMP FLOOR,2023-01-04T00:00:00Z,819073,80433,0,1380,https://i.ytimg.com/vi/_Vqkk_LEi4M/default.jpg
F8p3RR37naI,(여자)아이들((G)I-DLE) - 'Nxde' Recording Behind (ENG/CHN),2022-12-23T13:00:08Z,UCritGVo7pLJLUS8wEu32vow,(G)I-DLE (여자)아이들 (Official YouTube Channel),2023-01-04T00:00:00Z,4285440,255835,0,6194,https://i.ytimg.com/vi/F8p3RR37naI/default.jpg
oNPt7jLcyms,[대표단예심] 승민꽃이 활짝 피었습니다 [85번 남승민] 🔥불타는 트롯맨 2화🔥 221227,2022-12-27T17:18:31Z,UCrnEfgTKtQa945F-QwtgDXw,불타는 트롯맨,2023-01-04T00:00:00Z,435200,7918,0,1016,https://i.ytimg.com/vi/oNPt7jLcyms/default.jpg
HAMf-G6GXIQ,목포 찐맛집 통째로 씹어먹고 옴 | 또간집 EP.18,2022-12-23T09:28:09Z,UC4ZA57iJrf73bJlApKFeLRw,재밌는 거 올라온다,2023-01-04T00:00:00Z,2297602,33345,0,2878,https://i.ytimg.com/vi/HAMf-G6GXIQ/default.jpg
VzWwMAvTquo,"폭설 내리던 어느 날, 나홀로 설중 캠핑 / 화목난로로 오븐닭 만들었어요! /이래서 장박하나봐요ㅎㅎ",2022-12-25T13:43:47Z,UCbaU6-0RF7FCbNfJtkkbagw,캠핑쥐campingG,2023-01-04T00:00:00Z,530828,10327,0,514,https://i.ytimg.com/vi/VzWwMAvTquo/default.jpg
hbnOfUZSaFk,-15℃ 폭설 속 너무나 따스했던 겨울캠핑 (부제:고양이들과 침낭 같이쓰기) / 솔로캠핑 / 동계캠핑 / 고양이,2022-12-25T13:00:11Z,UCeyU98dnBQ18KdThUqSvBtA,Rirang OnAir,2023-01-04T00:00:00Z,1507223,28354,0,2003,https://i.ytimg.com/vi/hbnOfUZSaFk/default.jpg
13uJUMMP6Fg,"[#어둑시니Pick] 아파트 복도 끝 심야 배달, 등 뒤 소름끼치는 아기 울음소리｜#심야괴담회 #심괴 #어둑시니 MBC221222방송",2022-12-24T11:00:00Z,UC8OUSYm-ztRAT6EE6VHPpGw,MBC 미스터리 : 심야괴담회 X 서프라이즈,2023-01-04T00:00:00Z,361694,3928,0,372,https://i.ytimg.com/vi/13uJUMMP6Fg/default.jpg
fjFAFZW1x7c,카즈하..레이..사나..츠키.. 그리고.....다나카♡ | 노빠꾸탁재훈 시즌2 EP.31,2022-12-22T09:00:15Z,UCSSkHIU1-nL_FeCjeZ_Xtvg,노빠꾸탁재훈,2023-01-04T00:00:00Z,2701942,43371,0,2557,https://i.ytimg.com/vi/fjFAFZW1x7c/default.jpg
bzAb2y4JwHA,선물쇼핑,2022-12-26T08:30:05Z,UCaKod3X1Tn4c7Ci0iUKcvzQ,런닝맨 - 스브스 공식 채널,2023-01-04T00:00:00Z,1141448,9914,0,505,https://i.ytimg.com/vi/bzAb2y4JwHA/default.jpg
TS8FO7H8cWg,[#미스터트롯2] 장구에 가려졌던 매력 대폭발한 박서진의 '붉은 입술' #TV조선조이 #TVCHOSUNJOY (TV CHOSUN 221222 방송),2022-12-24T04:00:07Z,UCYeeEwH_s9yD9HQe4e2JuBw,TVCHOSUN JOY,2023-01-04T00:00:00Z,1306433,23023,0,7470,https://i.ytimg.com/vi/TS8FO7H8cWg/default.jpg
RGSK0UivCM4,[#캐나다체크인] 뭔가 기억했나봐요~ 효리를 못 알아 본 강아지가 기억하는 과정ㅠㅠ #highlight,2022-12-25T15:00:58Z,UC78PMQprrZTbU0IlMDsYZPw,tvN,2023-01-04T00:00:00Z,1338280,9433,0,621,https://i.ytimg.com/vi/RGSK0UivCM4/default.jpg
4TFagwlmzJI,똥별쓰는 자니까 빨리 연말결산,2022-12-26T04:53:58Z,UC2E-9AQ-kwOFlvvXLfY6V8Q,홍현희 제이쓴의 홍쓴TV,2023-01-04T00:00:00Z,515791,9604,0,311,https://i.ytimg.com/vi/4TFagwlmzJI/default.jpg
EWtpo5nkxMg,[2022 가요대전 4K] 뉴진스 'Intro + Tell Me(원더걸스)' (NewJeans FullCam)│@SBS Gayo Daejeon 221224,2022-12-24T19:03:08Z,UCS_hnpJLQTvBkqALgapi_4g,스브스케이팝 X INKIGAYO,2023-01-04T00:00:00Z,1210828,37512,0,1527,https://i.ytimg.com/vi/EWtpo5nkxMg/default.jpg
88Kzr7ZhTag,이거 계획한 사람 나와…💢ㅣEXO-mas🎄쓸없선 마니또🎁,2022-12-25T03:00:02Z,UCzCedBCSSltI1TFd3bKyN6g,EXO,2023-01-04T00:00:00Z,1780487,212629,0,14352,https://i.ytimg.com/vi/88Kzr7ZhTag/default.jpg
cFlHCyNnyeo,1++ 한우도 뱉었던 프나르가 맛있다고 난리친 ‘망원시장’ 솔직 후기 - 국내 (3),2022-12-27T11:00:30Z,UC_4hHKHUcs9bGpl_zDAOxvg,캐럿맨 여행기 Carrot man,2023-01-04T00:00:00Z,504582,14124,0,1429,https://i.ytimg.com/vi/cFlHCyNnyeo/default.jpg
TskojGw8RyI,“엄마보다 나이 많은 남편 때문에 족보가 꼬였어요” 가족 하나만 보고 캄보디아에서 한국 산골로 시집온 결혼 7년 차 26살의 아내│다문화 휴먼다큐 '가족'│알고e즘,2022-12-22T01:00:07Z,UCl_tB4AqPkkxuYcJQHz6dMw,EBSCulture (EBS 교양),2023-01-04T00:00:00Z,1914754,15625,0,2714,https://i.ytimg.com/vi/TskojGw8RyI/default.jpg
3Fi766ctu8Y,"다나카, 드디어 강나미가 지명했습니다!😎 I 남의 집 귀한 자식 EP.3 [동네친구 강나미]",2022-12-22T10:00:04Z,UCrAhzG4rf642oTUCpdyo5Vw,동네친구 강나미,2023-01-04T00:00:00Z,3255494,52775,0,2763,https://i.ytimg.com/vi/3Fi766ctu8Y/default.jpg
UestjRNUPh8,(SUB) [16회 하이라이트] 송중기가 회귀한 진짜 이유?! 드디어 밝혀진 윤현우-진도준의 관계 | 재벌집 막내아들 | JTBC 221225 방송,2022-12-25T14:59:15Z,UCkbJc8jMcTXwhtmN5VMwfXg,JTBC Drama,2023-01-04T00:00:00Z,1404444,6753,0,12801,https://i.ytimg.com/vi/UestjRNUPh8/default.jpg
6pswnKF7fI4,💎100만원 겔랑 캘린더💜60만원 입생 캘린더❤️100만원 디올 캘린더 한방에 뜯기,2022-12-25T10:00:06Z,UCnekLiljel-Px4ClMC7b3mg,회사원A,2023-01-04T00:00:00Z,501915,7977,0,389,https://i.ytimg.com/vi/6pswnKF7fI4/default.jpg
PYkmjaO0Yi8,크리스마스 파티,2022-12-23T09:00:12Z,UC1B6SalAoiJD7eHfMUA9QrA,숏박스,2023-01-04T00:00:00Z,3479790,57775,0,1931,https://i.ytimg.com/vi/PYkmjaO0Yi8/default.jpg
VnVlLCk9oOA,[ENG] 또 피크닉은 핑계고,2022-12-23T09:00:10Z,UCDNvRZRgvkBTUkQzFoT_8rA,뜬뜬 DdeunDdeun,2023-01-04T00:00:00Z,1391094,29315,0,1724,https://i.ytimg.com/vi/VnVlLCk9oOA/default.jpg
xOXHg8v9lo0,화산이 폭발하면 주변 동물들은 어떻게 될까? 백두산이 폭발하면 우리나라는? / 최재천의 아마존,2022-12-22T02:30:23Z,UCLcfz3EIgDw01VtRLZmrxDQ,최재천의 아마존,2023-01-04T00:00:00Z,1802837,28996,0,903,https://i.ytimg.com/vi/xOXHg8v9lo0/default.jpg
rboiHxBqdZk,[COVER] KIM CHAEWON - First Love (원곡 : Hikaru Utada),2022-12-23T15:00:03Z,UCs-QBT4qkj_YiQw1ZntDO3g,LE SSERAFIM,2023-01-04T00:00:00Z,4445026,295537,0,12082,https://i.ytimg.com/vi/rboiHxBqdZk/default.jpg
UZO-gdYgwOw,크리스마스에는 용복을 (Felix never bad) #2｜[SKZ CODE] Ep.26,2022-12-25T10:59:56Z,UC9rMiEjNaCSsebs31MRDCRA,Stray Kids,2023-01-04T00:00:00Z,1104262,136121,0,3860,https://i.ytimg.com/vi/UZO-gdYgwOw/default.jpg
NK3Sd-VL81s,땅따먹기로 방을 차지하면 무조건 그 방에서 하룻밤 자야하는 방구석 땅따먹기 ㅋㅋㅋㅋㅋㅋㅋㅋ,2022-12-26T11:05:53Z,UC9ZLv1m7QDLv991X1-p50AA,보물섬,2023-01-04T00:00:00Z,705317,9114,0,558,https://i.ytimg.com/vi/NK3Sd-VL81s/default.jpg
w7CZLO0RUog,취향 100% 반영한 장박지 꾸미기 | 언제든지 갈 수 있는 나의 세컨 하우스 | 두번째 겨울 장박,2022-12-25T12:01:55Z,UCw5X6yzXwIcaSzJAQsL69Ug,조조캠핑,2023-01-04T00:00:00Z,706768,12599,0,1069,https://i.ytimg.com/vi/w7CZLO0RUog/default.jpg
NPXpf7FKVZk,"인류의 역사를 흔들었던 마약, 대마초의 역사 | 의학의 역사 대마편",2022-12-27T12:00:08Z,UCVfLNEch9YxD4tX1L-crkMQ,닥터프렌즈,2023-01-04T00:00:00Z,339237,6610,0,397,https://i.ytimg.com/vi/NPXpf7FKVZk/default.jpg
ufBdxbNUc_I,드라마로 돌아온 탁배우😎와 미우새 멤버들이 준비한 어딘가 이상한 커피차☕💦 [미운우리새끼|221225 SBS방송],2022-12-27T02:14:02Z,UCy-swBYpRZx7KW11FStjTgw,레알예능 스브스,2023-01-04T00:00:00Z,280933,2032,0,188,https://i.ytimg.com/vi/ufBdxbNUc_I/default.jpg
Ed-FaQT8ZTA,[4화 예고] 700억! 그냥 폼나게 한 번 쓰자ㅣ[카지노] 디즈니+,2022-12-23T09:00:07Z,UCtdz9LWNNQKUg4Xpma_40Ug,Disney Plus Korea 디즈니 플러스 코리아,2023-01-04T00:00:00Z,274592,1088,0,227,https://i.ytimg.com/vi/Ed-FaQT8ZTA/default.jpg
sprvhaMWDYQ,[뭉쳐야찬다2] ＂둘 다 불편해!!＂ 역시 최용수 감독ㅋㅋㅋ 전화 한 통으로 뭉찬을 뒤집어 놓으셨따..★｜핫클립｜JTBC 221225 방송,2022-12-26T11:06:22Z,UCF3UEVPt5zZTlBVJwDG317g,JTBC Voyage,2023-01-04T00:00:00Z,690077,3358,0,346,https://i.ytimg.com/vi/sprvhaMWDYQ/default.jpg
9tvjkFJghJA,11년 만에 돌아온 명작의 귀환 디아블로4 [ G식의밤 시즌3 디아블로 Ⅳ #1 ],2022-12-23T08:00:07Z,UCZ0bi2aVJngKLwFTU5g_fLQ,김성회의 G식백과,2023-01-04T00:00:00Z,636693,6266,0,965,https://i.ytimg.com/vi/9tvjkFJghJA/default.jpg
vv1Izu87r7Y,이쁜 여자스탭에게 작업거는 모태솔로 남자 | 컬투쇼 영상툰,2022-12-24T05:00:30Z,UC3zQwS0Ioduks5DqvMWFd5Q,재훍 영상툰,2023-01-04T00:00:00Z,643818,7328,0,226,https://i.ytimg.com/vi/vv1Izu87r7Y/default.jpg
w_jJ1hJXy8E,"Christmas Carol Medley | Cover by NCT DOYOUNG, JAEHYUN, JUNGWOO",2022-12-23T13:00:26Z,UCwgtORdDtUKhpjE1VBv6XfA,NCT,2023-01-04T00:00:00Z,1395389,142718,0,6363,https://i.ytimg.com/vi/w_jJ1hJXy8E/default.jpg
x14RNW6wbEs,4차원 아기들 찜질방편 - 병맛더빙,2022-12-22T10:30:21Z,UC5RIONX9G_2zb_x4SRJgBbQ,병맛교수 Gyosu Animation,2023-01-04T00:00:00Z,643810,6241,0,1201,https://i.ytimg.com/vi/x14RNW6wbEs/default.jpg
HXA7TkH1vEs,몇 개고? 원더골 말이다｜⭐해외축구 재개 기념⭐ 주간모음집 특별편,2022-12-25T01:15:00Z,UCkFGfvN6AAhoBVSqju0CgmA,SPOTV 오리지널,2023-01-04T00:00:00Z,463636,3921,0,318,https://i.ytimg.com/vi/HXA7TkH1vEs/default.jpg
O6FrR9nAewE,떡볶이 + 어묵탕을 처음 먹어본 마케도니아 가족들 반응?! 크리스마스 트리사기,2022-12-26T11:11:11Z,UCEHYQlrn01RoUMjC5ubcNHQ,NB couple엔비커플,2023-01-04T00:00:00Z,383394,19453,0,799,https://i.ytimg.com/vi/O6FrR9nAewE/default.jpg
vtfUczpzUy0,(SUB) [15회 하이라이트] 진도준은 계획이 다 있구나.. 이성민과의 약속을 지키기 위한 송중기 빅피처💥 | 재벌집 막내아들 | JTBC 221224 방송,2022-12-24T14:36:02Z,UCkbJc8jMcTXwhtmN5VMwfXg,JTBC Drama,2023-01-04T00:00:00Z,1597900,9030,0,2725,https://i.ytimg.com/vi/vtfUczpzUy0/default.jpg
otmSKuHy3kE,"사건 사고도 전설급, 도대체 어떻게 안 망한거죠? (거상 초대석 2편)",2022-12-23T09:00:33Z,UCSgvQDek_7CQj08fu7kp1Iw,중년게이머 김실장,2023-01-04T00:00:00Z,376120,4321,0,936,https://i.ytimg.com/vi/otmSKuHy3kE/default.jpg
rKvyW9YN1k8,[#미스터트롯2] 실력은 이미 현역부 이상! 1분 안에 올하트 채운 실력자 박지현의 '못난 놈' #TV조선조이 #TVCHOSUNJOY (TV CHOSUN 221222 방송),2022-12-24T00:00:16Z,UCYeeEwH_s9yD9HQe4e2JuBw,TVCHOSUN JOY,2023-01-04T00:00:00Z,1023039,14574,0,1942,https://i.ytimg.com/vi/rKvyW9YN1k8/default.jpg
pSUydWEqKwE,NewJeans (뉴진스) 'Ditto' Official MV (side A),2022-12-19T09:00:03Z,UC3IZKseVpdzPSBaWxBxundA,HYBE LABELS,2023-01-04T00:00:00Z,18056590,1018894,0,29429,https://i.ytimg.com/vi/pSUydWEqKwE/default.jpg
xRuVrU9t68A,소름돋는 부산 버스킹 라이브💙 드디어 왔습니다🤗 | 영웅본색 Ep.2,2022-12-21T09:16:00Z,UC3WZlO2Zl8NE1yIUgtwUtQw,임영웅,2023-01-04T00:00:00Z,1090991,77404,0,6808,https://i.ytimg.com/vi/xRuVrU9t68A/default.jpg
hZz6C-3uWow,[※광고 아님] 프랑스인 넷이 뚜레쥬르 본점에 갔다... 거침 없이 솔직한 K-빵 리뷰 / 별다리 유니버스,2022-12-23T09:27:09Z,UCIuteB_3eGG7s_WvPYeZcOg,별다리 유니버스,2023-01-04T00:00:00Z,663408,15356,0,2457,https://i.ytimg.com/vi/hZz6C-3uWow/default.jpg
KlCUbOuy6bM,96즈 김민재&황인범 선수가 생생하게 재연해 주는 월드컵 그때 그 상황⚽ #highlight#유퀴즈온더블럭 | YOU QUIZ ON THE BLOCK EP.173,2022-12-22T13:47:08Z,UC920m3pMPH45qztdhppZhwA,유 퀴즈 온 더 튜브,2023-01-04T00:00:00Z,1513279,13814,0,976,https://i.ytimg.com/vi/KlCUbOuy6bM/default.jpg
64HPb6EPeNU,After Party ‘ANTIFRAGILE’ | 르세라핌이 생각하는 매력 포인트는?!🤔,2022-12-27T11:00:01Z,UCs-QBT4qkj_YiQw1ZntDO3g,LE SSERAFIM,2023-01-04T00:00:00Z,345945,22502,0,832,https://i.ytimg.com/vi/64HPb6EPeNU/default.jpg
z2uR0Gr0yNI,[4K] NMIXX (엔믹스) - Funky Glitter Christmas Band LIVE Concert│크리스마스는 엔믹스와 함께 [it’s KPOP LIVE 잇츠라이브],2022-12-24T08:00:11Z,UCB9e3pof1o83aa0kkaoeJGA,it's Live,2023-01-04T00:00:00Z,550682,36052,0,1641,https://i.ytimg.com/vi/z2uR0Gr0yNI/default.jpg
6z6tEpokGys,떡국 육수없어도 이것 넣으면 맛이 10배💚대박집 떡국은 육수 대신 이것 넣어 너무 맛있어요,2022-12-23T00:00:02Z,UCVXx89z5j3gkQMGScNqmWjw,함께해요 맛나요리,2023-01-04T00:00:00Z,655963,10885,0,227,https://i.ytimg.com/vi/6z6tEpokGys/default.jpg
aT2mbsDQwlI,포레스텔라(Forestella) 'UTOPIA' M/V,2022-12-21T15:00:00Z,UCb_gdTMC2xeuO1p8lKkZHHQ,포레스텔라,2023-01-04T00:00:00Z,499123,20409,0,4824,https://i.ytimg.com/vi/aT2mbsDQwlI/default.jpg
6d-jiBLVRK0,"[#나혼자산다] 대한민국 축구 16강 진출의 주역! 조규성 선수 일상 최초 공개!✨ 집에서는 규성98, 훈련할 때는 본업 천재 그 자체⚽ | #조규성 #축구 MBC221223방송",2022-12-24T06:00:02Z,UCiwQRG2sCcfjKkgxMEdJGPg,엠뚜루마뚜루 : MBC 공식 종합 채널,2023-01-04T00:00:00Z,2207306,28784,0,1150,https://i.ytimg.com/vi/6d-jiBLVRK0/default.jpg
ZYIyEaRYoT0,며느리가 눈탱이 밤탱이로 시댁에 온다면?ㅋㅋㅋㅋ역대급 분노ㅋㅋㅋㅋ,2022-12-22T04:00:08Z,UC2tbZfs11e-5MND58_jfDCA,순자엄마,2023-01-04T00:00:00Z,1961302,23897,0,1189,https://i.ytimg.com/vi/ZYIyEaRYoT0/default.jpg
3jrFwQiq6go,"카라 고인물 팬 사이 숨은 1년차 늦덕 찾기 (feat.카라 승연, 영지)｜PIXID",2022-12-23T10:00:08Z,UCOOKj-kWvrsK8CDfHZTw9lw,Pixid,2023-01-04T00:00:00Z,735109,12277,0,1160,https://i.ytimg.com/vi/3jrFwQiq6go/default.jpg
OAJJlZqOYZs,가족사진 느낌으로 갈까?📸✨ | 도재정’s PHOTO STUDIO🎄,2022-12-25T05:00:07Z,UCwgtORdDtUKhpjE1VBv6XfA,NCT,2023-01-04T00:00:00Z,367183,33382,0,1080,https://i.ytimg.com/vi/OAJJlZqOYZs/default.jpg
esh-WAbfmq8,방금 만든 김장김치 + 수육을 처음 먹어본 마케도니아 가족들 반응?! 쌈장에 진심인 가족 마지막 쌈장인데...,2022-12-21T11:59:36Z,UCEHYQlrn01RoUMjC5ubcNHQ,NB couple엔비커플,2023-01-04T00:00:00Z,909457,43371,0,1864,https://i.ytimg.com/vi/esh-WAbfmq8/default.jpg
rHHiEK2uZiY,"생존 자체가 전설인 게임 거상, 대체 어떤 게임일까? (거상 초대석 1편)",2022-12-21T08:30:19Z,UCSgvQDek_7CQj08fu7kp1Iw,중년게이머 김실장,2023-01-04T00:00:00Z,712026,5527,0,1229,https://i.ytimg.com/vi/rHHiEK2uZiY/default.jpg
n2MINic-dW0,[4K 직캠]포레스텔라 - 마마(MAMA) (EXO-K) [불후의 명곡2 전설을 노래하다/Immortal Songs 2] | KBS 방송,2022-12-24T16:22:20Z,UCR5cyf8hncN_AaQPfmvmlgA,KBS 레전드 케이팝,2023-01-04T00:00:00Z,233779,6306,0,418,https://i.ytimg.com/vi/n2MINic-dW0/default.jpg
uKpG8C3Ydsw,SHINee MINHO + 3 bowls of Korean Pig's Blood Sausage!!,2022-12-21T11:36:24Z,UCg-p3lQIqmhh7gHpyaOmOiQ,영국남자 Korean Englishman,2023-01-04T00:00:00Z,2621859,120840,0,3761,https://i.ytimg.com/vi/uKpG8C3Ydsw/default.jpg
gg_8zYP_yNQ,[에필로그] 더 세게 돌아오겠습니다ㅣ좀비트립 2:파이터를 찾아서,2022-12-22T14:30:08Z,UCc7o0OkR2BDFN4TCgPChjEw,정찬성 Korean Zombie,2023-01-04T00:00:00Z,360662,5796,0,742,https://i.ytimg.com/vi/gg_8zYP_yNQ/default.jpg
-od35n0zprE,[SUB]좋아하는 아이돌이 우리 학교에 찾아온다면? #NCTDREAM | 수고했어 오늘도 2022 #크리스마스선물 🎁,2022-12-23T09:00:00Z,UCv0XxWH9xVxZ8pNyRkEQg8Q,딩고 스토리 / dingo story,2023-01-04T00:00:00Z,1279093,80837,0,2461,https://i.ytimg.com/vi/-od35n0zprE/default.jpg
mR30ziKUkiU,소금 넣지 않고 무나물 맛있게 만드는법. 이것 한 스푼만 넣으세요!💯 평생 써먹는 무 요리 맛있게 만드는법.🥇 무나물볶음 맛있게 만드는 방법 / 새우젓무나물볶음,2022-12-22T01:45:02Z,UCI64Eh_rwWGNDOqrXAcSL8Q,팔숙이 palsook,2023-01-04T00:00:00Z,188844,1779,0,17,https://i.ytimg.com/vi/mR30ziKUkiU/default.jpg
so0rSP-ZY4w,[도장TV 86회] 송혜교... 제니... 그리고 도하영... -_-;;;,2022-12-23T10:00:36Z,UCkkWd02T76Zi5UcKRX0x3Bg,도장TV,2023-01-04T00:00:00Z,634596,9672,0,379,https://i.ytimg.com/vi/so0rSP-ZY4w/default.jpg
sJFB7JBatHE,[김호중X에스페로] 'Endless' 풀버전 무대 영상 공개,2022-12-20T09:00:32Z,UC73yn5mmJSr3hh9jKe2AdWw,김호중 공식채널 Kim Hojoong,2023-01-04T00:00:00Z,619107,18695,0,2266,https://i.ytimg.com/vi/sJFB7JBatHE/default.jpg
Uv3rAFdRTq0,에드워드권과 제자들의 연말 디너쇼 - 10년만에 돌아온 그날 (2/2),2022-12-21T11:15:08Z,UCgsffS7MfKL6YU3r_U3E-aA,승우아빠,2023-01-04T00:00:00Z,615564,9971,0,662,https://i.ytimg.com/vi/Uv3rAFdRTq0/default.jpg
nUFtOkfnJe4,크리스마스에는 용복을 (Felix never bad) #1｜[SKZ CODE] Ep.25,2022-12-22T10:59:56Z,UC9rMiEjNaCSsebs31MRDCRA,Stray Kids,2023-01-04T00:00:00Z,1495585,169634,0,3704,https://i.ytimg.com/vi/nUFtOkfnJe4/default.jpg
SNTXyI6UzmA,"하루 동안 컵라면으로 10,000칼로리 먹기!! 과연 몇 개를 먹어야 할까?!!",2022-12-22T09:00:17Z,UCP5M5xLt4TRzPqj8zlAskzQ,박씨집안,2023-01-04T00:00:00Z,331687,4037,0,773,https://i.ytimg.com/vi/SNTXyI6UzmA/default.jpg
kaydhbvG9SE,LG와 삼성을 동시에 홀린 남자,2022-12-24T12:00:24Z,UCdpbqw5DPdBfaeByMF2Re0g,UPSub없섭,2023-01-04T00:00:00Z,321137,4871,0,458,https://i.ytimg.com/vi/kaydhbvG9SE/default.jpg
JaYzW4Ko2sU,[전지훈련] 좀비 잡으러 간 매미킴 🔥정찬성 나와!!🔥,2022-12-21T10:29:49Z,UCXVhGNDrOfVUYEvuRdM0OXA,매미킴 TV,2023-01-04T00:00:00Z,770389,7888,0,584,https://i.ytimg.com/vi/JaYzW4Ko2sU/default.jpg
