bdsA4LK3V1o,¬°PASAMOS de PRISION SEGURA NOOB a PRISI√ìN SEGURA PRO! üö®üëÆ‚Äç‚ôÇÔ∏è 100% IMPOSIBLE ESCAPAR üò± Mikecrack,2023-01-02T22:54:01Z,UCqJ5zFEED1hWs0KNQCQuYdQ,Mikecrack,2023-01-04T00:00:00Z,1486539,110138,0,6572,https://i.ytimg.com/vi/bdsA4LK3V1o/default.jpg
3A2jDUyFMf4,Trolleo a Invictor con HACKS en una Batalla de Construcci√≥n! üòÇ Minecraft,2023-01-02T19:18:52Z,UCH3h4jRKn3lJo0uORqqESPg,Acenix,2023-01-04T00:00:00Z,933014,41634,0,989,https://i.ytimg.com/vi/3A2jDUyFMf4/default.jpg
YfSUCTuoXIs,Sopa Huasteca Para Empezar El A√±o,2023-01-03T15:55:01Z,UCVZsY1CF9VwLTKgs9YLQkXw,Jauja Cocina Mexicana,2023-01-04T00:00:00Z,89019,8031,0,427,https://i.ytimg.com/vi/YfSUCTuoXIs/default.jpg
dm-WBknsfNE,En triple ata√∫d ser√° sepultado el Papa Em√©rito Benedicto XVI,2023-01-03T16:45:01Z,UCEJs1fTF3KszRJGxJY14VrA,NTN24,2023-01-04T00:00:00Z,199066,2041,0,299,https://i.ytimg.com/vi/dm-WBknsfNE/default.jpg
9BfhKt3aISs,Trolle√© a Mis Amigos Transform√°ndome en Bloques!,2023-01-02T21:45:00Z,UCeOrlSK-mWTZjB66O9ttHpg,xTurbo,2023-01-04T00:00:00Z,782068,17903,0,332,https://i.ytimg.com/vi/9BfhKt3aISs/default.jpg
GIu3SlbLqfQ,"Muere Ken Block, piloto de rallies y estrella de YouTube, en un accidente de moto de nieve",2023-01-03T09:31:21Z,UClLLRs_mFTsNT5U-DqTYAGg,La Vanguardia,2023-01-04T00:00:00Z,347452,1900,0,232,https://i.ytimg.com/vi/GIu3SlbLqfQ/default.jpg
YzMpYnn_yTw,Lo mejor y lo peor de 2022 #6,2023-01-02T20:15:01Z,UCJxv80y78XTCUqfiplmDyRw,Tri-line,2023-01-04T00:00:00Z,682953,67863,0,1719,https://i.ytimg.com/vi/YzMpYnn_yTw/default.jpg
nBn8wK5OsEg,Robando BARCOS MILLONARIOS en GTA 5 !!üõ≥Ô∏èüí∞,2023-01-02T20:37:46Z,UCBKMUrSQOAhh_KdO1o3UWqw,Felipe HG,2023-01-04T00:00:00Z,264857,7673,0,294,https://i.ytimg.com/vi/nBn8wK5OsEg/default.jpg
Yju9lf22ack,Buscan a reos que escaparon del cereso,2023-01-03T00:53:50Z,UC6z1YGitvHqcmkvaNOcHEfA,Canal 44 ,2023-01-04T00:00:00Z,131176,842,0,206,https://i.ytimg.com/vi/Yju9lf22ack/default.jpg
pAqq-6kgWac,VUELVEN LOS IMPOSTORES Y CON MEGA ACTUALIZACI√ìN / FNF VS IMPOSTOR V4 (PARTE 1),2023-01-03T11:07:18Z,UCZOBgWVv1Scf_1s5g8gkjQQ,CompotaHyperLOL,2023-01-04T00:00:00Z,86748,9375,0,805,https://i.ytimg.com/vi/pAqq-6kgWac/default.jpg
oVveMasVoEQ,LAS TEORIAS QUE ARRUINARIAN TODO FIVE NIGHTS AT FREDDY¬¥S,2023-01-02T21:03:11Z,UCT35hFvV0j8SR3SBGJChKZQ,Jota.,2023-01-04T00:00:00Z,405496,37064,0,916,https://i.ytimg.com/vi/oVveMasVoEQ/default.jpg
9GnIRRTmnZk,"Mezcla Harina Cola y Jab√≥n, gasta poco y consigue lujo",2023-01-01T16:37:57Z,UCR-p_kFZ53tzEpWlVNUy2Pw,Yobanka Art -Manualidades Reciclaje y Decoraci√≥n,2023-01-04T00:00:00Z,112336,3606,0,348,https://i.ytimg.com/vi/9GnIRRTmnZk/default.jpg
V2lIklOaD2A,Luto y rabia en Rusia tras la muerte de decenas de soldados en Ucrania | AFP,2023-01-03T17:43:56Z,UCY8d83kIW6sK4au73qeZZTw,AFP Espa√±ol,2023-01-04T00:00:00Z,191247,3257,0,2734,https://i.ytimg.com/vi/V2lIklOaD2A/default.jpg
Zm1VIGNmPxI,The Smile: Tiny Desk Concert,2023-01-03T10:00:25Z,UC4eYXhJI4-7wSWc8UNRwD4A,NPR Music,2023-01-04T00:00:00Z,332013,19882,0,1119,https://i.ytimg.com/vi/Zm1VIGNmPxI/default.jpg
YwkOa9EQIyw,SPEEDRUN COMO PASAR LOS MEJORES OBBYS DE ROBLOX | The Carnival of Terror | Mr NIGHTMARE'S SCHOOL,2023-01-02T15:30:06Z,UCWF4lCEdymiGcTP16Njajhg,paolazgames,2023-01-04T00:00:00Z,363846,16511,0,681,https://i.ytimg.com/vi/YwkOa9EQIyw/default.jpg
sykZHXQrAtc,¬øPor Qu√© los Antidepresivos no se Venden sin Receta?,2023-01-03T16:00:32Z,UC07DLXbOs9JK3aUZhNYtE9g,Conoce a Arnold,2023-01-04T00:00:00Z,244924,16857,0,403,https://i.ytimg.com/vi/sykZHXQrAtc/default.jpg
c48xHwUWEBU,Luc√≠a le pide perd√≥n a Sof√≠a | Cabo 3/5 | C - 51,2023-01-03T04:50:01Z,UCZGYvP6WnVWGM5F0QEAyoyg,Las Estrellas,2023-01-04T00:00:00Z,393036,4375,0,346,https://i.ytimg.com/vi/c48xHwUWEBU/default.jpg
Y1E_eHzTE8c,C√≥mo Ucrania tambi√©n est√° ganando la guerra econ√≥mica contra Rusia - Si lo hubiera sabido,2023-01-03T07:55:58Z,UCCAoRJGisF-85XQEvZnNxLQ,Si lo hubiera sabido,2023-01-04T00:00:00Z,104143,4393,0,834,https://i.ytimg.com/vi/Y1E_eHzTE8c/default.jpg
GaMXFpZ--aQ,Isabela mete ciza√±a por la relaci√≥n de Sof√≠a con Miguel | Cabo 4/5 | C - 51,2023-01-03T05:00:03Z,UCZGYvP6WnVWGM5F0QEAyoyg,Las Estrellas,2023-01-04T00:00:00Z,371119,3730,0,149,https://i.ytimg.com/vi/GaMXFpZ--aQ/default.jpg
_ZAgIHmHLdc,NewJeans (Îâ¥ÏßÑÏä§) 'OMG' Official MV,2023-01-02T09:00:00Z,UC3IZKseVpdzPSBaWxBxundA,HYBE LABELS,2023-01-04T00:00:00Z,9657255,860823,0,41896,https://i.ytimg.com/vi/_ZAgIHmHLdc/default.jpg
Q5TsN4cXuJE,wtf,2023-01-02T21:30:01Z,UC7is21y2sRL9X09g88QbNdw,Carre,2023-01-04T00:00:00Z,372854,28373,0,710,https://i.ytimg.com/vi/Q5TsN4cXuJE/default.jpg
34vcenI9fNQ,Rebeca se enfrenta con Malena | Cabo 2/5 | C - 51,2023-01-03T04:40:01Z,UCZGYvP6WnVWGM5F0QEAyoyg,Las Estrellas,2023-01-04T00:00:00Z,305957,3240,0,76,https://i.ytimg.com/vi/34vcenI9fNQ/default.jpg
Xzwt29qtS6I,As√≠ se introdujo el cuerpo de Benedicto XVI en la Bas√≠lica de San Pedro,2023-01-02T10:40:10Z,UCLB3FgLIasAtHEvlxLMludg,ROME REPORTS en Espa√±ol,2023-01-04T00:00:00Z,786706,5207,0,782,https://i.ytimg.com/vi/Xzwt29qtS6I/default.jpg
ouli1MEgh-4,Freeze the Whole Arena ‚ùÑÔ∏è (New Season),2023-01-02T09:00:49Z,UC_F8DoJf9MZogEOU51TpTbQ,Clash Royale,2023-01-04T00:00:00Z,1030798,32376,0,699,https://i.ytimg.com/vi/ouli1MEgh-4/default.jpg
RLpyjWZeMus,¬°Minecraft PERO hay PERLAS de MOBS! üòÆüü°üü¢üî¥ SILVIOGAMER MINECRAFT PERO,2023-01-02T20:45:01Z,UCCrA8ZN1J3S52wuF4vthZFQ,Silvio Gamer,2023-01-04T00:00:00Z,1841238,80394,0,4528,https://i.ytimg.com/vi/RLpyjWZeMus/default.jpg
Zt5fJYngHg0,BUENAS NOTICIAS PARA RESIDENT EVIL 4 REMAKE ¬°NUEVOS DETALLES!,2023-01-02T22:00:11Z,UCo4k7uMo-JgnNaP3TbKT2Zw,Ray Snakeyes,2023-01-04T00:00:00Z,192367,9931,0,687,https://i.ytimg.com/vi/Zt5fJYngHg0/default.jpg
olwgRvsKllA,As√≠ Escape de la Prisi√≥n Mas DIMINUTA!,2023-01-01T23:16:46Z,UCyDUULOp3b3JsehZKIIVzrg,Jardred,2023-01-04T00:00:00Z,629892,12897,0,578,https://i.ytimg.com/vi/olwgRvsKllA/default.jpg
h0U67DioLUM,¬øQui√©n es m√°s MEXICANA? | Chingu Amiga,2023-01-01T19:03:32Z,UCL0bN6THhHVBwRPsXKOhAHg,Chingu amiga,2023-01-04T00:00:00Z,1476224,103586,0,3154,https://i.ytimg.com/vi/h0U67DioLUM/default.jpg
qb4b3-7_K8o,Ganando 1.000.000 de Pesos en 30 D√≠as - D√≠a 19,2023-01-03T03:10:12Z,UCcrwHnSlK1pwESr6hknupIA,JDaniel,2023-01-04T00:00:00Z,634611,31109,0,2341,https://i.ytimg.com/vi/qb4b3-7_K8o/default.jpg
_tMWa7y5SH8,EL VIRUS DE MINECRAFT: la verdad de TLauncher,2023-01-02T22:10:07Z,UCHCiaRsqvtMriZlVxYMP5ig,Tomex,2023-01-04T00:00:00Z,239968,18032,0,2231,https://i.ytimg.com/vi/_tMWa7y5SH8/default.jpg
yg1PMBwXnwY,COMPRO EL NUEVO MEJOR PASE DE FREE FIRE AL NIVEL 150 Y CONSIGO TODAS LAS SKINS  !! | TheDonato,2023-01-02T20:00:16Z,UCaHEdZtk6k7SVP-umnzifmQ,TheDonato,2023-01-04T00:00:00Z,771329,49640,0,3237,https://i.ytimg.com/vi/yg1PMBwXnwY/default.jpg
k6rrx40cO2E,FRANKLIN MUSCULOSO consigue NOVIA en GTA 5,2023-01-01T19:00:11Z,UCyMMD2WamuCTWSZ2FQg6Y6Q,King Crane Espa√±ol,2023-01-04T00:00:00Z,416712,13388,0,19,https://i.ytimg.com/vi/k6rrx40cO2E/default.jpg
ARHQehGI-AE,¬°YAIR17 SUBI√ì OTRA VEZ a HEROICO y THEDONATO ME MANDO a BAJARLO a BRONCE desde ARGENTINA!,2023-01-02T00:16:04Z,UC5N963v6HcXzOSwcF6adnxA,Josue07 Broders,2023-01-04T00:00:00Z,417693,30038,0,606,https://i.ytimg.com/vi/ARHQehGI-AE/default.jpg
tMzl8CRDhH4,SAIYANS FC vs PORCINOS FC | Jornada 1 Kings League,2023-01-01T21:34:19Z,UCaY_-ksFSQtTGk0y1HA_3YQ,Ibai,2023-01-04T00:00:00Z,1851006,65289,0,2075,https://i.ytimg.com/vi/tMzl8CRDhH4/default.jpg
_ay7HGFnCz0,√öltima Hora Se fugan reos durante mot√≠n en Cereso 3 de Ciudad Ju√°rez,2023-01-02T01:36:36Z,UC6z1YGitvHqcmkvaNOcHEfA,Canal 44 ,2023-01-04T00:00:00Z,180238,1864,0,188,https://i.ytimg.com/vi/_ay7HGFnCz0/default.jpg
pqXTXWDlpKk,ü§Ø[ EMOCIONANTE ] San Francisco 49ers vs. Las Vegas Raiders | Semana 17 NFL 2022 | Resumen Highlights,2023-01-02T00:53:05Z,UCzWr3fmdEWwk6fl5dWJACIQ,Mundo NFL,2023-01-04T00:00:00Z,187900,2231,0,134,https://i.ytimg.com/vi/pqXTXWDlpKk/default.jpg
FVRzosmzU8o,Bad Bunny enfurece y arroja celular de fan al mar,2023-01-02T23:39:32Z,UC2SEk1w7DgoHs_G3w1biz-w,El Universal,2023-01-04T00:00:00Z,251136,2614,0,2664,https://i.ytimg.com/vi/FVRzosmzU8o/default.jpg
Yl1ry7pahoM,Awita vs Jardred en Batalla de Bases Super Seguras!,2023-01-01T23:35:57Z,UC62nFXtc3KNujp9LCPJt-sA,Awita,2023-01-04T00:00:00Z,1049704,20780,0,821,https://i.ytimg.com/vi/Yl1ry7pahoM/default.jpg
GF2fblgRqmY,Bebe Dame,2022-12-29T10:04:52Z,UC0kxNxFQCK6d2spPz5Sme7Q,Fuerza Regida - Topic,2023-01-04T00:00:00Z,848575,22572,0,13,https://i.ytimg.com/vi/GF2fblgRqmY/default.jpg
RdWG3bRwxb8,"Warzone 2.0 es divertido, dejen de llorar",2022-12-31T22:47:14Z,UCuLanHCcOIhxeGiRVdWbSzg,El √öltimo C√≠rculo,2023-01-04T00:00:00Z,998062,125433,0,6053,https://i.ytimg.com/vi/RdWG3bRwxb8/default.jpg
HXFuhprHzdk,ULTIMATE MOSTOLES vs ANIQUILADORES (1¬™ JORNADA KINGS LEAGUE) DjMaRiiO vs JUAN GUARNIZO,2023-01-01T20:41:48Z,UCi7TVXyvrIwqeS9tfYD8UDA,DjMaRiiO,2023-01-04T00:00:00Z,1010172,40264,0,486,https://i.ytimg.com/vi/HXFuhprHzdk/default.jpg
tUCT82t1Y8Q,GOT the beat 'Stamp On It' Stage Video,2023-01-01T13:00:24Z,UCcdX97nVNsZgAA0NxvHnU9w,Girls On Top,2023-01-04T00:00:00Z,3755687,249268,0,9264,https://i.ytimg.com/vi/tUCT82t1Y8Q/default.jpg
9W7nAN9bi3w,Cabareteando.- El Salvador 2,2023-01-01T19:30:00Z,UCUjrDJokSX8JavRwy5iUOkA,Franco Escamilla,2023-01-04T00:00:00Z,1224081,59338,0,1378,https://i.ytimg.com/vi/9W7nAN9bi3w/default.jpg
bVAkjOweoyk,EL BARRIO vs PIO FC | Jornada 1 Kings League,2023-01-02T14:45:27Z,UCAryK8vqYoR3EOSYNjVMS0A,Adri Contreras,2023-01-04T00:00:00Z,105005,3277,0,144,https://i.ytimg.com/vi/bVAkjOweoyk/default.jpg
O49u7DdxGfw,VIAJAMOS A USA CON MARIOüá∫üá∏ *8 hrs de camino* @SoyMarioGmmt  | Hermanas JM,2023-01-02T01:00:08Z,UCmWtpHeGuFuibVMfVFOg7Aw,Hermanas JM,2023-01-04T00:00:00Z,828756,43569,0,1237,https://i.ytimg.com/vi/O49u7DdxGfw/default.jpg
hdJtyNjRzc8,ME CASO PORQU√â ESTOY EMBARAZADA? (VLOG) - PAUTIPS,2023-01-02T02:54:21Z,UCiLARavvxPYccbXCPNbwGGQ,Pautips,2023-01-04T00:00:00Z,98620,4036,0,249,https://i.ytimg.com/vi/hdJtyNjRzc8/default.jpg
veJNTfp4Ie8,Paris Hilton Sings Stars Are Blind with Miley Cyrus and Sia | Miley‚Äôs New Year‚Äôs Eve Party on NBC,2023-01-01T05:21:30Z,UCccjdJEay2hpb5scz61zY6Q,NBC,2023-01-04T00:00:00Z,2021648,36814,0,2605,https://i.ytimg.com/vi/veJNTfp4Ie8/default.jpg
D93Y2n9LycI,¬°COMPRE TODO EL NUEVO PASE BOOYAH PREMIUM DE FREE FIRE! *+150 NIVELES*,2023-01-01T17:30:00Z,UCUyrOJOArbGjNnrR_RXGHLw,TheHectorino,2023-01-04T00:00:00Z,335882,28515,0,808,https://i.ytimg.com/vi/D93Y2n9LycI/default.jpg
nefi0Kq7bBA,Invit√© a un Suscriptor a Karmaland por un D√≠a,2023-01-01T17:31:47Z,UCcjIvuxmWlS5IEQ0JdPV4Ng,Rubius Z,2023-01-04T00:00:00Z,1113372,107736,0,2294,https://i.ytimg.com/vi/nefi0Kq7bBA/default.jpg
iN78te_lk-k,MI NOVIO se CONVIERTE en LOBO en MINECRAFT üê∫üò∞,2023-01-01T18:02:10Z,UCS-ZuYXGe8WCZQDLypAv8qw,Lin Games,2023-01-04T00:00:00Z,314320,14227,0,712,https://i.ytimg.com/vi/iN78te_lk-k/default.jpg
dQKlXgW597U,AS√ç FUE LA MEJOR NOCHE DE NUESTRAS VIDAS üíçüë∞üèª‚Äç‚ôÄÔ∏èü§µüèª‚Äç‚ôÇÔ∏è(NUESTRA BODA ),2022-12-31T20:00:08Z,UCTYtxZXYthHne1KICA1FXiQ,Los CrisToxicos ,2023-01-04T00:00:00Z,257710,12520,0,485,https://i.ytimg.com/vi/dQKlXgW597U/default.jpg
FFYs7oBGQSU,Resumen de FC Barcelona vs RCD Espanyol (1-1),2022-12-31T15:58:46Z,UCTv-XvfzLX3i4IGWAm4sbmA,LaLiga Santander,2023-01-04T00:00:00Z,1193273,18539,0,1290,https://i.ytimg.com/vi/FFYs7oBGQSU/default.jpg
WyQOrMnmEjQ,Bizarrap & Duki - 3 Estrellas en el Conjunto (ft. La T y la M),2022-12-31T03:41:36Z,UCmS75G-98QihSusY7NfCZtw,Bizarrap,2023-01-04T00:00:00Z,8350703,839891,0,41122,https://i.ytimg.com/vi/WyQOrMnmEjQ/default.jpg
TUyX3HkbIvM,"Luis R Conriquez, Tony Aguirre - La Llamada De Mi Ex [En Vivo 2022]",2022-12-31T20:00:05Z,UCnnfWdg6R_rk8Fkjt8WOPDw,TONY AGUIRRE,2023-01-04T00:00:00Z,773323,8399,0,148,https://i.ytimg.com/vi/TUyX3HkbIvM/default.jpg
j3KbDuqp6sM,AS√ç CONSEGU√ç TODO EL *NUEVO PASE ELITE BOOYAH* üò± FREE FIRE,2023-01-01T23:45:00Z,UCUOvQWNdOMJnJzz4fZXLkyA,Harrix,2023-01-04T00:00:00Z,164455,7473,0,621,https://i.ytimg.com/vi/j3KbDuqp6sM/default.jpg
zJiHMeIGDLo,"¬°SIN MESSI, PSG PERDI√ì SU PRIMER PARTIDO EN LA TEMPORADA ANTE EL ESCOLTA! | Lens 3-1 PSG | RESUMEN",2023-01-01T21:59:37Z,UCFmMw7yTuLTCuMhpZD5dVsg,ESPN Fans,2023-01-04T00:00:00Z,2077447,32221,0,5623,https://i.ytimg.com/vi/zJiHMeIGDLo/default.jpg
GRATAzXUmqU,"Ucrania reconoce haber bombardeado objetivos militares en Makiivka, una ciudad controlada por Mosc√∫",2023-01-02T19:45:00Z,UCT4Jg8h03dD0iN3Pb5L0PMA,DW Espa√±ol,2023-01-04T00:00:00Z,531611,7852,0,2198,https://i.ytimg.com/vi/GRATAzXUmqU/default.jpg
epKRJ6xSZWo,Yield To Warrior Champion's Shield! Clash of Clans Season Challenges,2023-01-01T08:00:28Z,UCD1Em4q90ZUK2R5HKesszJg,Clash of Clans,2023-01-04T00:00:00Z,1619566,30817,0,970,https://i.ytimg.com/vi/epKRJ6xSZWo/default.jpg
EQ4ybtWu0Qs,üò•Casi muestro LA CARA en directo...üòû,2022-12-31T18:52:44Z,UCGrB-QOL8gg7ouOJ80hO7Sg,Capitan Gato,2023-01-04T00:00:00Z,495876,49085,0,2385,https://i.ytimg.com/vi/EQ4ybtWu0Qs/default.jpg
xEdchQB5jXs,Primera vez en un PARQUE ACU√ÅTICO üí¶  Jukilop | Kimberly Loaiza,2022-12-30T21:07:09Z,UCQZfFRohQ7UX-0CdXl-6pwQ,Kimberly Loaiza,2023-01-04T00:00:00Z,5985835,308577,0,13549,https://i.ytimg.com/vi/xEdchQB5jXs/default.jpg
xGd_HhPYX4A,The Brawlies 2022 - Brawl Stars Community Award Show!,2022-12-31T11:00:28Z,UCooVYzDxdwTtGYAkcPmOgOw,Brawl Stars,2023-01-04T00:00:00Z,6375035,242171,0,12878,https://i.ytimg.com/vi/xGd_HhPYX4A/default.jpg
-1Pzu4wxwDs,AS√ç se HIZO el REWIND HISPANO 2022 [Alec Hern√°ndez],2022-12-31T19:03:01Z,UCrYJpl5oC2ItVLPub5LVpWw,Alec Hern√°ndez,2023-01-04T00:00:00Z,1619657,159057,0,2340,https://i.ytimg.com/vi/-1Pzu4wxwDs/default.jpg
WaQMD3sYZiw,Resumen de Real Valladolid vs Real Madrid (0-2),2022-12-30T22:48:14Z,UCTv-XvfzLX3i4IGWAm4sbmA,LaLiga Santander,2023-01-04T00:00:00Z,2342698,42439,0,1396,https://i.ytimg.com/vi/WaQMD3sYZiw/default.jpg
LkrRz5QhTDk,Brincos Dieras Arena Monterrey,2022-12-30T23:00:10Z,UCQZTEWwS3W0C535N_H8Rfww,Elite Entertainment Group,2023-01-04T00:00:00Z,505179,4347,0,179,https://i.ytimg.com/vi/LkrRz5QhTDk/default.jpg
gjC90L7yffs,"A√±o Nuevo 2023, desde distintos pa√≠ses - Las Noticias",2023-01-01T00:43:00Z,UCUsm-fannqOY02PNN67C0KA,Nmas,2023-01-04T00:00:00Z,823516,4746,0,271,https://i.ytimg.com/vi/gjC90L7yffs/default.jpg
ljyKiLhAJhE,Siendo pap√° soltero de Juanito por 24 horas üò± Juan de Dios Pantoja,2022-12-30T17:49:36Z,UCzoUWqjCbcfWFdOMvoep8FA,Juan De Dios Pantoja,2023-01-04T00:00:00Z,9284644,452201,0,6768,https://i.ytimg.com/vi/ljyKiLhAJhE/default.jpg
uSGePU8_nrA,¬øA cu√°nto ascend√≠a la fortuna de Pel√©?,2022-12-30T19:51:06Z,UCQV75Y4h6MUrjPeHBM22csA,La Afici√≥n,2023-01-04T00:00:00Z,253139,2469,0,121,https://i.ytimg.com/vi/uSGePU8_nrA/default.jpg
A_T-RFF8q4c,El emotivo documental sobre Pel√©: Larga vida al rey,2022-12-30T19:26:14Z,UCqfCJBfrFSO4tZM1LNZTBFQ,MARCA Claro,2023-01-04T00:00:00Z,159372,1447,0,91,https://i.ytimg.com/vi/A_T-RFF8q4c/default.jpg
BQvVAhLtTt8,25 Secretos INCRE√çBLES üéÅ Project Playtime [Poppy Playtime MULTI] (Curiosidades),2022-12-30T17:00:08Z,UCassa1LNXUUGx7RZ5bsZYpA,NintenD√∫o,2023-01-04T00:00:00Z,689249,26521,0,284,https://i.ytimg.com/vi/BQvVAhLtTt8/default.jpg
KIRXY8bbjIs,El ave m√°s letal del mundo: Mujer se grab√≥ sin saber del peligro,2022-12-28T13:32:13Z,UCkccyEbqhhM3uKOI6Shm-4Q,Meganoticias,2023-01-04T00:00:00Z,866630,6613,0,567,https://i.ytimg.com/vi/KIRXY8bbjIs/default.jpg
uhWrHc4tabE,297 Cosas que SEGURO NO SABIAS de Minecraft,2022-12-30T21:39:37Z,UCTZ_HMjMNDi8Jn3rDWgcaRg,Gelo,2023-01-04T00:00:00Z,1019927,18804,0,429,https://i.ytimg.com/vi/uhWrHc4tabE/default.jpg
Y0boSMDszTY,Resumen y goles | Chivas 0-2 Cruz Azul | Copa por M√©xico 2022 | TUDN,2022-12-31T04:27:50Z,UCTIyEyDNHPrwVFPhpi5dm0A,TUDN M√©xico,2023-01-04T00:00:00Z,1148054,11246,0,1597,https://i.ytimg.com/vi/Y0boSMDszTY/default.jpg
QQdTf0qbB4o,SANTAS EBRIOS REGALANDO COSAS EN TWITCH ü•¥üòµ,2022-12-30T20:00:06Z,UCN5-GZpwKi8ISEt2eBoznpw,aldo_geo,2023-01-04T00:00:00Z,175918,17827,0,157,https://i.ytimg.com/vi/QQdTf0qbB4o/default.jpg
bIxWf9U1lEQ,JUANSGUARNIZO REACCIONA AL REWIND HISPANO¬†2022,2022-12-29T19:00:01Z,UCdvyCPDTkkfd4MwqD7ZkGgg,JuanSGuarnizo,2023-01-04T00:00:00Z,973592,91653,0,1128,https://i.ytimg.com/vi/bIxWf9U1lEQ/default.jpg
IbAuuxBFwoo,REWIND HISPANO 2022 [Alec Hern√°ndez],2022-12-28T19:01:05Z,UCrYJpl5oC2ItVLPub5LVpWw,Alec Hern√°ndez,2023-01-04T00:00:00Z,13495320,3183606,0,75844,https://i.ytimg.com/vi/IbAuuxBFwoo/default.jpg
thyLRUWkD3s,Tacosgiving 2022 (el √∫ltimo) | La Capital,2022-12-29T23:00:19Z,UCEwl20VxZ3AwOgiKMZtI1GQ,La Capital,2023-01-04T00:00:00Z,1508527,92071,0,3093,https://i.ytimg.com/vi/thyLRUWkD3s/default.jpg
454kQR3anqI,Frank conoce a Lucas | 40 y 20 | C12 4/4 T9 | Distrito Comedia,2022-12-29T19:15:01Z,UCms2rIXwmMvIpDUU69X0PoQ,Distrito Comedia,2023-01-04T00:00:00Z,889010,9305,0,398,https://i.ytimg.com/vi/454kQR3anqI/default.jpg
SszP3hlQ55Y,ATEEZ(ÏóêÏù¥Ìã∞Ï¶à) - 'HALAZIA' Official MV,2022-12-30T05:00:02Z,UCQdq-lqPEq_yZ_wP_kuVB9Q,KQ ENTERTAINMENT,2023-01-04T00:00:00Z,26719906,496246,0,73286,https://i.ytimg.com/vi/SszP3hlQ55Y/default.jpg
L_Y64uI_bpw,Pen√©lope Menchaca se desahoga con la pi√±ata que encarna lo malo del 2022 | Hoy D√≠a | Telemundo,2022-12-30T21:20:00Z,UCBp0MdzbxA70fCHlpLCbT6g,Hoy D√≠a,2023-01-04T00:00:00Z,86013,796,0,121,https://i.ytimg.com/vi/L_Y64uI_bpw/default.jpg
-7qiK5BNaUI,"Invitamos A LUCHI Al Intercambio De Regalos, Mira Que Regalaron üò±ü§©",2023-01-01T23:51:28Z,UC---lM1j0uNzsFxF0V2IZnw,Soy Yassi,2023-01-04T00:00:00Z,57055,1609,0,1178,https://i.ytimg.com/vi/-7qiK5BNaUI/default.jpg
WA5XkP9qr2c,HIGHLIGHTS: Liverpool 2-1 Leicester City | TWO own goals give Reds comeback win,2022-12-31T00:00:10Z,UC9LQwHZoucFT94I2h6JOcjw,Liverpool FC,2023-01-04T00:00:00Z,3902582,55363,0,4194,https://i.ytimg.com/vi/WA5XkP9qr2c/default.jpg
GmoVXwGpDbE,[BANGTAN BOMB] 2023 New Year Greetings from BTS - BTS (Î∞©ÌÉÑÏÜåÎÖÑÎã®),2022-12-31T14:59:55Z,UCLkAepWjdylmXSltofFvsYQ,BANGTANTV,2023-01-04T00:00:00Z,4797387,751234,0,36310,https://i.ytimg.com/vi/GmoVXwGpDbE/default.jpg
EXCsXhWfPVY,Las pel√≠culas imperdibles de 2023 - VSX Project,2022-12-30T16:15:23Z,UCN_CWpl70T3DgnfS9HjMfKQ,VSXProject,2023-01-04T00:00:00Z,289820,19924,0,532,https://i.ytimg.com/vi/EXCsXhWfPVY/default.jpg
0tuOUwXFtM8,REVELACI√ìN DE G√âNERO DE NUESTRO BEB√â üò± HotSpanish & Melissa,2022-12-30T01:28:11Z,UCjRtvi-OLuBB7XBBlV27csA,Romeli,2023-01-04T00:00:00Z,544359,37944,0,3589,https://i.ytimg.com/vi/0tuOUwXFtM8/default.jpg
jsTtT-yePhc,GTA 5 ¬°OVNI VS AUTO BLINDADO! üò± Los COMPAS MIKECRACK TIMBA INVICTOR y MAYO,2022-12-29T22:45:00Z,UCp7wTrsCU7eICb5z69D3rwA,Timba Vk,2023-01-04T00:00:00Z,1402594,39049,0,871,https://i.ytimg.com/vi/jsTtT-yePhc/default.jpg
2b7X4wg05yk,Benedicto XVI ha muerto hoy  31 de diciembre a las 9:34am.,2022-12-31T10:01:15Z,UCLB3FgLIasAtHEvlxLMludg,ROME REPORTS en Espa√±ol,2023-01-04T00:00:00Z,163788,2559,0,388,https://i.ytimg.com/vi/2b7X4wg05yk/default.jpg
qHpIve-wqy8,El d√≠a que MURI√ì PEL√â - Vida y biograf√≠a de PEL√â,2022-12-29T20:53:15Z,UCZagoENurE9r5TRlHvFRqdg,ElDiaQue,2023-01-04T00:00:00Z,852058,17436,0,1596,https://i.ytimg.com/vi/qHpIve-wqy8/default.jpg
0GVQX3D3V5c,Clash of Clans - 2022 Year in Review,2022-12-30T13:00:00Z,UCD1Em4q90ZUK2R5HKesszJg,Clash of Clans,2023-01-04T00:00:00Z,2701028,107775,0,2914,https://i.ytimg.com/vi/0GVQX3D3V5c/default.jpg
UjovKWkKwmQ,Mora - BLACKOUT (Visualizer),2022-12-30T00:00:13Z,UCv0Gdfwyin6w3vbpZnEpmrQ,Mora,2023-01-04T00:00:00Z,1944518,45260,0,2083,https://i.ytimg.com/vi/UjovKWkKwmQ/default.jpg
E60gGm1vkDI,COMPRANDO REGALOS DE NAVIDAD PARA JUKILOP üéÖüéÅ /ELSUPERTRUCHA,2022-12-28T19:06:12Z,UCrRA_qpW3eQ4vfuwBCr7JMw,El Super Trucha,2023-01-04T00:00:00Z,1716268,79697,0,990,https://i.ytimg.com/vi/E60gGm1vkDI/default.jpg
jUct0u4ZDxA,¬°MINECRAFT PERO es 1 BLOQUE de HACKER! ‚õèüíªüò≤con SILVIOGAMER y PANCRACIO,2022-12-29T21:25:06Z,UCwPrwTWFNOvLDuVuTG8al9A,SoyDany,2023-01-04T00:00:00Z,924763,35615,0,1438,https://i.ytimg.com/vi/jUct0u4ZDxA/default.jpg
3j9EYymBgNc,Frank avisa que va en camino para M√©xico | 40 y 20 | C12 1/4 T9 | Distrito Comedia,2022-12-29T18:30:03Z,UCms2rIXwmMvIpDUU69X0PoQ,Distrito Comedia,2023-01-04T00:00:00Z,507066,5068,0,158,https://i.ytimg.com/vi/3j9EYymBgNc/default.jpg
pcAsciuRDgw,ESPECIAL NAVIDE√ëO!!! NUEVO REGION EN EL CANAL!! POR FIN ADIOS VETERINARIOS!!!,2022-12-29T04:27:57Z,UC6Ij1c74Gm-TicYZsKL1FAw,Golemcito Games,2023-01-04T00:00:00Z,1110825,98030,0,2165,https://i.ytimg.com/vi/pcAsciuRDgw/default.jpg
fve5XGZNsMk,¬°HUMILLARON AL TILIN VIRAL Y LE CHETO SU CUENTA DE FREE FIRE! ü§ë * POBRE A MILLONARIO* ü§ë,2022-12-29T18:13:27Z,UCUyrOJOArbGjNnrR_RXGHLw,TheHectorino,2023-01-04T00:00:00Z,614284,26272,0,1092,https://i.ytimg.com/vi/fve5XGZNsMk/default.jpg
BqcgLKKurp4,Muere Pel√© a los 82 a√±os. Estos fueron sus logros fuera y dentro de la cancha,2022-12-29T19:12:27Z,UC_lEiu6917IJz03TnntWUaQ,CNN en Espa√±ol,2023-01-04T00:00:00Z,1497391,20688,0,4268,https://i.ytimg.com/vi/BqcgLKKurp4/default.jpg
SQluC5Lp1vU,"¬°SIN MESSI, ROJA A NEYMAR Y GOL DE MBAPP√â EN LA √öLTIMA PARA GANAR! | PSG 2-1 Estrasburgo | RESUMEN",2022-12-28T22:17:13Z,UCFmMw7yTuLTCuMhpZD5dVsg,ESPN Fans,2023-01-04T00:00:00Z,3621605,46700,0,4964,https://i.ytimg.com/vi/SQluC5Lp1vU/default.jpg
3Az7zkLuGUM,ESCAPO POR LAS ALCANTARILLAS ?! | GRANNY (Actualizaci√≥n) - Parte 2,2022-12-30T15:00:02Z,UCQW8tWGYajwUv6jdQ2kmsRw,Iker Unzu,2023-01-04T00:00:00Z,592052,20997,0,3487,https://i.ytimg.com/vi/3Az7zkLuGUM/default.jpg
9J8og16ieq4,El Matrimonio de Jonfer y Luisaüë∞‚Äç‚ôÄÔ∏èü•π (Suscribete) #colombia #humor,2022-12-28T19:30:38Z,UCd65uDJtsvM-ooowCjNljmw,Jonfer y Valentina ceron,2023-01-04T00:00:00Z,912094,13672,0,442,https://i.ytimg.com/vi/9J8og16ieq4/default.jpg
wjJKYwMSRAo,Rauw Alejandro - RON COLA (Official Video),2022-12-28T00:49:53Z,UC_Av98lDjf5KvFib5elhpYg,Rauw Alejandro,2023-01-04T00:00:00Z,7527269,62895,0,1783,https://i.ytimg.com/vi/wjJKYwMSRAo/default.jpg
BDK_MR0JFaA,"Tormenta en Estados Unidos: Mueren congelados dentro de autos en Buffalo, Nueva York - En Punto",2022-12-28T05:57:14Z,UCUsm-fannqOY02PNN67C0KA,Nmas,2023-01-04T00:00:00Z,1766311,15936,0,1903,https://i.ytimg.com/vi/BDK_MR0JFaA/default.jpg
Bzj6bo2HBIk,TOMAS FALSAS REWIND HISPANO 2022 [Alec Hern√°ndez],2022-12-29T22:01:10Z,UCrYJpl5oC2ItVLPub5LVpWw,Alec Hern√°ndez,2023-01-04T00:00:00Z,1427055,157627,0,1583,https://i.ytimg.com/vi/Bzj6bo2HBIk/default.jpg
yVHSc44Ivu8,LITERALMENTE SOY UN VAGABUNDO,2022-12-28T21:54:11Z,UC1-XsQ1mbEQa1Q9tNVq299w,Pato Horneado,2023-01-04T00:00:00Z,1331779,54340,0,2463,https://i.ytimg.com/vi/yVHSc44Ivu8/default.jpg
RvvJpW5aCI8,HIGHLIGHTS! CITY SHOW FINE DISPLAY TO DISMANTLE LEEDS AND CLOSE GAP AT THE TOP | Leeds 1-3 Man City,2022-12-29T00:00:08Z,UCkzCjdRMrW2vXLx8mvPVLdQ,Man City,2023-01-04T00:00:00Z,2759533,45135,0,1141,https://i.ytimg.com/vi/RvvJpW5aCI8/default.jpg
uDNLal2lq7I,¬°Encontramos un AGUJERO MISTERIOSO en MINECRAFT! üò±üò∞ Invictor y Acenix,2022-12-28T18:55:39Z,UCH3h4jRKn3lJo0uORqqESPg,Acenix,2023-01-04T00:00:00Z,612478,29998,0,960,https://i.ytimg.com/vi/uDNLal2lq7I/default.jpg
IUUaE7Lage4,ROBLOX MOMENTOS DIVERTIDOS RECOPILACI√ìN (REWIND),2022-12-28T22:30:10Z,UC3t7_hgqy-7pccSWRVaTQIw,RoxiCake Gamer,2023-01-04T00:00:00Z,2067505,108691,0,10508,https://i.ytimg.com/vi/IUUaE7Lage4/default.jpg
Xevxt0UOipI,Resumen de la tormenta invernal: casas bajo nieve y cancelaciones de vuelos | 27 de diciembre,2022-12-27T16:05:34Z,UC_lEiu6917IJz03TnntWUaQ,CNN en Espa√±ol,2023-01-04T00:00:00Z,1207143,10029,0,775,https://i.ytimg.com/vi/Xevxt0UOipI/default.jpg
YOty4hoR5iQ,ESCONDITE en la ALDEA en MINIATURA MINECRAFT üòÇ ESCONDITE LOS COMPAS,2022-12-27T18:22:11Z,UCS4OZlj8753fezBtH62TRDg,RaptorGamer,2023-01-04T00:00:00Z,1221880,46986,0,1249,https://i.ytimg.com/vi/YOty4hoR5iQ/default.jpg
mM77LGlae4c,ESTOY EMBARAZADA üòç | Vean la REACCION de mi familia | Los Molina,2022-12-27T22:00:17Z,UCnsswZnybuI948Fuz___isA,Los Molina,2023-01-04T00:00:00Z,343222,16908,0,5400,https://i.ytimg.com/vi/mM77LGlae4c/default.jpg
ZkSfTjutNcI,üìπ El Resumen | Tigres 1 - 1 Santos | Jornada 5 | Copa Sky,2022-12-28T03:30:07Z,UCUpZKAvgQbvHyXAerkmxhSQ,Tigres Oficial,2023-01-04T00:00:00Z,58941,405,0,90,https://i.ytimg.com/vi/ZkSfTjutNcI/default.jpg
K5TYEi64dAE,Resumen y goles | Am√©rica 1-2 Cruz Azul | Copa por M√©xico 2022 | TUDN,2022-12-28T03:21:35Z,UCTIyEyDNHPrwVFPhpi5dm0A,TUDN M√©xico,2023-01-04T00:00:00Z,1285783,8959,0,1410,https://i.ytimg.com/vi/K5TYEi64dAE/default.jpg
7kWLPSiSUcw,Carlos III - La vida antes del trono | DW Documental,2022-12-28T20:00:02Z,UCQ1GpKa15ulyoQuxz7H4rng,DW Documental,2023-01-04T00:00:00Z,746554,6825,0,1268,https://i.ytimg.com/vi/7kWLPSiSUcw/default.jpg
7gj7OJ7_1AU,üòîCapit√°n Gato se ha ido...üíî | NuggetSMP ep 1 T3,2022-12-28T02:03:09Z,UC-ycKaSWLlnzKZTrPcYUMiA,Gato Capit√°n,2023-01-04T00:00:00Z,961655,46098,0,3546,https://i.ytimg.com/vi/7gj7OJ7_1AU/default.jpg
80bdX3rYvBM,Carne Asada a -20 grados  | La Capital,2022-12-26T22:00:02Z,UCEwl20VxZ3AwOgiKMZtI1GQ,La Capital,2023-01-04T00:00:00Z,3044824,146139,0,2650,https://i.ytimg.com/vi/80bdX3rYvBM/default.jpg
R6rkQcePMSY,Siendo pap√° soltero por 24 horas ü§Ø Juan de Dios Pantoja,2022-12-26T17:09:15Z,UCzoUWqjCbcfWFdOMvoep8FA,Juan De Dios Pantoja,2023-01-04T00:00:00Z,11424967,469277,0,9509,https://i.ytimg.com/vi/R6rkQcePMSY/default.jpg
tivttZg7ANU,Creeper Mutante VS La Casa M√°s Segura de Minecraft,2022-12-27T17:24:38Z,UCEs5MQjXJq27-X2vgdwtYDw,Dagar,2023-01-04T00:00:00Z,571378,9697,0,119,https://i.ytimg.com/vi/tivttZg7ANU/default.jpg
7tq1JBKN7BE,Decenas de muertos por la peor tormenta invernal de toda una generaci√≥n en EE.UU.,2022-12-26T16:48:16Z,UCEJs1fTF3KszRJGxJY14VrA,NTN24,2023-01-04T00:00:00Z,1043316,7718,0,927,https://i.ytimg.com/vi/7tq1JBKN7BE/default.jpg
3EXIIqbbtsU,EL FIN DE LAS JM (video serio) | Hermanas JM,2022-12-28T01:00:03Z,UCmWtpHeGuFuibVMfVFOg7Aw,Hermanas JM,2023-01-04T00:00:00Z,1058859,80391,0,17095,https://i.ytimg.com/vi/3EXIIqbbtsU/default.jpg
-17o9yvhTt0,La Evolucion Del CINE CATASTROFE | #TeLoResumo,2022-12-26T22:00:00Z,UCw7Bz6EHxlnOoBUBlJZCWCw,Te lo resumo,2023-01-04T00:00:00Z,1729657,115481,0,4890,https://i.ytimg.com/vi/-17o9yvhTt0/default.jpg
SO6xw81AZY4,Me estafaron con un XBOX ONE... | As√≠ te estafan #10,2022-12-27T03:00:19Z,UCr6U90SjEcVfNbj0UAGRFtA,Expector,2023-01-04T00:00:00Z,459381,31096,0,2773,https://i.ytimg.com/vi/SO6xw81AZY4/default.jpg
EHKU9IuXbCg,Andrea Escalona nos presenta a su beb√© | Programa hoy,2022-12-26T15:34:20Z,UCJPd6seu4JK4PZjVVTWb0QA,Hoy,2023-01-04T00:00:00Z,668250,4496,0,320,https://i.ytimg.com/vi/EHKU9IuXbCg/default.jpg
xNV1mnpBNzo,El hielo que se derrite en el √Årtico (1/2) | DW Documental,2022-12-25T20:00:15Z,UCQ1GpKa15ulyoQuxz7H4rng,DW Documental,2023-01-04T00:00:00Z,3464004,20224,0,1055,https://i.ytimg.com/vi/xNV1mnpBNzo/default.jpg
BPe5h1hwD04,OFFICIAL TRAILER | ‡∏ô‡∏¥‡πà‡∏á‡πÄ‡∏Æ‡∏µ‡∏¢ 2 You | Cutie Pie 2 You Series,2022-12-27T11:00:09Z,UC_HtEPrXQYKJ9Pihwg0u1Rw,Mandee Channel,2023-01-04T00:00:00Z,1184825,97292,0,4967,https://i.ytimg.com/vi/BPe5h1hwD04/default.jpg
KClaKLICkcw,24 HORAS SIENDO PRINCESA EN LA VIDA REAL üò± ASI REACCIONA LA GENTE üòÖ Sandra Cires Art,2022-12-26T20:00:04Z,UCYM02HkL0C3V1hAzw0HUXUw,Sandra Cires Art,2023-01-04T00:00:00Z,913211,37855,0,2738,https://i.ytimg.com/vi/KClaKLICkcw/default.jpg
S3HO2w1WZEY,Minecraft pero Cultivo Diamantes de Cualquier Cosa,2022-12-26T19:00:13Z,UCkKdqfQUDb6BcC4mwYEkTnQ,MrDs4,2023-01-04T00:00:00Z,949437,33830,0,488,https://i.ytimg.com/vi/S3HO2w1WZEY/default.jpg
d5PMXT-L7Fo,Junior H x El Chachito - En Paris [Official Video],2022-12-24T21:00:08Z,UC648rgJOboZlgcDbW00vTSA,Rancho Humilde,2023-01-04T00:00:00Z,2259570,79984,0,893,https://i.ytimg.com/vi/d5PMXT-L7Fo/default.jpg
M4QoVfGIcak,Rochy RD x Dilon Baby - CAPOTILLO üîû| Video Oficial |,2022-12-28T17:19:41Z,UCAruFBYLugQOEkhy-Kh6ZiQ,Rochy RD,2023-01-04T00:00:00Z,2116151,88189,0,5009,https://i.ytimg.com/vi/M4QoVfGIcak/default.jpg
ANyxJm4MGY0,Mi problema con AFTER 4: AMOR INFINITO,2022-12-25T22:04:10Z,UChO9L4Y81951vHNg48ijxrw,Danna Alquati,2023-01-04T00:00:00Z,715912,88443,0,3409,https://i.ytimg.com/vi/ANyxJm4MGY0/default.jpg
7IKab3HcfFk,I Survived 50 Hours In Antarctica,2022-12-24T20:59:59Z,UCX6OQ3DkcsbYNE6H8uQQuVA,MrBeast,2023-01-04T00:00:00Z,66815857,3207243,0,114569,https://i.ytimg.com/vi/7IKab3HcfFk/default.jpg
Vez_B-PTmOw,Santa Fe Klan - Separaos (Video Oficial),2022-12-24T02:00:11Z,UC4Ge3cqrdyOszmnJTcMICcg,Santa Fe Klan Official,2023-01-04T00:00:00Z,4123097,195979,0,4890,https://i.ytimg.com/vi/Vez_B-PTmOw/default.jpg
sWIR3Zoe7xY,La Tormenta Elliot deja a su paso m√°s de medio centenar de muertes,2022-12-26T22:49:48Z,UCDUxOvbwu1bnyD7AucP0ESw,Al Rojo Vivo,2023-01-04T00:00:00Z,654212,9493,0,621,https://i.ytimg.com/vi/sWIR3Zoe7xY/default.jpg
TlUxreXDn9E,Mensaje de Navidad 2022 al pueblo de M√©xico,2022-12-24T23:04:09Z,UCxEgOKuI-n-WOJaNcisHvSg,Andr√©s Manuel L√≥pez Obrador,2023-01-04T00:00:00Z,868337,65882,0,8981,https://i.ytimg.com/vi/TlUxreXDn9E/default.jpg
bq-Zt-E9sak,SOBREVIV√ç UN D√çA CON $1 PESO,2022-12-24T22:55:18Z,UC8hiDnhwE7ieY1atgDE_yUg,GONZOK,2023-01-04T00:00:00Z,428549,15636,0,505,https://i.ytimg.com/vi/bq-Zt-E9sak/default.jpg
9r3pIo75IKs,Les mostramos Nuestra Casa por Navidad üò≥üéÑ| Mystery World,2022-12-25T03:10:04Z,UCw8IzWrBfgh1N-uHUN2lXcw,Mystery World,2023-01-04T00:00:00Z,301354,18738,0,1351,https://i.ytimg.com/vi/9r3pIo75IKs/default.jpg
1nbLrh-cvR8,Santa les da regalos a Kima y Juanito personalmente üéÖüèª Jukilop | Kimberly Loaiza,2022-12-24T21:48:35Z,UCQZfFRohQ7UX-0CdXl-6pwQ,Kimberly Loaiza,2023-01-04T00:00:00Z,5735389,230208,0,12279,https://i.ytimg.com/vi/1nbLrh-cvR8/default.jpg
ReNtw_Adz0E,√ëengo Flow x Bad Bunny - Gato de Noche [Official Video],2022-12-23T01:00:11Z,UC-GHvO97LsZDQv30KPROFMQ,Nengo Flow,2023-01-04T00:00:00Z,15377119,523115,0,11519,https://i.ytimg.com/vi/ReNtw_Adz0E/default.jpg
JLl9SL3aDEU,DIVAZA COCINERA (PAN DE JAM√ìN) ü•ñ,2022-12-24T23:05:42Z,UCY_37NEvihrX3Te637OTxOg,LA DIVAZA,2023-01-04T00:00:00Z,592432,49560,0,1833,https://i.ytimg.com/vi/JLl9SL3aDEU/default.jpg
A-2HYlzdFNY,ENCONTRAMOS NUESTROS JUGUETES DE PEQUE√ëOS | POLINESIOS,2022-12-23T21:25:18Z,UCY8LnVxm0Hf7DKPKuLPxb2g,ExtraPolinesios,2023-01-04T00:00:00Z,1022682,37778,0,1075,https://i.ytimg.com/vi/A-2HYlzdFNY/default.jpg
vHktP07x8nQ,#NAVITRAP (Ft. @ndkobiakajustinbieber ) (Visualizer),2022-12-24T06:00:10Z,UCHFWgbEY-BXK5p0pgnSY1Aw,Dan Garc√≠a,2023-01-04T00:00:00Z,270714,25841,0,860,https://i.ytimg.com/vi/vHktP07x8nQ/default.jpg
qi5F61F2NAI,me inyect√© los labios y la cara ü•¥ + poniendo el arbolito üéÑ,2022-12-24T19:00:27Z,UCCuwqurrixDw7QifKz95UnQ,Isalia G√≥mez,2023-01-04T00:00:00Z,143942,6759,0,296,https://i.ytimg.com/vi/qi5F61F2NAI/default.jpg
QH4mCEanwKI,It‚Äôs Beginning To Look A Lot Like Christmas (cover) by V of BTS,2022-12-23T15:30:05Z,UCLkAepWjdylmXSltofFvsYQ,BANGTANTV,2023-01-04T00:00:00Z,13623516,1720942,0,99760,https://i.ytimg.com/vi/QH4mCEanwKI/default.jpg
ryZlMw8zz0I,üìπ El Resumen | Tigres 1 - 2 Chivas | Jornada 4 | Copa Sky,2022-12-23T22:00:19Z,UCUpZKAvgQbvHyXAerkmxhSQ,Tigres Oficial,2023-01-04T00:00:00Z,211067,1029,0,167,https://i.ytimg.com/vi/ryZlMw8zz0I/default.jpg
_zRn_3Kk_jA,Lasso - Oma,2022-12-25T00:00:18Z,UC101gUYGgpIsWQaO5ckSgOQ,LassoVEVO,2023-01-04T00:00:00Z,439285,25696,0,1243,https://i.ytimg.com/vi/_zRn_3Kk_jA/default.jpg
SiSJVE2YrMw,La tormenta invernal trae caos el fin de semana de Navidad | Noticias Telemundo,2022-12-25T00:59:15Z,UCRwA1NUcUnwsly35ikGhp0A,Noticias Telemundo,2023-01-04T00:00:00Z,734583,4866,0,178,https://i.ytimg.com/vi/SiSJVE2YrMw/default.jpg
2Xtmq0Djk6k,Ganando 1.000.000 de Pesos en 30 D√≠as - D√≠a 10,2022-12-25T02:50:38Z,UCcrwHnSlK1pwESr6hknupIA,JDaniel,2023-01-04T00:00:00Z,846890,32685,0,2363,https://i.ytimg.com/vi/2Xtmq0Djk6k/default.jpg
51Ca0FSY4vs,EL GRINCH: ¬°Todas las Pel√≠culas! | Original vs Remake,2022-12-23T17:00:11Z,UCPOnc9g6DFpZLZH8rdgQI3w,Ruslan,2023-01-04T00:00:00Z,1054161,45415,0,1640,https://i.ytimg.com/vi/51Ca0FSY4vs/default.jpg
Qpq2fiIegJs,Estoy enamorada de C√©sar Pantoja üòç Broma al team ü§Ø Cecia Loaiza,2022-12-22T21:47:56Z,UCEv3u4RVNiQtNg4Usx0qyYA,Cecia Loaiza,2023-01-04T00:00:00Z,1389873,70316,0,1214,https://i.ytimg.com/vi/Qpq2fiIegJs/default.jpg
hTHu39ReZlE,SKABECHE NO QUISO SALTAR!! Los lanc√© de un Avi√≥n,2022-12-23T00:30:22Z,UCUo7T81zvCqpPhfsPb_kajA,Juanpa Zurita,2023-01-04T00:00:00Z,930000,77275,0,909,https://i.ytimg.com/vi/hTHu39ReZlE/default.jpg
VfUatRCj_0c,"¬°PARTIDAZO, TRIUNFAZO Y CLASIFICACI√ìN CIUDADANA ANTE LOS REDS! | Man. City 3-2 Liverpool | RESUMEN",2022-12-22T22:10:37Z,UCFmMw7yTuLTCuMhpZD5dVsg,ESPN Fans,2023-01-04T00:00:00Z,4417848,73182,0,2841,https://i.ytimg.com/vi/VfUatRCj_0c/default.jpg
G0Anwyl7Gs8,1000 RAINBOW FRIENDS Vs BASE SEGURA en MINECRAFT üò± Los COMPAS,2022-12-22T22:45:00Z,UCp7wTrsCU7eICb5z69D3rwA,Timba Vk,2023-01-04T00:00:00Z,1874048,53139,0,856,https://i.ytimg.com/vi/G0Anwyl7Gs8/default.jpg
_ZqfVwk9F3Q,"Gera MX, Snow Tha Product - Hagan Ruido (Video Oficial)",2022-12-23T00:00:07Z,UCWm7iMyLqEPCsRHhvU-E2vw,GeraMXVEVO,2023-01-04T00:00:00Z,490061,31696,0,840,https://i.ytimg.com/vi/_ZqfVwk9F3Q/default.jpg
TudE21oy890,Morat - Deb√≠ Suponerlo (En Directo desde el Auditorio Nacional de M√©xico),2022-12-22T23:00:15Z,UCncmmq2xV1002xNnx9_rDhw,MoratVEVO,2023-01-04T00:00:00Z,949544,45334,0,1417,https://i.ytimg.com/vi/TudE21oy890/default.jpg
FLXG9c3arS0,BROMA a mi NOVIA de que la ENGA√ëO con OTRA..üò• (no me habl√≥ por d√≠as XD),2022-12-22T22:30:01Z,UCRa1GZoF3Hbe9LnQBYwsiFQ,AbrahamBass,2023-01-04T00:00:00Z,445334,28700,0,1260,https://i.ytimg.com/vi/FLXG9c3arS0/default.jpg
3H2iMgp-jNQ,Ara√±a Mutante VS La Casa M√°s Segura de Minecraft,2022-12-24T15:32:52Z,UC8EkcHOycB94lHDkbAPSnQA,Nacho,2023-01-04T00:00:00Z,516080,7791,0,76,https://i.ytimg.com/vi/3H2iMgp-jNQ/default.jpg
5BUDbwBKG0k,ENSALADA DE FRUTAS NAVIDENÃÉA üéÑüòã | Vicky Receta Facil,2022-12-22T17:32:01Z,UCewhO42h_TIKZdntpI-v39g,VICKY RECETA FACIL,2023-01-04T00:00:00Z,505500,14853,0,268,https://i.ytimg.com/vi/5BUDbwBKG0k/default.jpg
iCSMtGhce4E,3 personas fallecidas deja el intenso fr√≠o en Estados Unidos,2022-12-23T22:12:40Z,UCDUxOvbwu1bnyD7AucP0ESw,Al Rojo Vivo,2023-01-04T00:00:00Z,706748,6861,0,528,https://i.ytimg.com/vi/iCSMtGhce4E/default.jpg
I0LR37u2GkE,PASTEL PARA LA HIJA DEL CANELO | MIS PASTELITOS,2022-12-21T21:40:47Z,UCkjjH0hsvaeRIuwGlM9oSvg,Mis Pastelitos,2023-01-04T00:00:00Z,3614993,116724,0,2294,https://i.ytimg.com/vi/I0LR37u2GkE/default.jpg
RQc7QSQ2PN0,La verdadera RAZ√ìN por la que MESSI ENFURECI√ì con SALT BAE en la FINAL ¬°Esto TIENE QUE PARAR!,2022-12-23T00:15:01Z,UCHle8xt_YqgwVqnimyoapyA,La Gambeta,2023-01-04T00:00:00Z,1290109,17545,0,1928,https://i.ytimg.com/vi/RQc7QSQ2PN0/default.jpg
KI6k7YE2cfM,KARELY RUIZ & Escorpi√≥n Dorado #alVolante Bailes pegrilosos !,2022-12-21T02:09:55Z,UCQinRuAywuE2gH20gBBv1Mg,PelucheEn ElEstuche,2023-01-04T00:00:00Z,4387197,117091,0,3614,https://i.ytimg.com/vi/KI6k7YE2cfM/default.jpg
jPCLYIuZb-E,Kima y Juanito le hicieron esta carta a Santa Claus üéÖüèª Jukilop | Kimberly Loaiza,2022-12-22T20:10:19Z,UCQZfFRohQ7UX-0CdXl-6pwQ,Kimberly Loaiza,2023-01-04T00:00:00Z,4751776,264297,0,29476,https://i.ytimg.com/vi/jPCLYIuZb-E/default.jpg
-lTofiuXSrI,EL MANUAL DEL CAMPERO #46 RECICLANDO DIGO PROBANDO EL NUEVO MODO REBOLUCION!!! SOLO VS SQUAD!!!,2022-12-22T04:47:03Z,UC6Ij1c74Gm-TicYZsKL1FAw,Golemcito Games,2023-01-04T00:00:00Z,1197575,101778,0,2189,https://i.ytimg.com/vi/-lTofiuXSrI/default.jpg
-xTvwrJmiik,Artemisa | Destripando la Historia,2022-12-21T17:00:08Z,UCxIBZ-nQhgZES3UaTm8eDPA,Pascu y Rodri,2023-01-04T00:00:00Z,3413003,312004,0,9192,https://i.ytimg.com/vi/-xTvwrJmiik/default.jpg
0V_lFhijQmk,HUNGRY PIG MOMENTOS DIVERTIDOS (PARTE 2) (ROBLOX),2022-12-22T22:00:09Z,UC3t7_hgqy-7pccSWRVaTQIw,RoxiCake Gamer,2023-01-04T00:00:00Z,3064413,351665,0,9955,https://i.ytimg.com/vi/0V_lFhijQmk/default.jpg
MKmB-BcqYm0,GANANDO UNA PARTIDA DE FORTNITE CON ELMARIANA üò±üôâ,2022-12-21T23:38:59Z,UCN5-GZpwKi8ISEt2eBoznpw,aldo_geo,2023-01-04T00:00:00Z,326483,23410,0,158,https://i.ytimg.com/vi/MKmB-BcqYm0/default.jpg
rYu7Y2f8UdE,Jairo compra TODO lo que le venden | El Guzii,2022-12-21T22:28:26Z,UCuGn3ioftOo6jvHE1YK4Bfw,El Guzii,2023-01-04T00:00:00Z,849208,60823,0,2475,https://i.ytimg.com/vi/rYu7Y2f8UdE/default.jpg
A_w7Kn8JSII,Stray Kids JAPAN 1st Album Trailer,2022-12-22T15:00:07Z,UCXhj2pPWvONXmvgHX5wllCA,Stray Kids Japan Official Youtube,2023-01-04T00:00:00Z,874165,149269,0,4318,https://i.ytimg.com/vi/A_w7Kn8JSII/default.jpg
VFvIQ0nSM20,24 horas COCINANDO recetas de LA CAPITAL de OSCAR MEZAR 4 üçî,2022-12-22T18:30:20Z,UCmkj-Yx7IhPCYar95cRvVJQ,La Cocina Del Pirata,2023-01-04T00:00:00Z,389771,40513,0,500,https://i.ytimg.com/vi/VFvIQ0nSM20/default.jpg
VZn5aj7N_0Y,SUAVECITO Y YO VIVIREMOS JUNTOS DE NUEVO? üò±| Alex Flores no soport√≥,2022-12-21T20:03:17Z,UC9Q41VodjbT0zV0P56BndSQ,Kimberly Shantal,2023-01-04T00:00:00Z,378348,16237,0,471,https://i.ytimg.com/vi/VZn5aj7N_0Y/default.jpg
azeAZ8bsAB0,MANEJ√â EL BM!!! ü•π | JUCA,2022-12-22T22:30:01Z,UCqnFo90nZIcOxbfMekqnKiQ,JUCA,2023-01-04T00:00:00Z,843513,76793,0,5484,https://i.ytimg.com/vi/azeAZ8bsAB0/default.jpg
FfojeaZ3p9g,RIVERSANTA - REGALANDO COSAS A LA COMUNIDAD,2022-12-22T19:00:42Z,UCW3bX8K5LuQHw8cKc3U8iUg,Rivers,2023-01-04T00:00:00Z,496625,37521,0,588,https://i.ytimg.com/vi/FfojeaZ3p9g/default.jpg
bMaouKh91BY,EL PROBLEMA CON TICKETMASTER,2022-12-22T00:00:16Z,UCnuQiFVNBo87ahxLAw2aBew,Woshingo,2023-01-04T00:00:00Z,296765,27100,0,961,https://i.ytimg.com/vi/bMaouKh91BY/default.jpg
DCpUFnHblRM,HotSpanish - Lo Malo Pasa (Video Oficial),2022-12-21T01:45:58Z,UCZl5TTjf8AtBhgh6ddwHluQ,HotSpanish Music,2023-01-04T00:00:00Z,1174547,198929,0,25660,https://i.ytimg.com/vi/DCpUFnHblRM/default.jpg
iHJT4pLwZyA,Turbo se QUEDA SIN CASA en Minecraft!,2022-12-23T02:04:01Z,UCeOrlSK-mWTZjB66O9ttHpg,xTurbo,2023-01-04T00:00:00Z,1291839,22374,0,611,https://i.ytimg.com/vi/iHJT4pLwZyA/default.jpg
3_P28GTOWGg,El d√≠a que Messi SUPER√ì a Maradona | Argentina CAMPEON del Mundo HISTORIA,2022-12-22T01:00:09Z,UCXEZrUc8zI1khA7Eri3GAwA,EmmaHavokOscuro,2023-01-04T00:00:00Z,1446383,78484,0,5690,https://i.ytimg.com/vi/3_P28GTOWGg/default.jpg
WHejvUhX6rk,"Yandel, Feid  - Yandel 150 (Video Oficial)",2022-12-20T22:00:09Z,UC-LRORSJOy5cOBd5TVVQ6Fw,Yandel,2023-01-04T00:00:00Z,9046945,137741,0,2851,https://i.ytimg.com/vi/WHejvUhX6rk/default.jpg
rkiehmuV8Cg,DECORANDO + HACIENDO LA MANSI√ìN NAVIDE√ëA DE 8 CUARTOS DE BARBIE/ CASA DE EN SU√ëEOS DE BARBIE NAVIDAD,2022-12-21T17:44:44Z,UCjI4uGfwB7U-F_abh-MjP5A,karla reborns1,2023-01-04T00:00:00Z,568691,10655,0,0,https://i.ytimg.com/vi/rkiehmuV8Cg/default.jpg
rKo6F4Qksuk,LA VERDAD DE LO QUE HA SUCEDIDO EN MI VIDA + Transformaci√≥n Lunar,2022-12-22T01:00:33Z,UCoAaUrd2uSoWFjf04_jBG3Q,LunaLaTuna Beauty,2023-01-04T00:00:00Z,149004,12675,0,697,https://i.ytimg.com/vi/rKo6F4Qksuk/default.jpg
ZVHPTVzadCg,Deep end (ÌïÑÎ¶≠Ïä§) Deep end (Felix),2022-12-21T09:04:09Z,UCIMmuidNJdncfMEelOU08Fg,Stray Kids - Topic,2023-01-04T00:00:00Z,1737833,151856,0,11407,https://i.ytimg.com/vi/ZVHPTVzadCg/default.jpg
sr32QfKQZh8,Use C√°maras para ROBAR los Tesoros De Mis Enemigos!,2022-12-23T15:25:03Z,UCyDUULOp3b3JsehZKIIVzrg,Jardred,2023-01-04T00:00:00Z,492566,11978,0,470,https://i.ytimg.com/vi/sr32QfKQZh8/default.jpg
D8WwqWS2E6E,Stray Kids FAM (Korean Ver.) M/V,2022-12-21T08:59:56Z,UCaO6TYtlC8U5ttz62hTrZgg,JYP Entertainment,2023-01-04T00:00:00Z,2769801,372928,0,12599,https://i.ytimg.com/vi/D8WwqWS2E6E/default.jpg
gfKPzQN_9ng,TWICE Merry & Happy 2022ver. - Mini M/V,2022-12-22T09:00:20Z,UCzgxx_DM2Dcb9Y1spb9mUJA,TWICE,2023-01-04T00:00:00Z,2012704,197431,0,8457,https://i.ytimg.com/vi/gfKPzQN_9ng/default.jpg
4jKb11CcI1s,¬°El REGRESO de los TUTORIALES ESTUPIDOS!  [WIKIHOW pt.4],2022-12-19T19:28:52Z,UCsCQIvK0LGpb3dBRo2RXAfA,MissaSinfonia,2023-01-04T00:00:00Z,5373032,648212,0,24760,https://i.ytimg.com/vi/4jKb11CcI1s/default.jpg
3FIZyCRPLcI,"SHOCK: Este MAGO une AUDICIONES, SEMIFINALES Y FINAL | Gran Final | Got Talent Espa√±a 2022",2022-12-21T12:32:47Z,UCxthdekpMin2DTv4i-3AjDg,Got Talent Espa√±a,2023-01-04T00:00:00Z,826536,17623,0,136,https://i.ytimg.com/vi/3FIZyCRPLcI/default.jpg
jEYpr5UzPZ8,RUTINA DE NOCHEüò¥CON BEBE DE 4 MESES üë©‚Äçüëß,2022-12-20T22:05:35Z,UCbzqYxIuf0pAsMk3p-0Q7IQ,Melany :p,2023-01-04T00:00:00Z,209202,12356,0,195,https://i.ytimg.com/vi/jEYpr5UzPZ8/default.jpg
td3xSID4uLo,Bobicraft Califica BACKROOMS de Bedrock vs JAVA,2022-12-21T18:58:26Z,UCADRd3q-WK5Bgzs-DxIXKlA,Bobicraft Plus,2023-01-04T00:00:00Z,570444,24668,0,2100,https://i.ytimg.com/vi/td3xSID4uLo/default.jpg
v0QTRQhDzwM,MI POSADA TERMINA MAL / HOUSE TOUR NAVIDE√ëO/ Soy Araceli,2022-12-20T21:05:01Z,UCDQFWbUdOvutmihdiI9kyRw,SoyAraceli,2023-01-04T00:00:00Z,174007,5520,0,133,https://i.ytimg.com/vi/v0QTRQhDzwM/default.jpg
rDEtfAdLj5o,Todos los DETALLES de la MUERTE de NETO REYNO hoy de que murio FAMOSO RAPERO de Mexico 2022 que paso,2022-12-20T17:54:08Z,UC-GKXw7ByZRK7sz7NCnLMpQ,Jesus Campoz,2023-01-04T00:00:00Z,184522,2972,0,96,https://i.ytimg.com/vi/rDEtfAdLj5o/default.jpg
NXgtRaVBKYM,Ganando 1.000.000 de Pesos en 30 D√≠as - D√≠a 7,2022-12-21T18:58:12Z,UCcrwHnSlK1pwESr6hknupIA,JDaniel,2023-01-04T00:00:00Z,931917,33445,0,2281,https://i.ytimg.com/vi/NXgtRaVBKYM/default.jpg
HkmqZz1esYc,VAMOS AL GINECOLOGO POR PRIMERA VEZ Y NO LA POD√çAMOS CREER üò±,2022-12-22T01:21:46Z,UCjRtvi-OLuBB7XBBlV27csA,Romeli,2023-01-04T00:00:00Z,433446,25191,0,917,https://i.ytimg.com/vi/HkmqZz1esYc/default.jpg
fZRZGbc7KHs,Connected (Î∞©Ï∞¨) Connected (Bang Chan),2022-12-21T09:05:06Z,UCIMmuidNJdncfMEelOU08Fg,Stray Kids - Topic,2023-01-04T00:00:00Z,1048074,102549,0,4806,https://i.ytimg.com/vi/fZRZGbc7KHs/default.jpg
xB0mmK4GIo8,SORPRESA PARA EL BEB√â DE CAROL Y CESAR üíôüë∂üèª Queen Buenrostro,2022-12-21T01:12:11Z,UC30kykEblqnlDw2iXCOh2tw,Queen Buenrostro,2023-01-04T00:00:00Z,229194,10276,0,192,https://i.ytimg.com/vi/xB0mmK4GIo8/default.jpg
ZP386iWNzxY,"CREATIVO #293 - MARCELO EBRARD | Quiero ser presidente de M√©xico, AMLO, Pe√±a Nieto, MORENA, Iglesia",2022-12-19T23:17:00Z,UCuyJTl3mDfdolxll5EIHejQ,Roberto Mtz,2023-01-04T00:00:00Z,585613,21115,0,2193,https://i.ytimg.com/vi/ZP386iWNzxY/default.jpg
13aBcRrL0oE,EL ALFA FT El Pepo X ZepekenÃÉo - Arrebatao  ALETEO CHAMPETA,2022-12-21T18:48:24Z,UCEU5ZK7DwN9ppqPFJiGah3A,ElAlfaElJefeTV,2023-01-04T00:00:00Z,6801637,138423,0,8427,https://i.ytimg.com/vi/13aBcRrL0oE/default.jpg
sTcoNK1BRn0,‚ÄòYo no mand√© matar a Ciro G√≥mez Leyva‚Äô:  El Tuc√°n env√≠a mensaje,2022-12-19T14:35:42Z,UCzmd9Aj2wmPggWZJpLdBB8Q,Grupo F√≥rmula,2023-01-04T00:00:00Z,1375896,16345,0,3032,https://i.ytimg.com/vi/sTcoNK1BRn0/default.jpg
nD_ECgCv-Bw,¬°NOS CAEMOS en un INODORO GIGANTE! üí©üöΩ LOS COMPAS y MIKECRACK en HUMAN FALL FLAT #3,2022-12-19T16:00:47Z,UCqJ5zFEED1hWs0KNQCQuYdQ,Mikecrack,2023-01-04T00:00:00Z,5214231,99640,0,3361,https://i.ytimg.com/vi/nD_ECgCv-Bw/default.jpg
pYYMHI0MZ3A,üá™üá∏ MIS PADRES LLEGAN a M√âXICO por PRIMERA VEZ y ACABAN LLORANDO üò≠üá≤üáΩ **m√°s de 1 a√±o sin vernos**,2022-12-22T01:19:21Z,UCLWE3Y_JkecVd0jZVBwGelg,Aldara y Alex,2023-01-04T00:00:00Z,209587,18771,0,1040,https://i.ytimg.com/vi/pYYMHI0MZ3A/default.jpg
pDLBa0SJW1o,TROLLEO A MI AMIGO CONVERTIDO EN HEROBRINE EN MINECRAFT!,2022-12-21T19:30:04Z,UCazcTV-hRc4b-wdb0sFsRKQ,Trolerotutos,2023-01-04T00:00:00Z,1102375,31299,0,472,https://i.ytimg.com/vi/pDLBa0SJW1o/default.jpg
9fgsM-f8NAA,INTERCAMBIO de REGALOS con el SDLM,2022-12-20T01:08:06Z,UCFjAVsvB9f_lTegmfjaoA3g,El Chaii,2023-01-04T00:00:00Z,239084,11014,0,390,https://i.ytimg.com/vi/9fgsM-f8NAA/default.jpg
tUYJdNxrSyk,ÎÇòÏßÄÎßâÏù¥ (Î¶¨ÎÖ∏) Limbo (Lee Know),2022-12-21T09:07:07Z,UCIMmuidNJdncfMEelOU08Fg,Stray Kids - Topic,2023-01-04T00:00:00Z,1089254,112602,0,8986,https://i.ytimg.com/vi/tUYJdNxrSyk/default.jpg
rLmb9Czj8JY,POR QUIEN VOTARE EN LOS ESLAND...,2022-12-21T18:00:18Z,UCejggbBHSAIx8wvnc4x7HSg,ELDED,2023-01-04T00:00:00Z,369427,29263,0,385,https://i.ytimg.com/vi/rLmb9Czj8JY/default.jpg
wsMNvO6CIUI,Margarita lleg√≥ en modo navide√±o para saber sus deseos de Navidad. | Venga La Alegr√≠a,2022-12-21T20:05:45Z,UCA2DauS90sMNx9jqK3wiuFQ,Venga La Alegr√≠a,2023-01-04T00:00:00Z,188908,2300,0,193,https://i.ytimg.com/vi/wsMNvO6CIUI/default.jpg
