bdsA4LK3V1o,20,mikecrack|mike crack|mikecrak|mike|minecraft|buodtubers|build tubers|mikecrack buildtubers|pasamos de noob a pro|prision vs prision|prision segura vs prision segura|noob pro hacker|de noob a pro|noob vs pro|noob vs pro vs hacker|prision noob|prision pro|prision hacker|noob|pro|hacker|prision segura,False,False
3A2jDUyFMf4,20,Minecraft|Acenix|invictor|trolleo|troleo a invictor|mi amigo|hacks|trolleo con hacks|batalla de construccion|construcci√≥n minecraft|trolleo minecraft|invictor y acenix,False,False
YfSUCTuoXIs,26,sopa de tortilla|sopa de tortilla receta|receta de sopa de tortilla|como hacer sopa de tortilla|como hacer sopa de tortilla receta,False,False
dm-WBknsfNE,25,NTN24|Noticias en Espa√±ol|Noticias de Am√©rica Latina|Noticias|√öltimas noticias,False,False
9BfhKt3aISs,20,xturbo|turbo|turbo minecraft|awita|minecraft|minecraft turbo|turboo|turboo minecraft|Turbo|xturboo|xturboo cortos|trolle√©|mis|amigos|transform√°ndome|en|bloques!,False,False
GIu3SlbLqfQ,25,[None],False,False
YzMpYnn_yTw,24,triline|videos chistosos|youtub|videos graciosos|videos|youtube videos|curiosidades|interesante|noticias|game awards 2022|juego del a√±o 2022|elden ring juego del a√±o|eurovision|alex jones juicio|alex jones condenado|ciudad the line|ciudad arabia saudi the line|lo mejor y lo peor del a√±o|resumen del a√±o 2022|resumen noticias|noticias 2022,False,False
nBn8wK5OsEg,20,gta v|gta 5|gta|grand theft auto v|grand theft auto 5|grand theft auto|gta 5 mods|gta v mods|gta mods|gta 5 online|gta v online|gta online|online|mods|mod|e-mastersensei|e-master sensei|emastersensei|e master sensei|e mastersensei|emaster sensei|barcos|barco|lanchas|lancha|yates|yate|veleros|velero|robando|robo|millonario|millonarios|veh√≠culo|veh√≠culos|coche|coches|carro|carros|auto|autos|moto|motos|camioneta|camionetas|bici|bicis|avion|avioneta|aviones|avionetas,False,False
Yju9lf22ack,22,canal44|canal 44|Canal 44|Canal 44 noticias,False,False
pAqq-6kgWac,20,friday night funkin|week 7|espa√±ol|osu!mania|Profesional|Tricky|Full week|imposible|dificil|Mejores mods|shitpost|Vs Kapi FNF|Expurgation compota|FullCombo|Shitpost fnf|FC|kapi compota|vs misa compota|exe compota|fnf pibby|compota pibby|Extreme demon compota|Compota GD|osu!|Torneo discord|discord compota|Jesus fnf|impostor v4|sus compota|amongus v4|impostor v4 compota|impostor compota|sus v4 compota|V4 compota|v4 gameplay|v4 full combo,False,False
oVveMasVoEQ,20,mordida del 87|canci√≥n fnaf 4|town song fnaf|teorias|teorias fnaf|fnaf jota|jota teorias|jota teorias fnaf|purple guy|hombre morado|five night at freddy|five|night|at|freddys|teory|teory fnaf|fnaf teory|jota teory|purple|guy|arruinarian fnaf|fnaf arruinado|teorias que|quien hizo la mordida del 87|mangle hizo la mordida del 87|foxy mordida del 87|golden freddy|fnaf ar,False,False
9GnIRRTmnZk,24,Mezcla Harina Cola y Jab√≥n|gasta poco y consigue lujo|mezcla|harina|cola|jabon|gasta poco|consigue lujo|yobanka art|manualidades|idea diy|cola blanca|decoracion|piezas unicas|hazlo tu misma|de moda|yo te ense√±o,False,False
V2lIklOaD2A,25,RUSIA|UCRANIA|CONFLICTO|HOMENAJE|SOLDADOS|AFP|NEWS|ACTU|INFO,False,False
Zm1VIGNmPxI,10,NPR|NPR Music|National Public Radio|Live|Performance|tiny desk|tiny desk concert|tony desk|tiny concert,False,False
YwkOa9EQIyw,20,ROBLOX|doors|the backrooms|backrooms|obby de roblox|BARRY'S PRISON RUN!|obby|roblox en espa√±ol,False,False
sykZHXQrAtc,1,Conoce a Arnold|Arnold|ciencia|experimentos|tops|m√°s|que pasar√° si|que si|canal|documental|top|dibujos animados|divertidas|caricatura divertida|ideas divertidas|interesante|caricatura interesante|ideas interesantes|ideas geniales|Por Qu√© los Antidepresivos no se Venden sin Receta,False,False
c48xHwUWEBU,24,Televisa|Las Estrellas|Telenovelas|Televisa Espect√°culos|Programas Televisa|Telenovelas Televisa|Sitio de Las Estrellas|#ConLasEstrellas|Cabo|B√°rbara de Regi Cabo|B√°rbara de Regil|Mat√≠as Novoa|Eva Cede√±o|Diego Amozurrutia|Rebecca Jones|Mar√≠a Chac√≥n|Fabiola Campomanes|Mar Contreras|sof√≠a rivera|cabo las estrellas|cabo telenovela|cabo cap√≠tulo 51|Luc√≠a le pide perd√≥n a Sof√≠a|Azela Robinson|axela robinson cabo,False,False
Y1E_eHzTE8c,27,Si lo Hubiera Sabido|Mutuactivos|MM|Mutua Madrile√±a|la Mutua|aprender a invertir|finanzas|guerra econ√≥mica|Rusia vs ucrania|guerra de ucrania|guerra en ucrania|Volodomyr Zelens|Volod√≠mir zelensky|Vladimir putin|c√≥mo Ucrania est√° ganando la guerra|cu√°nto cuesta la guerra de ucrania|c√≥mo se financia la guerra de ucrania|econom√≠a de ucrania|crisis ucrania,False,False
GaMXFpZ--aQ,24,Televisa|Las Estrellas|Telenovelas|Televisa Espect√°culos|Programas Televisa|Telenovelas Televisa|Sitio de Las Estrellas|#ConLasEstrellas|Cabo|B√°rbara de Regi Cabo|B√°rbara de Regil|Mat√≠as Novoa|Eva Cede√±o|Diego Amozurrutia|Rebecca Jones|Mar√≠a Chac√≥n|Fabiola Campomanes|Mar Contreras|sof√≠a rivera|cabo las estrellas|cabo telenovela|cabo cap√≠tulo 51|Isabela mete ciza√±a por la relaci√≥n de Sof√≠a con Miguel,False,False
_ZAgIHmHLdc,10,HYBE|HYBE LABELS|ÌïòÏù¥Î∏å|ÌïòÏù¥Î∏åÎ†àÏù¥Î∏îÏ¶à,False,False
Q5TsN4cXuJE,22,carrera|carreraaa|carre|carrerita|xpresstv|cosas que no sabias|IRL|quiz|acertijos|reacciones|reaccion,False,False
34vcenI9fNQ,24,Televisa|Las Estrellas|Telenovelas|Televisa Espect√°culos|Programas Televisa|Telenovelas Televisa|Sitio de Las Estrellas|#ConLasEstrellas|Cabo|B√°rbara de Regi Cabo|B√°rbara de Regil|Mat√≠as Novoa|Eva Cede√±o|Diego Amozurrutia|Rebecca Jones|Mar√≠a Chac√≥n|Fabiola Campomanes|Mar Contreras|sof√≠a rivera|cabo las estrellas|cabo telenovela|cabo cap√≠tulo 51|Rebeca se enfrenta con Malena,False,False
Xzwt29qtS6I,25,Francisco|Papa|Vaticano|Jorge Bergoglio|San Pedro|ROME REPORTS|Roma|Iglesia cat√≥lica|Santa Sede|Baticano,False,False
ouli1MEgh-4,20,Clash Royale|Clash Royale Game|Supercell|Supercell Game|Clash Royale Supercell|Mobile Game,False,False
RLpyjWZeMus,20,SILVIO|SILVIOGAMER|SILVIO GAMER|MINECRAFT|minecraft|minecraft pero|Minecraft|MINECRAFT PERO|perlas|perla|perlas de mobs|perla de mob|perla de|mobs|mob|minecraft mob|minecraft m|PERLAS DE MOBS|minecraft perlas|perlas minecraft|silviogamer|silvio|silvio gamer|minecraft silvio|silvio minecraft|minecraft pero silvio|silvio minecraft pero|soydany|dany|pancracio|enderpearls|ender,False,False
Zt5fJYngHg0,20,RE4|Resident Evil 4|Remake|2023|buenas|nuevas|noticias|isla|escenario|lugar|si estar√°|confirmado|oficial|director|productor|reserva|como|conseguir|edici√≥n|collector's|collectors|edition|re4r|cambios|demo|jugable|horas|krauser|jack|jefe|U3|regenerator|regenerador|gameplay|primer|vistazo|imagen|as√≠ es|son|explicado|espa√±ol|latino|latam|informaci√≥n|detalles|como ser√°|jugabilidad|diferencias|novedades|insider|leak|filtrado|trailer|showcase|debes|saber|island|enemigos|recortar|cortar,False,False
olwgRvsKllA,20,jardred|mcjardred|jard|jardred minecraft|awita|awa|awita minecraft|minecraft trolleo|minecraft jardred|jard minecraft|minecraft jard|jard y awa|xturbo|minecraft pero|trolleo minecraft|base secreta|formas de robar diamantes|Me Hice DIMINUTO Para Escapar de mi Amigo|me|hice|diminuto|para|escapar|de|mi|amigo|minecraft diminuto|diminuto minecraft|mini minecraft|minecraft mini|As√≠ Escape de la Prisi√≥n Mas DIMINUTA,False,False
h0U67DioLUM,24,coreana|coreana en mexico|pareja internacional|chingu amiga,False,False
qb4b3-7_K8o,24,[None],False,False
_tMWa7y5SH8,28,[None],False,False
yg1PMBwXnwY,20,[None],False,False
k6rrx40cO2E,20,GTA5|Juego|Modificaciones de GTA5|Espana|Espanol|Jugando en espana|espana jugando|jugar de espana|espana jugar|gta 5|gta 5 mods|mods|spanish gaming|spain|spain gaming|Franklin GTA 5|GTA 5 Buff Franklin,False,False
ARHQehGI-AE,20,free fire|thedonato|josue07|broders|yair17|broma|comedia|diamantes|pvp|amistad|risas|recargas|garena,False,False
tMzl8CRDhH4,24,ibai llanos|ibai|g2 esports|reaccionando|caster|narrador|ibai reacciona|ibai reaccionando|league of legends|lol,False,False
_ay7HGFnCz0,22,canal44|canal 44|Canal 44|Canal 44 noticias,False,False
pqXTXWDlpKk,17,[None],False,False
FVRzosmzU8o,24,Bad Bunny|Bad Bunny arroja celular|Bad Bunny avienta celular al mar|Conejo malo|World Hottest Tour|fans Bad Bunny,False,False
Yl1ry7pahoM,20,minecraft|awita|awita minecraft|agua|agua minecraft|agua fresquita|agua fresquita minecraft|base segura|base segura minecraft|batalla de base segura|batalla de bases seguras|batallas de bases seguras en minecraft|awita vs jardred|jardred|jardred minecraft,False,False
GF2fblgRqmY,10,Fuerza Regida|Grupo Frontera|Sigan Hablando|Bebe Dame,False,False
RdWG3bRwxb8,20,Warzone 2.0|Warzone 2|Warzone 2 El Ultimo Circulo|Warzone 2 Opinion|El Ultimo Circulo|Estereotipos Warzone|Warzone 2 Gameplay|Call of Duty Warzone 2|Warzone Muerto|Warzone Divertido|Ultimo Circulo,False,False
HXFuhprHzdk,17,djmariio|djmario|djmarrio|djmarioo|dj|mario|mariio|fut|fifa|futdraft|draft|xbox|one|plantilla|discard|challenge|pack|opening|handicap|pc|espa√±ol|trucos|spain|spanish|the journey|el camino|MODO HISTORIA|22|fifa 22 modo carrera|xbox series x|volta|no mires mis etiquetas crack jaja|PS5|PS4|FIFA ULTIMATE TEAM 22|fifa 23|fut 23|ea sports fc 24|fifa 24|ea sports fc|23|fifa 23 djmariio|fifa 23 ps4|fifa 23 modo carrera|fifa 23 nintento switch|fifa 23 gratis,False,False
tUCT82t1Y8Q,22,got the beat|Í∞ìÎçîÎπÑÌä∏|Î≥¥ÏïÑ|boa|ÏÜåÎÖÄÏãúÎåÄ|girls' generation|snsd|ÌÉúÏó∞|taeyeon|Ìö®Ïó∞|hyoyeon|hyo|Î†àÎìúÎ≤®Î≤≥|red velvet|Ïä¨Í∏∞|seulgi|Ïõ¨Îîî|wendy|ÏóêÏä§Ìåå|aespa|Ïπ¥Î¶¨ÎÇò|karina|ÏúàÌÑ∞|winter|girls on top|stamp on it|choreography|stage|video|dance|Ïä§ÌÉ¨ÌîÑÏò®Ïûá|ÏïàÎ¨¥|Î¨¥ÎåÄ|ÎùºÏù¥Î∏å|smcu|smtown|2023,False,False
9W7nAN9bi3w,23,La|mesa|re√±o√±a|Franco|Escamilla|Comedia|Diablo|Squad|noticias,False,False
bVAkjOweoyk,24,adri contreras tik tok|adri contreras|kings league|pique|el barrio|pio fc|jose juan|pio|goles kings league|rivers|mexico,False,False
O49u7DdxGfw,22,[None],False,False
hdJtyNjRzc8,26,pautips|pau tips|pautips youtube|pautips youtuber|youtuber pautips|pautips beauty|paula galindo|story time|pautips youtube channel|pautips vlog|pau y pipe|novio pautips|marca pautips|maquillaje pautips|Pautips cama|tips maquillaje|pesta√±as largas|novio Pautips|latina|30 under 30|latinx|us hispanic influencer|beauty influencer,False,False
veJNTfp4Ie8,24,new years eve|nbc|mileys new years eve party|miley cyrus|dolly parton|nye|new years eve on nbc|2023|paris hilton|stars are blind|sia|NBC|nbc network|miley cyrus new year's eve party|miley cyrus new year's eve 2022,False,False
D93Y2n9LycI,20,Hectorino|TheDonato|Kreck Gamer|Golemcito|Harrix|Soy Suco|La Chama|Nuevo pase|pase elite|pase elite free fire|pase booyah free fire|nuevo pase booyah free fire|free fire pase booyah|pase booyah al maximo|nuevo pase de free fire|Donato nuevo pase|pase elite sakura|sakura free fire|luck royale pases elite|Pase booyah|BOOYAH PREMIUM|free fire nuevo pase|adios pase elite|pase elite 2023|pase elite enero 2023|pase booyah enero 2023|Hectorino nuevo pase,False,False
nefi0Kq7bBA,20,elrubius|rubius|minecraft|karmaland|rubius z|mangel|alexby|vegetta777|willyrex|luzu|lolito|amigos|servidor|mods|mod|pack|mapa|nuevo|serie|survival|staxx|illojuan|quackity|karmaland 5|karmaland V|2022|ilegal|titi|maximus|ilegalidad|alien|aliens|espacio|space|evento|vuelve|final|madkaos|ticket|dorado,False,False
iN78te_lk-k,20,lingames|lin|lin games|lingamer|lin gamer|linda y silvio|silvio|silvio gamer|chilvio|minecraft|minecraft roleplay|roleplay|mi|novio|se|convierte|en|lobo|mi novio se convierte en lobo|novio lobo|hombre lobo|mi novio es un hombre lobo|silviogamer lobo|silviogamer hombre lobo|silvio roleplay|silvio minecraft|lingames minecraft|lingames roleplay|lingames lobo|lin y silvio|soydany|soydany minecraft|pancracio|pancracio minecraft|permon,False,False
dQKlXgW597U,22,Boda|Anillos|Matrimonio|Novios|Merry me|Contenido familiar|Family Friendly|Fiesta|Banda|Hacienda|Rancho|Party|Marcos Gton|Los Gtones|Amor|Crew Gton|Amor puro|Juez,False,False
FFYs7oBGQSU,17,liga|laliga|laliga santander|football|resumen|goles|highlights|goal|gol|derby|Xavi|Diego Mart√≠nez|Diego Martinez|Lewandowski|penalty|draw|expulsion|expulsi√≥n|Christensen|Sergi Roberto|Gavi|Pedri|Frenkie de Jong|Ter Stegen|Braithwaite|Nico Melamed|Sergi Darder|Raphinha|Ansu Fati|Calero|Cabrera|VAR|Brian Oliv√°n|Brian Olivan|polemica|controversy|Oscar Gil|Sergi Gomez|Alvaro Fernandez|Puado|pol√©mica|parad√≥n|paradon|top save|Balde|Jordi Alba|Vini Souza|Sergi G√≥mez,False,False
WyQOrMnmEjQ,24,[None],False,False
TUyX3HkbIvM,10,[None],False,False
j3KbDuqp6sM,20,free fire|nuevo pase elite|pase elite|pase elite free fire|pase elite booyah|compro el pase elite|consigo el pase elite booyah|nuevo pase elite booyah|free fire videos|harrix|harrix videos|harrix free fire,False,False
zJiHMeIGDLo,17,Ligue 1|Fecha 17|ESPN|Res√∫men|2022|PSG|Lens|Messi|Neymar|Mbapp√©|Facundo Medina,False,False
GRATAzXUmqU,29,guerra de Ucrania|Donetsk|bombardeos,False,False
epKRJ6xSZWo,20,clash of clans|COC|Clash of Clans Gameplay|Clash of Clans Strategy|Clash of Clans Animation|Clash of Clans Commercial|Clash of Clans Attacks|Clash of Clans Town Hall|Hog Rider|PEKKA|Clan Wars|season challenges|clan war leagues|clash on|clan game|clan games|clash-a-rama|clasharama|warrior champion|royal champion skin|lunar new year|happy new year|lny|new scenery,False,False
EQ4ybtWu0Qs,24,capitan gato|Capit√°n Gato|cap gato|capitangatoo|capitan gato tiktok|tiktok capitan gato|capitangatoyt,False,False
xEdchQB5jXs,22,team|juki|jukilop|teamjukilop|juan|de|dios|pantoja|reto|challenge|diversi√≥n|entretenimiento|vlog|blogs|nuevo|video|vlogs|blog|lindura|linduras|kimberly|loaiza|risas|musica,False,False
xGd_HhPYX4A,20,brawl stars|mobile game|mobile strategy game|mobile rpg|mobile battle royale|battle royale|supercell game|brawlies|2022|community award|award show|best,False,False
-1Pzu4wxwDs,24,[None],False,False
WaQMD3sYZiw,17,liga|laliga|laliga santander|football|resumen|goles|highlights|goal|gol|penalty|expulsi√≥n|expulsion|Sergio Leon|Sergio Le√≥n|VAR|Ancelotti|Pacheta|Javi S√°nchez|Javi Sanchez|header|cabezazo|Kroos|Vini Jr.|Vinicius Jr|Vin√≠cius Jr|Fresneda|Fede Valverde|Joaqu√≠n Fern√°ndez|Joaquin Fernandez|Escudero|Roque Mesa|Masip|Courtois|paradon|parad√≥n|top save|Monchu|Aguado|Ivan Sanchez|Oscar Plano|√ìscar Plano|Asensio|Ceballos|Carvajal|Rudiger|brace|double|Alaba|Mendy|Camavinga,False,False
LkrRz5QhTDk,10,Brincos Dieras|Brincos Dieras en vivo|Show de brincos dieras en monterrey|Brincos Dieras Arena Monterrey|Brincos Dieras en vivo desde la arena monterrey|Parte 1 brincos dieras|Brincos Dieras Chivas|Brincos Dieras estaba mas gorda|Zagar|Zagar desde el bar|verija norte√±a|tito el ranchero|se los cargo el payaso|arena monterrey,False,False
gjC90L7yffs,25,barra-tarde|Las Noticias|Las Noticias 13:00|Nmas|ForoTV|A√±o Nuevo 2023 Desde Distintos Pa√≠ses|As√≠ se Vivi√≥ el A√±o Nuevo en Varios Pa√≠ses|A√±o Nuevo 2023|A√±o Nuevo Australia|A√±o Nuevo Nueva Zelanda|A√±o Nuevo Corea del Sur|A√±o Nuevo Hong Kong|A√±o Nuevo Tailandia|A√±o Nuevo Jap√≥n,False,False
ljyKiLhAJhE,22,Team|juki|Juan|De|Dios|Pantoja|jd|youtube|retos|reto|tag|tags|Challenge|nuevo|video|risa|comedia|diversi√≥n|extremo|m√∫sica|roast,False,False
uSGePU8_nrA,17,la afici√≥n|¬øA cu√°nto ascend√≠a la fortuna de Pel√©?|pele mundiales|pele muere|pele fortuna|Pel√© muri√≥|Pel√© cu√°nto dinero tiene|fortuna de Pel√©|negocios de Pel√©|empresas de Pel√©|muerte de Pel√©|dinero de Pel√©|riqueza de Pel√©|pele muerte|pele cuantos mundiales gano|pele cuanto dinero tiene|noticias de hoy|milenio deportes,False,False
A_T-RFF8q4c,17,Deportes|Videos de deportes|MARCAClaro|MARCA Claro|Noticias de deportes|Claro Sports|Muere Pel√©|selecci√≥n de Brasil|Edson Arantes do Nascimento|pele best goals|pele highlights|pele muerte|pele muere hoy|pele ha muerto|muere pele de brasil|muere pele el rey del futbol,False,False
BQvVAhLtTt8,20,nintendo|nintenduo|nintenderos|nintendo duo|poppy playtime|project playtime|25 secretos de poppy playtime|puppy playtime|poppy playtime 3|25 secretos de project playtime|huggy wuggy|boxy boo|los otros juguetes|juguetes poppy playtime|jumpscare poppy playtime|jumpscare project playtime|project playtime gameplay|boxy boo project playtime|poppy playtime chapter 3|boxy boo jumpscare|poppy|project playtime trailer|daddy long legs|killy willy|mommy long legs,False,False
KIRXY8bbjIs,25,[None],False,False
uhWrHc4tabE,20,gelo|minecraft|Minecraft|MINECRAFT|minecraft curiosidades|GELO|curiosidades minecraft|cosas que no sabias de minecraft|COSAS QUE NO SABIAS DE LOS MOBS DE MINECRAFT|cosas que seguro no sabias de los bloques de minecraft|COSAS QUE NO SABIAS DE LOS BLOQUES DE MINECRAFT|COSAS QUE NO SABIAS DE LOS ITEMS DE MINECRAFT|GELO COSAS QUE NO SABIAS DE MINECRAFT|gelo 2|TRUCOS ITEMS MINECRAFT|gelo 1.19|gelo minecraft,False,False
Y0boSMDszTY,17,Televisa|Deportes|TUDN|M√©xico|Univision|Televisa deportes|TUDN USA|soccer|futbol mexicano|liga mx|liga mx 2022|clausura 2023|copa sky|copa por mexico|previa clausura 2023|cruz azul vs chivas resumen|chivas copa sky|Cruz Azul copa sky|Cruz Azul Campe√≥n|Chivas 0-2 Cruz Azul,False,False
QQdTf0qbB4o,20,aldo geo|roier|elmariana|mctrio|navidad|streams|twitch,False,False
bIxWf9U1lEQ,24,juansguarnizo|juan guarnizo|juanguarnizo|juangarnizo|juan garnizo|eljuaniquilador|el juaniquilador|twitch|clips|clips de twitch|clips de twitch en espa√±ol|reacciona|juan reacciona al rewind hispano 2022|rewind|rewind hispano 2022|alecmolon|juanguarnizo reacciona|rewind hispano|youtube rewind 2022,False,False
IbAuuxBFwoo,24,rewind hispano|rewind hispano 2022|alecmolon|alecmolon rewind|youtube rewind|youtube|rewind hispano alec hernandez 2022|rewind|hispano|ibai rewind hispano|grefg rewind hispano|rewind alecmolon|alec hernandez|rewind alec hernandez|auronplay rewind hispano,False,False
thyLRUWkD3s,26,thanksgiving recipes|tacos de carnitas|carnitas caseras|la capital|carne asada|oscar meza|picanha|pica√±a asada|tacos de lengua|como hacer lengua,False,False
454kQR3anqI,24,Televisa|Televisa Networks|Distrito Comedia|Zona de Contagio|Programas de comedia|Noche de Buenas|Las Estrellas|Telenovelas|Televisa Espect√°culos|Programas Televisa|Telenovelas Televisa|Noche de buenas|barra de comedia|40 y 20|Jorge Van Rankin|Mauricio Garza|Michelle Rodr√≠guez|Series blim|40 y 20 temporada 9|Armando Hern√°ndez|M√≥nica Huarte|Bego√±a N√°rvaez|La boda de To√±a|Fran|capitulo 12,False,False
SszP3hlQ55Y,10,KQ|ÏºÄÏù¥ÌÅê|ÏóêÏù¥Ìã∞Ï¶à|ATEEZ|HONGJOONG|SEONGHWA|YUNHO|YEOSANG|SAN|MINGI|WOOYOUNG|JONGHO|ÌôçÏ§ë|ÏÑ±Ìôî|Ïú§Ìò∏|Ïó¨ÏÉÅ|ÎØºÍ∏∞|Ïö∞ÏòÅ|Ï¢ÖÌò∏|ÏóêÏù¥Ìã∞Ï¶à ÏòÅÏÉÅ|ÏóêÏù¥Ìã∞Ï¶à ÏÑ∏Í≥ÑÍ¥Ä|ÏóêÏù¥Ìã∞Ï¶à Ìã∞Ï†Ä|ATEEZ Ìã∞Ï†Ä|KPOP Music video|ATEEZ MV|ATEEZ TEASER|KQÏóîÌÑ∞ÌÖåÏù∏Î®ºÌä∏|KQ Entertainment|ÏóêÏù¥Ìã∞Ï¶à ÎçîÏõîÎìú ÏãúÎ¶¨Ï¶à ÎÆ§ÎπÑ|ÏóêÏù¥Ìã∞Ï¶à ÎÆ§ÎπÑ|ÏóêÏù¥Ìã∞Ï¶à ÎÆ§ÏßÅÎπÑÎîîÏò§|ÏóêÏù¥Ìã∞Ï¶à Ìï†ÎùºÌã∞Ï¶à|ATEEZ HALATEEZ|HALAZIA|Ìï†ÎùºÏßÄÏïÑ|ATEEZ Ïä§ÌïÄÏò§ÌîÑ|ÏóêÏù¥Ìã∞Ï¶à Ïä§ÌïÄÏò§ÌîÑ|ATEEZ SPINOFF|ÏóêÏù¥Ìã∞Ï¶à Ìï†ÎùºÏßÄÏïÑ Ìã∞Ï†Ä|ÏóêÏù¥Ìã∞Ï¶à Ìï†ÎùºÏßÄÏïÑ|ÏóêÏù¥Ìã∞Ï¶à ÎÆ§ÎπÑ Ìã∞Ï†Ä|ÏóêÏù¥Ìã∞Ï¶à Ïä§ÌïÄÏò§ÌîÑ Ìã∞Ï†Ä|Ìï†ÎùºÏßÄÏïÑ ÎÆ§ÎπÑ|Ìï†ÎùºÏßÄÏïÑ ÎÆ§ÏßÅÎπÑÎîîÏò§|ÏóêÏù¥Ìã∞Ï¶à Ìï†ÎùºÏßÄÏïÑ ÎÆ§ÏßÅÎπÑÎîîÏò§,False,False
L_Y64uI_bpw,24,Noticias hoy dia|entretenimiento|Hoy dia|famosos en hoy dia|noticias de famosos|entretenimiento de hoy dia|penelope menchaca|pi√±ata de todo lo malo de hoy dia|como sanas las frustraciones con pi√±ata|momentos dolorosos de penelope menchada|adamari lopez|andrea meza|chiky bombom|presentadores de hoy dia golpean pi√±ata|tradiciones mexicanas|tradiciones de fin de a√±o|que significan los 7 picos de las pi√±atas|que fue lo que mas lastimo a los presentadores de hoy dia,False,False
-7qiK5BNaUI,24,[None],False,False
WA5XkP9qr2c,17,Liverpool FC|LFC|Liverpool|Anfield|Melwood|Liverpool Football Club|premier league|klopp liverpool|Klopp|Inside LFC,False,False
GmoVXwGpDbE,10,Î∞©ÌÉÑÏÜåÎÖÑÎã®|BTS|BANGTAN|ÏïåÏó†|RM|ÏäàÍ∞Ä|SUGA|Ï†úÏù¥Ìôâ|jhope|ÏßÄÎØº|Ï†ïÍµ≠|k-pop|Î∞©ÌÉÑ|j-hope|Jung Kook|Jimin|BTS V|Jin,False,False
EXCsXhWfPVY,24,transformers rise of the beasts|the whale|scream|ari aster|pel√≠culas m√°s esperadas 2023|dune 2|dune part 2|timothee chalamet|wonka|terrifier 2|recomendaciones|MrX|bowser|indiana jones|harrison ford|martin scorsese|steven speilberg|babylon,False,False
0tuOUwXFtM8,22,Romeli|HotSpanish|Novia|Novio|Pareja YouTuber,False,False
jsTtT-yePhc,20,gta 5|invictor gta 5|invictor|gta v online|gta|timba|mikecrack|timba vk|camion pincho|cami√≥n pincho|carrera|super coches|super autos|tanque|los compas|chocan|batalla|coches|choques|autos|auto|imposible|autos vs los compas|carrera de autos|gta v|moto|motocicleta|mega rampa|mondongo|gta 5 gameplay|gta 5 lasalle|youtube gta 5|espa√±ol|naves ovni|extraterrestres|naves extraterrestres|ovni|objeto volador no identificado|platillo volador|ovni caido|ufo,False,False
2b7X4wg05yk,25,Francisco|Papa|Vaticano|Jorge Bergoglio|San Pedro|ROME REPORTS|Roma|Iglesia cat√≥lica|Santa Sede|Baticano|benedictoxvi|papa|papabenedicto|ratzinger,False,False
qHpIve-wqy8,22,el dia que|magnus mefisto|historias|casos de magnus|casos mangus|casos magnus|mefiesto|damian kuc|el dia que damian|historias innecesarias,False,False
0GVQX3D3V5c,20,clash of clans|COC|Clash of Clans Gameplay|Clash of Clans Strategy|Clash of Clans Animation|Clash of Clans Commercial|Clash of Clans Attacks|Clash of Clans Town Hall|Hog Rider|PEKKA|Clan Wars|season challenges|clan war leagues|clash on|clan game|clan games|clash-a-rama|clasharama,False,False
UjovKWkKwmQ,10,mora|paraiso|paraiso mora|mora paraiso|mora paraiso visualizer|paraiso by mora|videos mora paraiso|paraiso by mora paraiso|mora 2022 paraiso|paraiso 2022|visualizer mora paraiso|BLACKOUT|mora blackout|blackout mora|blackout video mora|video blackout mora|black out mora|mora black out|visualizer mora blackout|blackout mora visualizer|paraiso blackout|blackout paraiso|bad bunny mora|mora bad bunny,False,False
E60gGm1vkDI,23,EL|SUPER|TRUCHA|RISAS|DIVERSION|COMEDIA|TEAMJUKI|JUKILOP|JUAN|DE|DIOS|PANTOJA|KIMBERLY|LOAIZA|SOYFRANCISCOALV|TRUCHITAS|MEXICANO|MEXICO|VIDEO|NUEVO|TENDENCIA|PREATY|BOY,False,False
jUct0u4ZDxA,20,MINECRAFT|DANY|dany|#LAPANDILLA|#lapandilla|lapandilla|SoyDany|MINECRAFT ONE BLOCK|1 bloque minecraft|minecraft|minecraft de|pancracio|pancracio minecraft|soydani|dani minecraft|soydani minecraft|silvio|silviogamer|silviogamer minecraft|hacker minecraft|minecraft hacker|one block hacker|one block minecraft hacker|silviogamer one block|one block silviogamer|Minecraft PERO es 1 BLOQUE|BLOQUE de hacker|soy dany|minecraft pero|con SILVIOGAMER y PANCRACIO,False,False
3j9EYymBgNc,24,Televisa|Televisa Networks|Distrito Comedia|Zona de Contagio|Programas de comedia|Noche de Buenas|Las Estrellas|Telenovelas|Televisa Espect√°culos|Programas Televisa|Telenovelas Televisa|Noche de buenas|barra de comedia|40 y 20|Jorge Van Rankin|Mauricio Garza|Michelle Rodr√≠guez|Series blim|40 y 20 temporada 9|Armando Hern√°ndez|M√≥nica Huarte|Bego√±a N√°rvaez|La boda de To√±a|Fran|capitulo 12,False,False
pcAsciuRDgw,20,Garena|Free|Fire|Diamantes|Gratis|TENDENCIA #1|GANANDO A HACKER HEROICOS|BANEANDO A HACKER TIROLESES|FREE CASH|NUEVO SAKURA|NUEVOS VETERANOS|VOLVIO EL SAKURA A LATAM|DIAMANTES GRATIS,False,False
fve5XGZNsMk,20,Hectorino|TheDonato|Kreck Gamer|Golemcito|Harrix|Soy Suco|La Chama|Free Fire|free fire|Free fire|tilin|Tilin insano|pase pa ca|diamantes pal free|hayato|Tilin|tilin rg4|MI HERMANA VS EL TILIN VIRAL|Tilin viral|ibai reaccionando a tilin|diamantes para el free|pase pa ca diamantes pal free|pase paca diamantes pal free|Pase Paca Diamante Pal Fri (TIKTOK)|tiktok diamantes pal free|tiktok free fire|short diamantes pal free,False,False
BqcgLKKurp4,17,CNN en Espa√±ol|Noticias en espa√±ol|Pel√©|Muerte|f√∫tbol|brasile√±o|fallecimiento|deportes|enfermedad|logros|cancha|mundiales,False,False
SQluC5Lp1vU,17,PSG|Racing|Estrasburgo|Goles|Resumen|ESPN|2022|Fecha 16|Mbapp√©|Neymar|Mundial|Ligue 1|Par√≠s,False,False
3Az7zkLuGUM,23,iker unzu|iker tiktok|iker unzu tiktok|iker|comedia|sketches de comedia|iker comedia|granny|hija de granny|mamara√±a|alcantarillas|cloacas|ara√±a|escapar|salida|final,False,False
9J8og16ieq4,22,[None],False,False
wjJKYwMSRAo,10,rauw alejandro|rauw|rauw alejandro 2020|rauw alejandro letra|rauw alejandro 2021|duars entertainment|alejandro|rauw alejandro videos|duars|letra rauw alejandro|rauw alejandro new|rauwalejandro|ra rauw|rauw 2020|rauw alejandro new song,False,False
BDK_MR0JFaA,25,barra-nocturna|En Punto|Denise Maerker|Estados Unidos|Tormenta Invernal Elliot|Tormenta Invernal Estados Unidos|Aeropuertos EUA|Tormenta Cancelaci√≥n de Vuelos|Buffalo Nueva York|Tormenta Elliot Buffalo Nueva York|Nevadas Nueva York|Mark Poloncarz|Condado Erie Nueva York|Saqueos Estados Unidos|Restaurante Hoaks|A√±o Nuevo|Pasajeros Afectados EUA|Southwest Airlines,False,False
Bzj6bo2HBIk,24,[None],False,False
yVHSc44Ivu8,20,pato|horneado|asado|pato horneado|gameplay|challenge|reto|me paso|me|paso|completo|termino|finalizo|literalmente|soy|un|vagabundo|literalmente soy un vagabundo|pedir|dinero|calle|verreda|acera,False,False
RvvJpW5aCI8,17,man city|manchester city|mcfc|fifa 22|man city highlights|man city goals|city|man|city vs|man city vs|chelsea man city|man city news|man united|chelsea|liverpool|man city v|city fixtures|city vs united|man city fixtures|grealish man city|jack grealish man city|jack grealish|haaland,False,False
uDNLal2lq7I,20,Minecraft|Acenix|invictor|agujero|los compas|compas|silviogamer|mikecrack|invictor y acenix|Qu√© ESCONDE este AGUJERO de MINECRAFT,False,False
IUUaE7Lage4,20,roblox,False,False
Xevxt0UOipI,25,CNN en Espa√±ol|Noticias en espa√±ol|tormenta invernal|Nueva York|Buffalo|cancelaci√≥n vuelos|nieve|muertes|temperaturas g√©lidas|Estados Unidos,False,False
YOty4hoR5iQ,20,raptor|raptorgamer|gamer|RAPTOR|escondite|escondite con los compas|escondite minecraft|minecraft|mikecrack|los compas|mike|roleplay|invictor,False,False
mM77LGlae4c,22,estoy embarazada|vean la reaccion de mi familia|embarazada|embarazada por 24 horas|broma|bromas|video de broma|dia de los inocentes|hermanas jm bromas|estoy embarazada cancion|broma a mis papas|broma a mi familia|broma a mis hermanas|broma a mi mama|haciendo bromas|broma de embarazo|mi papa se enoja|vlog familiar|familia youtuber|los molina|estoy embarazada kimberly loaiza|broma de embarazo a cesar pantoja|se va enojar mi papa,False,False
ZkSfTjutNcI,17,[None],False,False
K5TYEi64dAE,17,Am√©rica|Copa SKY 2022|Copa Sky 2022|Cruz Azul|Jornada 1|M√©xico|TUDN|TUDN M√©xico|Televisa|deportes|f√∫tbol|soccer|sports|Deportes|Univision|Televisa deportes|TUDN USA|futbol mexicano|liga mx|liga mx 2022|clausura 2023|copa sky|copa por mexico|previa clausura 2023|cruz azul vs am√©rica resumen|cruz azul copa sky|am√©rica copa sky,False,False
7kWLPSiSUcw,27,DW|DW Documental|Documentales en espa√±ol|canal aleman|documental|documental 2021|full documentary|documentales completos|Deutsche Welle|reportajes|reportajes completos|documentales gratis|Documental|Carlos III|reina Isabel II|princesa Diana|Camilla Parker Bowles|pr√≠ncipe Guillermo|pr√≠ncipe Harry,False,False
7gj7OJ7_1AU,20,capitan gato|nugget smp|nuggetsmp|nugget|capitan gato nuggetsmp|capitan gato se vuelve loco|star habla con una flor|starvtuber|emikukis|nova smp|capitan gato minecraft|nova minecraft|gato capitan|gato capitan nuggetsmp|nuggetsmp temporada 3|gato capitan minecraft|capitan gato loco|capitan gato grita|capitan gato le grita a star|yo soy capitan gato|capitan gato esta loco|capitan gato se volvio loco,False,False
80bdX3rYvBM,26,carne asada|la capital|denver steak|a la parrilla|mollejas|chimichurri|oscar meza|queso fundido|chorizo a la parrilla,False,False
R6rkQcePMSY,22,Team|juki|Juan|De|Dios|Pantoja|jd|youtube|retos|reto|tag|tags|Challenge|nuevo|video|risa|comedia|diversi√≥n|extremo|m√∫sica|roast,False,False
tivttZg7ANU,20,Dagar|Nacho|dagar minecraft|dagar y nacho|nacho y dagar|minecraft|minecraft mod|mutantes|creeper minecraft|mobs mutantes|mods en minecraft|casa segura|trampas minecraft|base secreta minecraft|criaturas mutantes,False,False
7tq1JBKN7BE,25,NTN24|Noticias en Espa√±ol|Noticias de Am√©rica Latina|Noticias|√öltimas noticias,False,False
3EXIIqbbtsU,22,[None],False,False
-17o9yvhTt0,1,resumenes de series pel√≠culas|pel√≠culas resumidas|series resumidas,False,False
SO6xw81AZY4,20,As√≠ te estafan|estafan comprando en linea|estafa comprando en internet|estafa|me estafaron|expector estafado|estafan a expector|espectro|expectro|estafan en navidad|estafa xbox one|xbox one estafa|estafas|estafado|compro un xbox one y lo estafaron|estafan vendiendo en internet|estafas en internet,False,False
EHKU9IuXbCg,24,#HoyLoHacesT√∫|Andrea Legarreta|Elenco programa hoy 2022|Galilea Montijo|Hoy|Paul Stanley|Programa Hoy|Ra√∫l Araiza|Tania Rinc√≥n|Televisa|Televisa espectaculos|elenco programa hoy|hoy|hoy programa|programa de espect√°culos|programa hoy 2022|programa hoy televisa|videos programa hoy|beb√© de Andrea Escalona|hijo de Andrea Escalona|churrito,False,False
xNV1mnpBNzo,27,DW|DW Documental|Documentales en espa√±ol|canal aleman|documental|documental 2021|full documentary|documentales completos|Deutsche Welle|reportajes|reportajes completos|documentales gratis|Documental|√Årtico|Groenlandia|Paso del Noroeste|Rusia|Estados Unidos|Canad√°|crisis clim√°tica|Polo Norte,False,False
BPe5h1hwD04,24,‡∏ô‡∏¥‡πà‡∏á‡πÄ‡∏Æ‡∏µ‡∏¢Series|CutiePieSeries|‡∏ô‡∏¥‡πà‡∏á‡πÄ‡∏Æ‡∏µ‡∏¢‡∏Å‡πá‡∏´‡∏≤‡∏ß‡πà‡∏≤‡∏ã‡∏∑‡πà‡∏≠|MandeeWork|domunditv|‡∏ã‡∏µ ‡∏û‡∏§‡∏Å‡∏©‡πå|‡∏ô‡∏∏‡∏ô‡∏¥‡∏ß|‡∏ã‡∏µ‡∏ô‡∏∏‡∏ô‡∏¥‡∏ß|zeenunew|‡πÅ‡∏°‡πâ‡∏Å ‡∏Å‡∏£‡∏ò‡∏±‡∏™‡∏™‡πå|‡∏ì‡∏ê ‡∏ì‡∏ê‡∏™‡∏¥‡∏ä‡∏ì‡πå|maxnat|‡∏´‡∏ô‡∏π‡πÄ‡∏Å‡∏∑‡πâ‡∏≠|‡πÄ‡∏Æ‡∏µ‡∏¢‡πÄ‡∏´‡∏•‡∏µ‡∏¢‡∏ô|‡πÑ‡∏≠‡πâ‡∏Ñ‡∏ô‡∏ô‡πà‡∏≤‡∏£‡∏±‡∏Å,False,False
KClaKLICkcw,24,Sandra Cires Art|reto 24 horas|sandra cires art 24 horas|24 horas siendo princesa|24 horas siendo princesa en la vida real|siendo princesa en la vida real|sandra cires art reto princesa por 24 horas en la vida real|sandra cires art siendo una princesa|24 horas siendo una princesa en la vida real|24 horas siendo una princesa|reto 24 horas siendo una princesaa real|siendo princesa por un dia sandra cires art|reto princesa por 24 horas|princesa en la vida real,False,False
S3HO2w1WZEY,20,[None],False,False
d5PMXT-L7Fo,10,Rancho Humilde|Rancho|Jimmy Humilde|Natanael Cano|Legado 7|Herencia de Patrones|El De La Guitarra|Grupo Codiciado|Alta Consigna|Junior H|Corridos Tumbados|Corridos|Regional urbano|Clika|SMO|Regional Mexicano|Trap|Banda|junior h|rancho humilde|banda|regional mexicano|corridos tumbados|regional urbano|en paris|el chachito|junior h el chachito en paris|en paris el junior h|en paris rancho humilde|rancho humilde el chachito junior h,False,False
M4QoVfGIcak,10,RochyRD,False,False
ANyxJm4MGY0,24,after 4|after|after en espa√±ol|after pelicula|rese√±a|critica|danna hates on movies|after ever happy|after amor infinito,False,False
7IKab3HcfFk,24,[None],False,False
Vez_B-PTmOw,24,[None],False,False
sWIR3Zoe7xY,25,Telemundo|Telemundo ARV|ARV Telemundo|Noticias Al Rojo Vivo|Al Rojo Vivo Noticias|Noticiero Al Rojo Vivo|ARV en Telemundo|Tormenta Invernal en estados Unidos|decenas de muertos por tormenta invernal|Como sigue el clima en estados unidos|Invierno en estados unidos|Tormenta invernal historica en estados unidos|Los muertos que ha dejado la tormenta invernal|Muertos registrados por tormenta invernal|Tormenta invernal provoca decenas de muertos|Nieve en estados unidos,False,False
TlUxreXDn9E,25,AMLO|Andr√©s Manuel L√≥pez Obrador|Cuarta Transformaci√≥n|L√≥pez Obrador|Andr√©s Manuel|AMLO canal|Andr√©s Manuel canal|AMLO canal oficial,False,False
bq-Zt-E9sak,24,gonzok|gonzork|comedia|chiste|vlog|videoblog|humor|chistoso|vlogger|flan|flanmilia|cosas que le cagan a gonzok|cocinando con gordok,False,False
9r3pIo75IKs,22,Mystery World|Casi Mystery World|Dariance|Capi|Darian|Llorona|Nuevo Video|Video|Exploracion|Casa Abandonada|Lugar abandonado|Exploraciones|Urbex|Encuentros|Darian Escobar|Mistery|World,False,False
1nbLrh-cvR8,22,team|juki|jukilop|teamjukilop|juan|de|dios|pantoja|reto|challenge|diversi√≥n|entretenimiento|vlog|blogs|nuevo|video|vlogs|blog|lindura|linduras|kimberly|loaiza|risas|musica,False,False
ReNtw_Adz0E,10,bad bunny|√±engo flow|gato de anoche|nengo flow|nengoflow|badbunny|gato de anoche bad bunny nengo flow|gato de anoche bad bunny √±engo flow|bad bunny nengo flow|nengo flow bad bunny|gato de anoche bad bunny|bad bunny gato de anoche|badbunny gato de anoche|bad bunny 2022|√ëengo flow bad bunny gato de anoche|√ëengo bad bunny|bad bunny nengo|nengo bad bunny|√±engo bad bunny|√±engo flow bad bunny|bad bunny √±engo flow|gato de noche,False,False
JLl9SL3aDEU,24,LA DIVAZA|DIVAZA COCINERA|DIVAZA COCINERA 1|DIVAZA COCINERA 2|DIVAZA COCINERA 3|COCINANDO PAN DE JAMON|LA DIVAZA COCINANDO PAN DE JAMON|YERI MUA|RADIO DIVAZA|RADIO DIVAZA YERI MUA|PAN DE JAM√ìN,False,False
A-2HYlzdFNY,22,ExtraPolinesios|juguetes|infancia|rafa|karen|lesslie|los polinesios|aventuras|comida|barbies polinesias|navidad|tag de los juguetes|los juguetes de los polinesios|navidad de los polinesios|con esto jugaban los polinesios+,False,False
vHktP07x8nQ,10,dan garcia|dan garc√≠a|daniel garcia|dan lagunes dan garcia|ep dan garc√≠a|garcia|dan garcia emjay|modelo dan garcia|dan garc√≠a)|dan garcia dan lagunes|dani garc√≠a|modelo dan garc√≠a|dan garcia y emjay tienen nueva casa??|daniel garc√≠a|dan lagunes|dan lagunes vlogs|dan lagunes y amigos|dangarcia|dan lagunes pablo campos|#dangarcia|dangarcial|dan lagunes emjay|niagara|#darianrojas|#musica #musicaemergente #dangarcia,False,False
qi5F61F2NAI,22,[None],False,False
QH4mCEanwKI,10,Î∞©ÌÉÑÏÜåÎÖÑÎã®|BTS|BANGTAN|ÏïåÏó†|RM|ÏäàÍ∞Ä|SUGA|Ï†úÏù¥Ìôâ|jhope|ÏßÄÎØº|Ï†ïÍµ≠|k-pop|Î∞©ÌÉÑ|j-hope|Jung Kook|Jimin|BTS V|Jin,False,False
ryZlMw8zz0I,17,[None],False,False
_zRn_3Kk_jA,10,Lasso|Oma|Universal|Music|Mexico|Latin|Pop,False,False
SiSJVE2YrMw,25,Noticias Telemundo Fin de Semana|fr√≠o en eeuu|nieve en eeuu|tormenta invernal|condiciones atmosf√©ricas|estado de emergencia|fr√≠o intenso en eeuu|fr√≠o en nueva york|frio en maine|tormenta invernal en estados unidos|clima en estados unidos|hielo y nieve en estados unidos|noroeste de estados unidos|estados unidos en navidad|tormentas de navidad en v√≠speras de navidad|estados unidos|tormenta invernal amenaza navidad|tormenta de nieve en estados unidos,False,False
2Xtmq0Djk6k,24,[None],False,False
51Ca0FSY4vs,1,el grinch|el grinch resumen|el grinch rese√±a|el grinch original vs remake|el grinch 1966|grinch live action|el grinch 2000|el grinch jim carrey|jim carrey|el grinch 2018|grinch illumination|cindy lou|chuck jones|taylor momsen|minions|looney tunes|animaci√≥n|live action|nostalgia|navidad|the mean one|you're a mean one mr grinch|el grinch comparaci√≥n|el grinch terror|el grinch no era para ni√±os,False,False
Qpq2fiIegJs,24,cecia loaiza|loaiza|cecia|retos|bromas|bromas extremas|retos extremos|maquillaje,False,False
hTHu39ReZlE,23,Juanpa|juanpazurita|juanpa zurita|comedia|humor|risas|felicidad|vine|humoristico|juan pablo zurita|Zuricatas|zuritas|paracaidismo,False,False
VfUatRCj_0c,17,Carabao Cup|ESPN|RESUMEN|Octavos de final|Manchester City|Liverpool|Haaland,False,False
G0Anwyl7Gs8,20,timba vk|timba|minecraft|rainbow friends|rainbow friends minecraft|casa segura vs|RAINBOW FRIENDS Vs La CASA MAS SEGURA|RAINBOW FRIENDS Vs La CASA MAS SEGURA de Los COMPAS en MINECRAFT|la casa mas segura de minecraft|invictor|rainbow friends roblox|Riusplay|los compas|compas|minecraft fnaf|1000 fnaf vs base segura|base segura minecraft|los compas base segura|base segura minecraft vs|invictor base segura,False,False
_ZqfVwk9F3Q,10,Gera MX|Snow Tha Product|Gerardo Daniel Torres Montante|Hagan Ruido|Hip-Hop/Rap,False,False
TudE21oy890,10,Morat|Deb√≠|Suponerlo|(desde|Auditorio|Nacional|M√©xico)|Universal|Music|Spain|S.L.|Latin|Pop,False,False
FLXG9c3arS0,24,[None],False,False
3H2iMgp-jNQ,20,nacho|dagar|nacho minecraft|dagar y nacho|nacho y dagar|minecraft|minecraft mod|mutantes|zombie minecraft|zombie mutantes|mobs mutantes|mods en minecraft|casa ultra segura|trampas|trampas minecraft|casa minecraft|amigos minecraft|casa de seguridad|criaturas mutantes|ara√±a mutante|creeper mutante|enderman mutante|mutantes minecraft|base secreta|base de seguridad minecraft,False,False
5BUDbwBKG0k,27,Ensalada de frutas navide√±a|Ensalada de frutas navide√±a ingredientes|Ensalada de frutas navide√±a mexicana|Ensalada de frutas navide√±a receta|Ensalada de frutas navide√±a Vicky Receta f√°cil|#EnsaladaDeFrutasNavide√±a #CenaNavide√±a|Vicky Receta Facil|#VickyRecetaFacil|@VICKYRECETAFACIL|vicky|recetas|cena navide√±a|cena facil para navidad|Ensalada de frutas navide√±a con yogurt|Christmas recipes|recetas navide√±as|preparar Ensalada de frutas navide√±a|Christmas fruit salad,False,False
iCSMtGhce4E,25,Al Rojo Vivo|clima|temperatura en estados unidos|vuelos cancelados|vuelos retrasados|fr√≠o en estados unidos|xumo al dia|3 personas fallecidas deja el intenso fr√≠o en Estados Unidos|intenso fr√≠o en Estados Unidos|bajas temperaturas|bajas temperaturas en estados unidos|casas sin electricidad en estados unidos|alerta en estados unidos|bajas temperaturas en nueva york|frio mortal en estados unidos|la bomba cicl√≥nica|tormentas en estados unidos,False,False
I0LR37u2GkE,24,mis pastelitos|mispastelitos|eshpeshial|mis pastelitos recetas|recetas mis pastelitos|mis pastelitos receta|receta mis pastelitos|mis pastelitos pasteles|pasteles mis pastelitos|mis pastelitos pastel|pastel mis pastelitos|mis pastelitos canelo|mis pastelitos fiesta del canelo|hija del canelo|pastel gigante de barbie|fiesta de barbie|fiesta canelo|canelo mis pastelitos|pastel hija del canelo,False,False
RQc7QSQ2PN0,17,salt bae messi|messi hoy|salt bae|argentina|messi vs salt bae|argentina vs francia|chef messi|la gambeta|gambeta messi|gambeta salt bae|salt bae hace enojar a messi|messi|messi salt bae|copa del mundo salt bae|messi campeon|messi salt bae enojo|futbol|La verdadera RAZ√ìN por la que MESSI ENFURECI√ì con SALT BAE en la FINAL ¬°Esto TIENE QUE PARAR!|La Gambeta|futbol noticias|futbol la gambeta,False,False
KI6k7YE2cfM,24,Escorpi√≥n|dorado|buenas|w2m|crew|peluche|en|el|estuche|golden|tutub|tuister|al|volante|famosos|carpool|karely ruiz|yanet garcia|celia lora|bailes|fans|pagina azul|fotos|modelo|multimedios|monterrey|adrian|marcelo|la mole|franco|escamilla|canal 6|tanya burak|espectaculo|ventaneando|videos|radar|necte|carros|camioneta|corvette|rosa|chavana|poncho|denigris|aldo,False,False
jPCLYIuZb-E,22,team|juki|jukilop|teamjukilop|juan|de|dios|pantoja|reto|challenge|diversi√≥n|entretenimiento|vlog|blogs|nuevo|video|vlogs|blog|lindura|linduras|kimberly|loaiza|risas|musica,False,False
-lTofiuXSrI,20,Garena|Free|Fire|Diamantes|Gratis|TENDENCIA #1|GANANDO A HACKER HEROICOS|BANENADO A HACKERT TIROLESES|VOLVIO EL SAKURA|VOLVIO EL HIP HOP ENB LATAM|DAIAMNTES GRATIS|FREE CASH,False,False
-xTvwrJmiik,10,artemisa|destripando la historia|pascu y rodri|mitologia|dibujos animados|humor|cancion|dlh|griegos|dioses griegos|mitologia griega|diosa|atenea|afrodita|zeus|poseid√≥n|hades|animacion|videoclip,False,False
0V_lFhijQmk,20,roblox,False,False
MKmB-BcqYm0,20,aldo geo|elmariana|fortnite|twitch,False,False
rYu7Y2f8UdE,26,El Guzii|Guzzi|Guzy|Guzii Style|Recetas Divertidas|Jairo Macizo|Cocina Lab|Sabores del Alma|Cocina|Miskiri Miskiri|fuego alto|mini size me|comprando todo en la l√≠nea|donando dinero|dando dinero|comprando todo|comprando todo a ambulantes|comprando papitas|comprando pulseras|tianguis,False,False
A_w7Kn8JSII,10,Stray Kids|SKZ|„Çπ„Ç≠„Ç∫|„Çπ„Éà„É¨„Ç§„Ç≠„ÉÉ„Ç∫,False,False
VFvIQ0nSM20,24,24 horas COCINANDO recetas de LA CAPITAL de OSCAR MEZAR 4 üçî|la cocina del pirata|la capital|oscar meza|24 horas cocinando la capital|katsu sando|katsu sando la capital|tacos la capital|flautas ahogadas la capital|hamburguesa la capital,False,False
VZn5aj7N_0Y,22,kim|kim shantal|kimberly|videos|bromas divertidas|fenix team|team fenix|team|alex flores|suavecito,False,False
azeAZ8bsAB0,2,tuning|modificaciones|juca|jucaviapri|echando desmadre|coches|fiesta|diversion|el coche de juca|el 135 de juca|el bmw de juca|JUCA|modificaciones automotrices|vlog,False,False
FfojeaZ3p9g,20,[None],False,False
bMaouKh91BY,24,[None],False,False
DCpUFnHblRM,10,HotSpanish|Hot Spanish music|HotSpanish Vlogs|Lo malo pasa|Romeli|Video musical|M√∫sica|HotSpanish TikTok|Bad bunny|Trap,False,False
iHJT4pLwZyA,20,xturbo|turbo|turbo minecraft|awita|minecraft|minecraft turbo|turboo|turboo minecraft|Turbo se QUEDA SIN CASA en Minecraft!|Turbo|se|queda|sin|en|casa|Turbo se queda sin casa en Minecraft!|xturboo|xturboo cortos,False,False
3_P28GTOWGg,24,messi|argentina|mundial|argentina vs francia|messi campeon mundial|messi copa del mundo|messi qatar 2022|messi vs mexico|messi vs paises bajos|argentina vs mexico|messi vs francia|messi vs mbappe|messi levanta la copa con argentina|messi besa la copa|messi campeon del mundo|messi rosario|argentina vs holanda|messi barcelona|messi despedida|messi goles|gol|goles|copa america|messi argentina|messi top 10|messi vs cristiano ronaldo|messi vs cr7|barcelona,False,False
WHejvUhX6rk,10,yandel|yandel la leyenda|dangerous|sony music|reggaeton|el capitan|the one|the 1|yandel cero|reggaeton 2019|wisin y yandel|yandel encantadora,False,False
rkiehmuV8Cg,22,[None],True,False
rKo6F4Qksuk,24,luna|luna martinez|lunalatuna|maquillaje|lunalafuna|luna martinez apparel|frutilla|storytime|tutorial|arctic fox|transylvania|transformacion lunar|goth makeup,False,False
ZVHPTVzadCg,10,Stray Kids|SKZ-REPLAY|Deep end (ÌïÑÎ¶≠Ïä§) Deep end (Felix),False,False
sr32QfKQZh8,20,jardred|mcjardred|jard|jardred minecraft|awita|awa|awita minecraft|minecraft trolleo|minecraft jardred|jard minecraft|minecraft jard|jard y awa|xturbo|minecraft pero|trolleo minecraft|base secreta|base millonaria|casa millonaria|Use C√°maras para ROBAR los Tesoros De Mis Enemigos!|use|camaras|para|robar|los|tesoros|de|mis|enemigos|camaras de seguridad|amigos|minecraft robar|maneras de robar diamantes|formas de robar diamantes,False,False
D8WwqWS2E6E,10,JYP Entertainment|JYP|Stray Kids|Ïä§Ìä∏Î†àÏù¥ ÌÇ§Ï¶à|SKZ|Ïä§ÌÇ§Ï¶à|Î∞©Ï∞¨|BANG CHAN|Î¶¨ÎÖ∏|Ïù¥ÎØºÌò∏|LEE KNOW|MINHO|LEEMINHO|Ï∞ΩÎπà|ÏÑúÏ∞ΩÎπà|CHANGBIN|SEOCHANGBIN|ÌòÑÏßÑ|Ìô©ÌòÑÏßÑ|HYUNJIN|HWANGHYUNJIN|Ìïú|ÏßÄÏÑ±|ÌïúÏßÄÏÑ±|HAN|JISUNG|HANJISUNG|ÌïÑÎ¶≠Ïä§|FELIX|ÏäπÎØº|ÍπÄÏäπÎØº|SEUNGMIN|KIMSEUNGMIN|ÏïÑÏù¥Ïóî|ÏñëÏ†ïÏù∏|Ï†ïÏù∏|I.N|YANGJEONGIN|FAM|FAM KOREAN VER|SKZ FAM|STRAY KIDS FAM|Ìå∏|Ïä§ÌÇ§Ï¶à Ìå∏|Ïä§Ìä∏Î†àÏù¥ÌÇ§Ï¶à Ìå∏|Ìå∏ ÌïúÍµ≠Ïñ¥|FAM ÌïúÍµ≠Ïñ¥|SKZ REPLAY|Ïä§ÌÇ§Ï¶à Î¶¨ÌîåÎ†àÏù¥|ÏäºÏ¶àÎ¶¨ÌîåÎ†àÏù¥|stray kids replay|skz record|skz player|Ïä§Ìä∏Î†àÏù¥ÌÇ§Ï¶à fam|Ïä§ÌÇ§Ï¶à fam|Ïä§ÌÇ§Ï¶à ÎÆ§ÎπÑ|Ïä§Ìä∏Î†àÏù¥ÌÇ§Ï¶à ÎÆ§ÎπÑ|stray kids mv|skz mv,False,False
gfKPzQN_9ng,10,Ìä∏ÏôÄÏù¥Ïä§|TWICE|Ìä∏ÏôÄÏù¥Ïä§ Î©îÎ¶¨Ïï§Ìï¥Ìîº|TWICE Merry&Happy|Ìä∏ÏôÄÏù¥Ïä§ Ï∫êÎ°§|Ìä∏ÏôÄÏù¥Ïä§ Î©îÎ¶¨Ïï§Ìï¥Ìîº ÎÆ§ÎπÑ|TWICE Merry&Happy MV,False,False
4jKb11CcI1s,23,missasinfonia|missa sinfonia|divertido|analisis rosa de guadalupe|lusito comunica|wismichu|momos|memes|sldg|auronplay,False,False
3FIZyCRPLcI,24,Got Talent|Got Talent Espa√±a|Spain‚Äôs Got Talent|Got Talent Audition|Got Talent Spain|Telecinco|Dani Mart√≠nez|Santi Mill√°n|Edurne|Edurnity|Risto Mejide|Telecinco Got Talent|Got Talent Espa√±a YouTube|Got Talent Espa√±a Jurado|Familiar content|got talent telecinco|in√©ditos|audiciones|auditions|Got Talent Espa√±a 2022|paula echevarr√≠a|pau eche|Got Talent Espa√±a 8|got talent 8|jordi caps|magia|magic,False,False
jEYpr5UzPZ8,22,[None],False,False
td3xSID4uLo,20,minecraft animation|minecraft|Minecraft|MINECRAFT|bobicraft|Bobicraft|bobycraft|Bobycraft|minecraft curiosidades|secreto|trucos|truco|snapshot|minecraft construcciones|building|build|News|new|noticias|minecraft bedrock edition|MC PE|resumen|Incre√≠bles Momentos Captados|Fue Bobi|100 jugadores bobicraft|cave and cliff update trailer|minecraft 1.17|me paso minecraft|1.17|bobicraft +|bobicraft plus|bobi plus|bobi +|secundario,False,False
v0QTRQhDzwM,24,#gomita #pelea #soyaraceli #anillo #lapizito #lapizincrack,False,False
rDEtfAdLj5o,25,neto reyno|neto|reyno|de qu√© muri√≥ neto reyno|murio neto reyno|neto reyno 2022|muere neto reyno|soldados del reyno|rapero neto reyno|fallece neto reyno|neto reyno morir√≠a|que paso con neto reyno|de qu√© muri√≥|neto reyno nuevo|aleman habla de neto reyno|el mundo del rap llora la perdida de neto reyno|aleman se despide de neto reyno|neto reyno tema|loco reyno|a que no sabias de|neto reyno cd|aleman neto reyno|mezcla neta reyno|cartel de santa|detalles|hoy,False,False
NXgtRaVBKYM,24,[None],False,False
HkmqZz1esYc,22,Romeli|HotSpanish|Novia|Novio|Pareja YouTuber,False,False
fZRZGbc7KHs,10,Stray Kids|SKZ-REPLAY|Connected (Î∞©Ï∞¨) Connected (Bang Chan),False,False
xB0mmK4GIo8,19,Sorpresa a beb√©|Sorpresa al bebe de Carol y cesar|Sorpresa|Sorpresa al bebe de carol|Sorpresa al bebe de cesar|Carol y cesar pantoja|Carol castro|Cesar pantoja|Carol embarazada|Revelacion de sexo|Queen buenrostro|Queen nuevo video,False,False
ZP386iWNzxY,24,Podcast|Creativo|Roberto Mtz|Cosas|Entrevista|Biografia|Comienzos|Historia|Marcelo ebrard|Enrique pe√±a nieto|Andres Manuel Lopez obrador|amlo|morena|claudia sheinbaum|presidente|candidatos|presidencial|2024|elecciones|relaciones exteriores|mundial|qatar|seleccion mexicana|g20|conflicto|pelea|esposa|familia|novia|ex|hijos|excomulgacion|zapatistas|politico|candidato|jefe de gobierno|reforma electoral|prd|pan|pri|Vicente fox|felipe calderon|renuncia|distrito federal|cdmx,False,False
13aBcRrL0oE,10,Music|Musica|Latino|Latin|Urban|Urbano|Trap|Reggaeton|Dembow|Rap|Hip Hop|Latin Hits|2019 Hits|Puerto Rico|Dominican Republic|Mexico|Miami|New York|Spain|Espa√±a|mundial|Republica|dominicana|Republica Dominicana|Fuego|Fire|Bugatti|El Alfa|El Jefe|El Hombre|La leyenda|el androide|el animal|el|criminal|the best,False,False
sTcoNK1BRn0,25,ciro|ciro Gomez Leyva|atentado|ataque con arma de fuego|ataque contra ciro|periodistas|periodista|ciro ciudad de mexico|bala|motociclista|motocicleta|atentado contra ciro|auto blindado|camioneta blindada|ciro gomez Leyva atentado|ciro gomez leyva arma de fuego|lopez obrador|amlo|periodistas asesinados|ciro gomez leiva ataque|lamentable|grupo formula|radioformula|Epigmenio Ibarra|4t|morena|seguridad|harfuch|c5|c√°maras|tocan|el tuc√°n|abogado|jose refugio,False,False
nD_ECgCv-Bw,20,mikecrack|mike crack|mikecrak|mike|human fall flat|mikecrack human fall flat|mikecrack human fall flatetrete|inodoro|inodoro gigante|caemos a un inodoro gigante|caemos en un inodoro gigante|nos caemos a un inodoro gigante|caemos en un inodoro en minecraft|retrete|ba√±o|caca|nos caemos en un inodoro gigante minecraft|compas|los compas|miniatura,False,False
pYYMHI0MZ3A,24,aldara y alex|reaccion|reacciones|reaccionando|aldara y alex reaccionan|espa√±oles reaccionan,False,False
pDLBa0SJW1o,20,trolerotutos|trolero|minecraft|trolerotutos aleatorio|trolerotutos minecraft|minecraft trolerotutos|Trolerotutos|hardy|trolardy|trolero y hardy|libro trolardy|trolleo convertido|trolleo a mi amigo|como trollear|susto|herobrine|mitos minecraft|TROLLEO A MI AMIGO CONVERTIDO EN HEROBRINE EN MINECRAFT!,False,False
9fgsM-f8NAA,24,el chay|el chai|intercambio|intercambio navide√±o|intercambio con el scuad|compa rosh|intercambio navide√±o con el scuad|guatsi|miguelax|scuad|sdlm|videos de navidad|videos de regalos|regalos con el scuad|chay regalos|compa chai|intercambio de regalos|navidad|posada del scuad|videos de posada|guatsi posada|rosh posada|ni√±o posada|miguelax posada|chai posada|sdlm navidad|videos del guatsi|videos del rosh|videos del miguelax|videos del ni√±o|ni√±o show,False,False
tUYJdNxrSyk,10,Stray Kids|SKZ-REPLAY|ÎÇòÏßÄÎßâÏù¥ (Î¶¨ÎÖ∏) Limbo (Lee Know),False,False
rLmb9Czj8JY,24,elded|ded|el ded|ded reacciona|elded reacciona|ded habla|elded habla|ESLAND|los esland|esland 2023|esland votos|votos|2023|dedsafio|thegrefg|esland thegrefg,False,False
wsMNvO6CIUI,24,venga la alegria|vla|los bloopers segun el capi|el capi|sin palabras|margarita de recursos humanos|sin palabras venga la alegria|tv azteca|entretenimiento|programa venga la alegria|videos de venga la alegria|venga la alegr√≠ del dia|venga la alegr√≠a de hoy|vla del dia|vla de hoy|vla 2022|venga la alegr√≠a 2022,False,False
