tLwO-_Fl4Io,"–£–¥–∞—Ä –ø–æ –ú–∞–∫–µ–µ–≤–∫–µ: –≤ –†–æ—Å—Å–∏–∏ –ø—Ä–∏–∑–Ω–∞–ª–∏ –∫—Ä—É–ø–Ω—ã–µ –ø–æ—Ç–µ—Ä–∏ —Å—Ä–µ–¥–∏ –º–æ–±–∏–ª–∏–∑–æ–≤–∞–Ω–Ω—ã—Ö, –Ω–æ —Ä–µ–∞–ª—å–Ω—ã–µ —Ü–∏—Ñ—Ä—ã –µ—â–µ –≤—ã—à–µ?",2023-01-03T18:00:19Z,UCXoAjrdHFa2hEL3Ug8REC1w,DW –Ω–∞ —Ä—É—Å—Å–∫–æ–º,2023-01-04T00:00:00Z,300097,3578,0,163,https://i.ytimg.com/vi/tLwO-_Fl4Io/default.jpg
XJ5iR1CQrWo,*–£–î–ê–õ–ò–¢–ï* –ì–û–í–û–†–Ø–©–ò–ô –•–£–ê–ù –í VR!! (Talking Juan VR),2023-01-03T13:57:22Z,UC-ZROtSKHGERKmfuYL0AryQ,ShadowPriestok - –ï–≤–≥–µ–Ω–∏–π –ß–µ—Ä–Ω—è–≤—Å–∫–∏–π,2023-01-04T00:00:00Z,478682,49245,0,1315,https://i.ytimg.com/vi/XJ5iR1CQrWo/default.jpg
Xb3NZiJrZrY,–î–µ–Ω—å —Ç—Ä–∏—Å—Ç–∞ —á–µ—Ç—ã—Ä–Ω–∞–¥—Ü–∞—Ç—ã–π. –ë–µ—Å–µ–¥–∞ —Å @arestovych –ê–ª–µ–∫—Å–µ–π –ê—Ä–µ—Å—Ç–æ–≤–∏—á,2023-01-03T20:56:51Z,UCQVtD_N4OeD-9PshBq7NwyQ,–§–ï–ô–ì–ò–ù LIVE,2023-01-04T00:00:00Z,1375756,237988,0,2673,https://i.ytimg.com/vi/Xb3NZiJrZrY/default.jpg
w0vWshpypSo,–ó–ï–õ–ï–ù–°–ö–ò–ô –ª–∏—á–Ω–æ –æ–±—Ä–∞—Ç–∏–ª—Å—è –∫ –ü—É—Ç–∏–Ω—É,2023-01-03T17:00:36Z,UCa85JIfBxZgcrsd8Ar7Z9nw,–¢–µ–ª–µ–∫–∞–Ω–∞–ª ICTV,2023-01-04T00:00:00Z,1200562,27715,0,5165,https://i.ytimg.com/vi/w0vWshpypSo/default.jpg
K_5c7H6ZAS8,–ü–û–ó–û–†–ù–´–ô –î–ï–¢–°–ö–ò–ô –£–¢–†–ï–ù–ù–ò–ö (–∞–Ω–∏–º–∞—Ü–∏—è),2023-01-03T14:28:17Z,UCX7j9gyhEwbRCZogvit5R5Q,–ú–ê–†–ú–ê–ñ,2023-01-04T00:00:00Z,565513,63678,0,1183,https://i.ytimg.com/vi/K_5c7H6ZAS8/default.jpg
nQdnzKw6UAs,SEVEN CONSECUTIVE OLD TRAFFORD WINS! üî• | Man Utd 3-0 Bournemouth | Highlights,2023-01-04T00:00:21Z,UC6yW44UGJJBvYTlfC7CRg2Q,Manchester United,2023-01-04T00:00:00Z,2763642,80274,0,1985,https://i.ytimg.com/vi/nQdnzKw6UAs/default.jpg
HSH2fZAiOAA,–í–°–£ —É–¥–∞—Ä–∏–ª–∏ –ø–æ –≤–æ–µ–Ω–Ω—ã–º –†–§ –≤ –ú–∞–∫–µ–µ–≤–∫–µ | –ù–û–í–û–°–¢–ò,2023-01-02T15:14:11Z,UCBG57608Hukev3d0d-gvLhQ,–ù–∞—Å—Ç–æ—è—â–µ–µ –í—Ä–µ–º—è,2023-01-04T00:00:00Z,1122272,10230,0,6026,https://i.ytimg.com/vi/HSH2fZAiOAA/default.jpg
64Oamoo4b34,(12+) 18 –∞—Ä—Ö–∞—Ç–æ–≤ –∏–∑ –®–∞–æ–ª–∏–Ω—è (2020) –∫–∏—Ç–∞–π—Å–∫–∏–π –∏—Å—Ç–æ—Ä–∏—á–µ—Å–∫–∏–π –∫—É–Ω–≥—Ñ—É-–±–æ–µ–≤–∏–∫ —Å –ø–µ—Ä–µ–≤–æ–¥–æ–º,2023-01-03T13:30:04Z,UCEI0vTw6tvvZhJv5Hp38-QA,–ö–∏—Ç–∞–π—Å–∫–æ–µ –∫–∏–Ω–æ,2023-01-04T00:00:00Z,150015,1130,0,33,https://i.ytimg.com/vi/64Oamoo4b34/default.jpg
37FF7A4Kmm4,–ù–ê–ú –ù–ï–ß–ï–ì–û –ï–°–¢–¨! –ü–æ–ª—É—á–∏—Ç—Å—è –∏–∑–º–µ–Ω–∏—Ç—å –∏—Ö –∂–∏–∑–Ω—å?,2023-01-03T13:59:45Z,UC2bhfksrCXjguRr10mpkvag,–°–õ–û–í–û –ü–ê–¶–ê–ù–ê,2023-01-04T00:00:00Z,616618,79277,0,7464,https://i.ytimg.com/vi/37FF7A4Kmm4/default.jpg
uop4WBGUcwE,–°—ã–Ω–æ–∫ —Å–º—ã–ª—Å—è #shorts,2023-01-02T11:50:38Z,UC9rUnYrza0heXpO011zNDfQ,–û–õ–ï–ñ–≠,2023-01-04T00:00:00Z,939832,33750,0,117,https://i.ytimg.com/vi/uop4WBGUcwE/default.jpg
QF1IVImuEjU,"–ü–û–ö–£–ü–ê–Æ –°–ö–ò–ù–´ –° –ö–û–¢–û–†–´–• –ú–ï–ù–Ø –£–ë–¨–Æ–¢, –ù–û –ü–†–û–¢–ò–í –ú–ï–ù–Ø –ü–û–ü–ê–õ–°–Ø –†–ò–ö –í STANDOFF 2!",2023-01-03T12:34:53Z,UCjhg7PGxg74j3zCJYLOCD1A,–ò–≤–∞–Ω—Ç–µ–∑,2023-01-04T00:00:00Z,64634,4041,0,366,https://i.ytimg.com/vi/QF1IVImuEjU/default.jpg
EVy7QOW4ZuE,üò® –ú–∞–π–Ω–∫—Ä–∞—Ñ—Ç –Ω–æ –Ø –°—Ç–∞–ª –ü–û–ú–û–©–ù–ò–ö–û–ú –†–´–ë–û–ô!,2023-01-03T12:15:00Z,UCbIxZ4MRRtYDHJ7gthi-ZYQ,–°–∫—Ä–µ—Ç—á,2023-01-04T00:00:00Z,169158,6543,0,114,https://i.ytimg.com/vi/EVy7QOW4ZuE/default.jpg
-_---Ohk9dM,–ö—É–ª–∏–Ω–∞—Ä–Ω—ã–π –ß–µ–ª–ª–µ–Ω–¥–∂: –Ø –ø—Ä–æ—Ç–∏–≤ –ë–∞–±—É—à–∫–∏ | –ö—É—Ö–æ–Ω–Ω—ã–µ –≤–æ–π–Ω—ã –æ—Ç BaRaDa Challenge,2023-01-02T14:00:00Z,UCIpFbefed5jtzfixCoNNVNw,BaRaDa Russian,2023-01-04T00:00:00Z,540542,4916,0,74,https://i.ytimg.com/vi/-_---Ohk9dM/default.jpg
Ktf9mHRCRxk,üòÇ5 –•–ò–¢–†–´–• –°–ü–û–°–û–ë–û–í –ö–ê–ö –ü–†–û–ë–†–ê–¢–¨–°–Ø –í –î–û–ú –ù–£–ë–ò–ö–ê –í –ú–ê–ô–ù–ö–†–ê–§–¢! –®–ï–î–ò –õ–ï–°–ö–ê –¢–†–û–õ–õ–ò–ù–ì MINECRAFT,2023-01-03T13:30:06Z,UCkNoJaaAYclU54cs5ARnC6A,MrShadyMan,2023-01-04T00:00:00Z,243328,13074,0,337,https://i.ytimg.com/vi/Ktf9mHRCRxk/default.jpg
HK5p5ifTI1U,–ü–µ—Ä–≤—ã–µ –≤—Å—Ç—Ä–µ—á–Ω—ã–µ - 3 —Å–µ—Ä–∏—è/ 2022/ –ö—Ä–∏–º–∏–Ω–∞–ª—å–Ω—ã–π –¥–µ—Ç–µ–∫—Ç–∏–≤ —Å –∑–∞–ø—É—Ç–∞–Ω–Ω—ã–º —Å—é–∂–µ—Ç–æ–º.,2023-01-03T09:00:08Z,UC28TtE_DvHNAwMRNdUd9aKg,MARS MEDIA,2023-01-04T00:00:00Z,235020,1412,0,118,https://i.ytimg.com/vi/HK5p5ifTI1U/default.jpg
S7uuVNDl3ao,üî¥–ü—Ä–æ—Ç–µ—Å—Ç—ã –∏ –±–µ—Å–ø–æ—Ä—è–¥–∫–∏ –≤ –ö–∞–∑–∞—Ö—Å—Ç–∞–Ω–µ: —á—Ç–æ –∏–∑–≤–µ—Å—Ç–Ω–æ –≥–æ–¥ —Å–ø—É—Å—Ç—è? DW –ù–æ–≤–æ—Å—Ç–∏ (03.01.2023),2023-01-03T16:36:13Z,UCXoAjrdHFa2hEL3Ug8REC1w,DW –Ω–∞ —Ä—É—Å—Å–∫–æ–º,2023-01-04T00:00:00Z,172613,2688,0,114,https://i.ytimg.com/vi/S7uuVNDl3ao/default.jpg
FuPKedtb8as,–®–∏–∫–∞—Ä–Ω–∞—è –≥–æ—Å—Ç–µ–≤–∞—è –∫–æ–º–Ω–∞—Ç–∞,2023-01-03T14:00:11Z,UCIRNjeBgoheKhg7iLzLUziQ,VDT l –í–ª–æ–≥ –æ –Ω–µ–¥–≤–∏–∂–∏–º–æ—Å—Ç–∏ –∏ —Å—Ç—Ä–æ–∏—Ç–µ–ª—å—Å—Ç–≤–µ,2023-01-04T00:00:00Z,79801,2552,0,84,https://i.ytimg.com/vi/FuPKedtb8as/default.jpg
UzmIsQrJ1xQ,KIM EKAN 2-MAVSUM | ULAR YANA EKRANGA QAYTDI! BUNDAY FINAL BO‚ÄôLMAGAN,2023-01-03T13:00:08Z,UC647stBCZxmi6ua_4mZxr7g,Sevimli TV,2023-01-04T00:00:00Z,344210,5902,0,1046,https://i.ytimg.com/vi/UzmIsQrJ1xQ/default.jpg
dzHRQGgY7Ac,Sonic Short Episode 44 - Shadow Gluttonous - Funny Animation #shorts #sonic #shadow,2023-01-03T08:40:34Z,UCy_-2_cMNOoN7gzA7rCi8bw,SComics Play,2023-01-04T00:00:00Z,1157315,24837,0,33,https://i.ytimg.com/vi/dzHRQGgY7Ac/default.jpg
IutqgLUMIx4,"üî•üî•üî•–§–ï–ô–ì–Ü–ù | –¥–∞—Ç–∞ –∑–∞–∫—ñ–Ω—á–µ–Ω–Ω—è –≤—ñ–π–Ω–∏ –í–Ü–î–û–ú–ê, –ø—É—Ç—ñ–Ω –í–ñ–ï –∑–Ω–∞—î, –∑–≤—ñ–¥–∫–∏ –¥–æ–≤–µ–¥–µ—Ç—å—Å—è –≤—ñ–¥—Å—Ç—É–ø–∞—Ç–∏",2023-01-03T19:03:16Z,UCmubOD8Nem4wYO7lqF1e0kw,–ö—É—Ä–±–∞–Ω–æ–≤–∞ LIVE,2023-01-04T00:00:00Z,130106,13015,0,395,https://i.ytimg.com/vi/IutqgLUMIx4/default.jpg
MHJ_xFYpBF4,Minecraft: That's not Wednesday Addams... üò≥ #Shorts,2023-01-03T15:00:10Z,UCGa9YJJiR-Jec5y10GQxEPg,Twi Shorts,2023-01-04T00:00:00Z,550423,34905,0,269,https://i.ytimg.com/vi/MHJ_xFYpBF4/default.jpg
D41v36xIa1g,–ù–æ–≤–∞—è –≤–æ–ª–Ω–∞ –º–æ–±–∏–ª–∏–∑–∞—Ü–∏–∏ –≤ –†–æ—Å—Å–∏–∏?,2023-01-03T13:05:52Z,UCynpNfWFNICURMkB1Y7a2XQ,TRT –Ω–∞ —Ä—É—Å—Å–∫–æ–º,2023-01-04T00:00:00Z,41980,164,0,270,https://i.ytimg.com/vi/D41v36xIa1g/default.jpg
yy21yj1zbxQ,Cristiano Ronaldo Presentation : Ceremony With Al-Nasr,2023-01-03T17:45:06Z,UCxVgS78ar4N6EO3NzdGizfA,Genius Production,2023-01-04T00:00:00Z,1559849,52396,0,4907,https://i.ytimg.com/vi/yy21yj1zbxQ/default.jpg
gf9yrY2WwkM,–ó–∞–ø—Ä–µ—â—ë–Ω–Ω—ã–π —ç—Ñ–∏—Ä –ñ–∏—Ä–∏–Ω–æ–≤—Å–∫–æ–≥–æ! #–∂–∏—Ä–∏–Ω–æ–≤—Å–∫–∏–π #–∂–∏—Ä–∏–Ω–æ–≤—Å–∫–∏–π–ø—Ä–æ—Ä–æ–∫,2023-01-03T06:30:11Z,UCjKDdxZM_z4MC-yxEJP0Cow,–õ–î–ü–†-–¢–í,2023-01-04T00:00:00Z,60927,0,0,105,https://i.ytimg.com/vi/gf9yrY2WwkM/default.jpg
yDRGxDB4uLk,LAND CRUISER 300 –°–õ–û–ú–ê–õ–°–Ø –ù–ï –ï–î–ï–¢. –ö–ê–ö –î–û–ë–´–í–ê–Æ–¢ –ê–õ–ú–ê–ó–´ –ò –ü–û–õ–£–ß–ê–Æ–¢ –ë–†–ò–õ–ò–ê–ù–¢–´. –Ø–ö–£–¢–ò–Ø –§–ò–ù–ê–õ –ß–ê–°–¢–¨ #18,2023-01-03T16:06:03Z,UCgovv1nO7nnCwulSBa2Kjsw,–ü–†–û –ü–£–¢–ï–®–ï–°–¢–í–ò–Ø –ë–æ–≥–¥–∞–Ω –ë—É–ª—ã—á—ë–≤,2023-01-04T00:00:00Z,89622,4619,0,515,https://i.ytimg.com/vi/yDRGxDB4uLk/default.jpg
IpcMhnaniNA,He‚Äôs so strong he can lift a car üò±,2023-01-02T22:32:31Z,UCx18ywTcohtS9lpNXt8noWQ,Omar Raja - ESPN,2023-01-04T00:00:00Z,8277640,367859,0,1586,https://i.ytimg.com/vi/IpcMhnaniNA/default.jpg
bNNP5P2h9o0,#zoolander #benstiller #owenwilson,2023-01-03T15:12:54Z,UCuWSUUNp1UuerJ4_DOvZfjg,Achraf,2023-01-04T00:00:00Z,108951,5753,0,31,https://i.ytimg.com/vi/bNNP5P2h9o0/default.jpg
cvuPgn2AT38,Premier League Highlights: Everton 1-4 Brighton & Hove Albion,2023-01-04T00:00:14Z,UCtK4QAczAN2mt2ow_jlGinQ,Everton Football Club,2023-01-04T00:00:00Z,563187,7142,0,433,https://i.ytimg.com/vi/cvuPgn2AT38/default.jpg
47SLJOcXpp4,–°–∞–º–∞—Ç VS –õ—é—Ç–µ—Ä. –ù–∏–∫—É–ª–∏–Ω VS –ê—Å–±–∞—Ä–æ–≤ –∏ –ú—É—Å–∞–ª–æ–≤. –¢–∞—Ä–∞—Å–æ–≤ VS –Æ—Å—É–ø–æ–≤. –í–µ–Ω–æ–º –∏—Å–ø–æ–ª–Ω—è–µ—Ç. –õ–µ–Ω–¥—Ä—É—à VS –•–∞–Ω—Ç–µ—Ä,2023-01-03T09:09:41Z,UC1_FrNtrgzFPQVHuwAAR3xQ,Hardcore Fighting Championship,2023-01-04T00:00:00Z,1341160,35032,0,7712,https://i.ytimg.com/vi/47SLJOcXpp4/default.jpg
WOQPpD-Jf18,Flying and screaming into 2023! #thatlittlepuff #catsofyoutube,2023-01-03T02:01:51Z,UClFN9LShD_Pv0wnSeUKbUZw,That Little Puff,2023-01-04T00:00:00Z,2401648,197964,0,448,https://i.ytimg.com/vi/WOQPpD-Jf18/default.jpg
eB7P_nMcOqc,–ú–∞–∫–µ–µ–≤–∫–∞: –ø–æ–≥–∏–±–ª–∏ —Å–æ—Ç–Ω–∏ –º–æ–±–∏–ª–∏–∑–æ–≤–∞–Ω–Ω—ã—Ö –∏–∑ –†–§. –ü–æ—á–µ–º—É –∏—Ö —Ä–∞—Å–∫–≤–∞—Ä—Ç–∏—Ä–æ–≤–∞–ª–∏ –≤ –ü–¢–£?,2023-01-02T16:15:19Z,UC8iolBC54uZTJAZhZiX5KuQ,–ù–æ–≤–æ—Å—Ç–∏ –î–æ–Ω–±–∞—Å—Å–∞,2023-01-04T00:00:00Z,202581,1236,0,1655,https://i.ytimg.com/vi/eB7P_nMcOqc/default.jpg
JtM3PxqBw84,–ú–µ–ª–∞–¥–∑–µ –ø–æ—Å–ª–µ —Å–∫–∞–Ω–¥–∞–ª–∞ –æ–±—Ä–∞—Ç–∏–ª—Å—è –∫ —Ä–æ—Å—Å–∏—è–Ω–∞–º,2023-01-03T16:19:10Z,UCQLL55-1W-OfY2gbzuGpT9A,–ë—É–¥–¥–∞ –ì—Ä–∏—à–Ω–∞,2023-01-04T00:00:00Z,296906,18443,0,1912,https://i.ytimg.com/vi/JtM3PxqBw84/default.jpg
Tp8gRaOiRtU,–û–¢–ö–†–´–õ–ò –ë–ú–í –ö–û–ù–¢–ï–ô–ù–ï–†–´ –ò –í–´–ë–ò–õ–ò –†–ï–î–ö–ò–ï –¢–ê–ß–ö–ò! –ë–ò–¢–í–ê –ó–ê –ö–û–ù–¢–ï–ô–ù–ï–†–´ –í –ì–¢–ê 5 –û–ù–õ–ê–ô–ù,2023-01-03T11:00:18Z,UC8j5GsMc0pjInklm4DfwCZQ,–î–∂–µ–ª,2023-01-04T00:00:00Z,503828,30952,0,3922,https://i.ytimg.com/vi/Tp8gRaOiRtU/default.jpg
vEm1vSVutDM,–ë–µ–¥–Ω—É—é –î–µ–≤—É—à–∫—É –£–¥–æ—á–µ—Ä–∏–ª–∏ –ú–∏–ª–ª–∏–æ–Ω–µ—Ä—ã || –ñ–∏–∑–Ω—å –ë–æ–≥–∞—Ç–æ–≥–æ –ü–æ–¥—Ä–æ—Å—Ç–∫–∞ –∏–∑ –ù–∏—â–µ–π –°–µ–º—å–∏,2023-01-03T10:00:25Z,UC4jGk8prx3aX5guZbkoXaAA,–¢–∏–º –¢–∏–Ω –ì–æ–ª–¥,2023-01-04T00:00:00Z,143491,3480,0,274,https://i.ytimg.com/vi/vEm1vSVutDM/default.jpg
jRVnsPfpWyU,–û–í–† –®–æ—É: –ù–æ–≤–æ–≥–æ–¥–Ω–∏–π –≤—ã–ø—É—Å–∫ (+–±–æ–Ω—É—Å),2023-01-02T08:53:16Z,UCE8VbbggYJ3GpGz6tbq1UWQ,–û–í–† –®–æ—É,2023-01-04T00:00:00Z,2599588,43994,0,2461,https://i.ytimg.com/vi/jRVnsPfpWyU/default.jpg
q9oU-x7AqLo,–ê–ª–µ–∫—Å–∞–Ω–¥—Ä –ì—É–¥–∫–æ–≤ feat. –ù–∏–∫–∏—Ç–∞ –ö—É–∫—É—à–∫–∏–Ω ‚Äì Jingle bells –ø–µ—Ä–µ–≤–æ–¥ (prod. Cream Soda),2023-01-03T13:07:09Z,UCn9bv143ECsDMw-kJCNN7QA,–ß–∏–∫–µ–Ω –ö–∞—Ä—Ä–∏,2023-01-04T00:00:00Z,231755,14924,0,740,https://i.ytimg.com/vi/q9oU-x7AqLo/default.jpg
9VptKqlZTR0,–û–¢–ö–†–´–í–ê–ï–ú 19 –°–ï–†–í–ï–†! –î–ï–ù–¨ –†–û–ñ–î–ï–ù–ò–ï RADMIR! –†–û–ó–´–ì–†–´–®–ò HASSLE,2023-01-03T16:23:45Z,UCtL8BZsUg6iT-eQxv7nVApw,KOVALEVSKIY,2023-01-04T00:00:00Z,60276,3484,0,21,https://i.ytimg.com/vi/9VptKqlZTR0/default.jpg
oy4RWCCtQks,–û—Ç—Å—é–¥–∞ –∞—Ç–∞–∫–æ–≤–∞–ª–∏ –•–µ—Ä—Å–æ–Ω —Å —Å–µ–≤–µ—Ä–∞ | –ö—Ä—ã–º.–†–µ–∞–ª–∏–∏ –¢–í,2023-01-03T17:00:09Z,UCTxc3zFdloSLhqPd6mfIMKA,–ö—Ä—ã–º.–†–µ–∞–ª–∏–∏,2023-01-04T00:00:00Z,78216,1580,0,603,https://i.ytimg.com/vi/oy4RWCCtQks/default.jpg
oMhGQrLe6QE,THE PRINCESS,2022-12-31T21:28:00Z,UCjaxmdb_gTWbz9XF5rzvgGg,Natan por A√≠,2023-01-04T00:00:00Z,5215408,183453,0,176,https://i.ytimg.com/vi/oMhGQrLe6QE/default.jpg
6Qy_lvU24eE,EVILLE - –õ–£–ß–®–ê–Ø –î–ï–†–ï–í–ù–Ø –ü–†–ï–î–ê–¢–ï–õ–ï–ô. –¢—Ä–µ—Ç–∏–π —Å—Ç—Ä–∏–º,2023-01-03T21:13:40Z,UC2-3h_JwOe0TUNc7fYqRBog,LeBwa,2023-01-04T00:00:00Z,46852,2388,0,53,https://i.ytimg.com/vi/6Qy_lvU24eE/default.jpg
T5mkSU5R3bw,"Vasif Talƒ±bovun k…ôndind…ôn reportaj: Yalandƒ±r, he√ß n…ô d…ôyi≈üm…ôyib #Nax√ßƒ±vanAzadliq",2023-01-03T09:25:20Z,UCvS_93KzemYz-SqXT5slFFA,AzadliqRadiosu,2023-01-04T00:00:00Z,183338,2956,0,595,https://i.ytimg.com/vi/T5mkSU5R3bw/default.jpg
yzOd-VcxWOQ,Hydraulic press turns candy into worms ü§© #satisfying #hydraulicpress #candy,2023-01-02T04:37:57Z,UCcMDMoNu66_1Hwi5-MeiQgw,Hydraulic Press Channel,2023-01-04T00:00:00Z,9024149,124274,0,697,https://i.ytimg.com/vi/yzOd-VcxWOQ/default.jpg
r5_nnID_Wu4,–ß—Ç–æ –Ω–µ —Ç–∞–∫ —Å –Ω–æ–≤–æ–≥–æ–¥–Ω–∏–º –æ–±—Ä–∞—â–µ–Ω–∏–µ–º –ü—É—Ç–∏–Ω–∞? –ê–±–±–∞—Å –ì–∞–ª–ª—è–º–æ–≤,2023-01-03T05:00:24Z,UCdubelOloxR3wzwJG9x8YqQ,–¢–µ–ª–µ–∫–∞–Ω–∞–ª –î–æ–∂–¥—å,2023-01-04T00:00:00Z,695756,17970,0,3036,https://i.ytimg.com/vi/r5_nnID_Wu4/default.jpg
DW5QiUUREc0,Zaynab bilan qoling begim 22-qism | –ó–∞–∏ÃÜ–Ω–∞–± –±–∏–ª–∞–Ω –∫–æ–ª–∏–Ω–≥ –±–µ–≥–∏–º 22-–∫–∏—Å–º (–º–∏–ª–ª–∏–∏ÃÜ —Å–µ—Ä–∏–∞–ª),2023-01-03T17:00:04Z,UCZWkcTIGDg5gHyafm2M4Pig,UzbekFilmsHD,2023-01-04T00:00:00Z,228956,3879,0,743,https://i.ytimg.com/vi/DW5QiUUREc0/default.jpg
nc_xOdeFUVs,–ö–∞–∫ –ø–æ–±–µ–¥–∏—Ç—å –ë–µ–∑—É–º–Ω—ã–π –†–∞–Ω–¥–æ–º ‚óè –¢–ê–ù–ö–û–í–´–ô –ú–ò–ö–° üòÅ—Å –¶–µ–∑–∞—Ä–µ–º –∏ –ú–µ–∫—Å–∏–∫–∞–Ω—Ü–µ–º,2023-01-04T00:51:13Z,UCZfYqza2S-iT8Au1_H-NtwQ,MeanMachins,2023-01-04T00:00:00Z,43028,2758,0,3,https://i.ytimg.com/vi/nc_xOdeFUVs/default.jpg
p-0EfSkZT4w,Yor-yor - Katta To'y (01.01.2023),2023-01-02T13:35:14Z,UCisKdSbTsPt16yGuN4iNgrA,ZO'R TV,2023-01-04T00:00:00Z,534932,7050,0,709,https://i.ytimg.com/vi/p-0EfSkZT4w/default.jpg
OC1mb4xt6kE,–•–£–î–®–ò–ô –ò–ì–†–û–í–û–ô –ù–ê–ë–û–† –î–õ–Ø CS:GO –ó–ê 16.000 –†–£–ë–õ–ï–ô,2023-01-03T17:12:19Z,UC28v-50u3qhsRugdAMzrjhw,JOSKIY,2023-01-04T00:00:00Z,66071,6497,0,333,https://i.ytimg.com/vi/OC1mb4xt6kE/default.jpg
ieULIwHPIzY,√ñks√ºr√ºƒü√º Bƒ±√ßak Gibi Keser. Karaciƒüeri temizle. Bron≈üit Faranjit. Doƒüal Antibiyotik. Balgam. Baƒüƒ±rsak,2023-01-03T12:05:29Z,UCXL8AQAyGu-g2YSG7QzDBIg,G√úLS√úM√úN SARAYI TV,2023-01-04T00:00:00Z,528974,5886,0,109,https://i.ytimg.com/vi/ieULIwHPIzY/default.jpg
WVG0cuXYQL0,–ö–¢–û –ü–û–°–õ–ï–î–ù–ò–ô –í–´–õ–ï–ó–ï–¢ –ò–ó –ì–†–û–ë–ê ! –≠–ö–°–¢–†–ï–ú–ê–õ–¨–ù–´–ô –ß–ï–õ–õ–ï–ù–î–ñ,2023-01-02T09:00:13Z,UC2tsySbe9TNrI-xh2lximHA,A4,2023-01-04T00:00:00Z,8223804,704740,0,81141,https://i.ytimg.com/vi/WVG0cuXYQL0/default.jpg
UWDit9Yjj38,Would You Do This for Your Friend‚Ä¶? ‚ù§Ô∏è (Part 2),2023-01-02T13:00:15Z,UC5gxP-2QqIh_09djvlm9Xcg,Alan Chikin Chow,2023-01-04T00:00:00Z,7903515,277728,0,1383,https://i.ytimg.com/vi/UWDit9Yjj38/default.jpg
_fT8F03jNMU,MEGA XITLAR YANGI YIL KONSERT DASTURI - 2023,2023-01-03T13:49:07Z,UCisKdSbTsPt16yGuN4iNgrA,ZO'R TV,2023-01-04T00:00:00Z,158784,2194,0,306,https://i.ytimg.com/vi/_fT8F03jNMU/default.jpg
_GGqUBky6k0,–°–ù–ê–ô–ü–ï–† –í–ü–ï–†–í–´–ï –°–¢–ê–õ –ö–û–°–ú–û–ù–ê–í–¢–û–ú –í –ú–ê–ô–ù–ö–†–ê–§–¢!,2023-01-03T08:00:25Z,UCrpt82vHWIWZSHtNQxncPrg,EdisonPts,2023-01-04T00:00:00Z,1145745,100669,0,4671,https://i.ytimg.com/vi/_GGqUBky6k0/default.jpg
wxsvgn8Xg_0,–í–°–£ —É–¥–∞—Ä–∏–ª–∏ –ø–æ –±–∞–∑–µ –º–æ–±–∏–ª–∏–∑–æ–≤–∞–Ω–Ω—ã—Ö –≤ –ú–∞–∫–µ–µ–≤–∫–µ. –ü–æ–≥–∏–±–Ω—É—Ç—å –º–æ–≥–ª–∏ —Å–æ—Ç–Ω–∏ —Ä–æ—Å—Å–∏–π—Å–∫–∏—Ö –≤–æ–µ–Ω–Ω—ã—Ö,2023-01-02T19:00:18Z,UCdubelOloxR3wzwJG9x8YqQ,–¢–µ–ª–µ–∫–∞–Ω–∞–ª –î–æ–∂–¥—å,2023-01-04T00:00:00Z,752673,13594,0,4549,https://i.ytimg.com/vi/wxsvgn8Xg_0/default.jpg
y4eMYxKYWzM,–†–ü–¶ –ø–æ—Å—ã–ª–∞–µ—Ç –≤ –ø—É—Å—Ç—ã–Ω—é / –ü–æ–¥–ø–∏—Å–∫–∞ –Ω–∞ –∫–æ—à–µ–∫ / –°–∏–º–≤–æ–ª 2023 –∏–∑ –Ω–∞–≤–æ–∑–∞,2023-01-03T16:49:41Z,UCsKiNBoIWLpIxU6vsAv3v3w,–ê—Ä—Ç–µ–º–∏–π –õ–µ–±–µ–¥–µ–≤,2023-01-04T00:00:00Z,466183,16464,0,1514,https://i.ytimg.com/vi/y4eMYxKYWzM/default.jpg
NvL-d-yzn-w,–û–ë–™–ï–ö–¢ 780 - –°–ê–ú–ê–Ø –ò–ù–¢–ï–†–ï–°–ù–ê–Ø –ë–†–û–ù–Ø –í –ò–ì–†–ï,2023-01-03T17:15:28Z,UCWyKpCMEyF22WziHeQ-2qJA,Sh0tnik,2023-01-04T00:00:00Z,56339,2138,0,7,https://i.ytimg.com/vi/NvL-d-yzn-w/default.jpg
O8E8kGZ9UL0,–†–æ–∑–æ–≤–∞—è –º–∞—à–∏–Ω–∞ vs –ß–µ—Ä–Ω–∞—è –º–∞—à–∏–Ω–∞ –ß–µ–ª–ª–µ–Ω–¥–∂ | –°—É–º–∞—Å—à–µ–¥—à–∏–π —á–µ–ª–ª–µ–Ω–¥–∂ –æ—Ç TeenChallenge,2023-01-02T14:00:09Z,UCwfYtcXy_3sMjfPIYWVX6kA,TeenChallenge Russian,2023-01-04T00:00:00Z,158666,1345,0,18,https://i.ytimg.com/vi/O8E8kGZ9UL0/default.jpg
PdGjALtkXn0,Canada vs. Slovakia - 2023 World Juniors Highlights,2023-01-03T03:55:26Z,UC--i2rV5NCxiEIPefr3l-zQ,TSN,2023-01-04T00:00:00Z,725794,7724,0,1829,https://i.ytimg.com/vi/PdGjALtkXn0/default.jpg
Msw03WqyveA,Kan CÃßicÃßekleri 21. BoÃàluÃàm,2023-01-03T15:02:51Z,UCrj5zWUY4cZn5Oq9eEJVrbw,Kan √ái√ßekleri,2023-01-04T00:00:00Z,683531,16934,0,1105,https://i.ytimg.com/vi/Msw03WqyveA/default.jpg
9ptRI0Lxso4,–§–∏—à–∫–∏ iPhone –æ –∫–æ—Ç–æ—Ä—ã—Ö —Ç—ã —Ç–æ—á–Ω–æ –Ω–µ –∑–Ω–∞–ª!,2023-01-03T10:00:10Z,UCXNUrJGI6-5hv6xcncrQq8g,Romancev768,2023-01-04T00:00:00Z,381381,24520,0,235,https://i.ytimg.com/vi/9ptRI0Lxso4/default.jpg
Sqec-olPPOQ,–ó–ê–ß–ï–ú –Ø –ö–£–ü–ò–õ –ß–ï–¢–í–ï–†–¢–£–Æ –¢–ê–ß–ö–£?,2023-01-03T13:00:23Z,UCUEScivF2b3SbT226laiEBw,–ê–±—Ä–∞–º TV,2023-01-04T00:00:00Z,136813,8120,0,498,https://i.ytimg.com/vi/Sqec-olPPOQ/default.jpg
J1zjRNZsxi0,"–î–∂–∞–º–±—É–ª–∞—Ç –º–∞–≥, —á–∞—Å—Ç—å :6",2023-01-03T08:48:22Z,UCTEZxfUxEtY4TOsFKv80fnQ,–ö-Media,2023-01-04T00:00:00Z,568032,32270,0,82,https://i.ytimg.com/vi/J1zjRNZsxi0/default.jpg
ezujogybVwI,–°–ê–ú–ê–Ø –õ–£–ß–®–ê–Ø –ü–ê–†–ê –ù–ê –ù–û–í–û–ì–û–î–ù–ï–òÃÜ –í–ï–ß–ï–†–ò–ù–ö–ï! –ö–ê–ú–ò–õ–Æ –ù–ï –ü–û–í–ï–ó–õ–û? –õ–û–í–£–®–ö–ê –î–õ–Ø –õ–£–ó–ï–†–û–í,2023-01-03T05:00:14Z,UCWGK2_WVaXWv-QrkgT9-KDw,KiKiDo,2023-01-04T00:00:00Z,1207734,29593,0,1950,https://i.ytimg.com/vi/ezujogybVwI/default.jpg
P7ELWx5onYM,"–ú–∞–π–Ω–∫—Ä–∞—Ñ—Ç, –ù–û —è –ú–æ–≥—É –•–æ–¥–∏—Ç—å –¢–û–õ–¨–ö–û –ø–æ –ü–†–Ø–ú–û–ô –õ–∏–Ω–∏–∏...",2023-01-02T02:49:59Z,UC3noknhjoA6l1e9HQ6JzTng,–°—ç–≤—ç–Ω,2023-01-04T00:00:00Z,460046,27537,0,134,https://i.ytimg.com/vi/P7ELWx5onYM/default.jpg
lra8jOvZlWo,–ß—Ç–æ —Ç–≤–æ—Ä–∏–ª–æ—Å—å –≤ –†–§ –≤ –Ω–æ–≤–æ–≥–æ–¥–Ω—é—é –Ω–æ—á—å? / –ù–æ–≤–æ—Å—Ç–∏ –†–æ—Å—Å–∏–∏,2023-01-02T14:18:26Z,UCSqO8lV-ric7ow5G5q9roWw,–í–û–¢ –¢–ê–ö,2023-01-04T00:00:00Z,1030379,15717,0,4581,https://i.ytimg.com/vi/lra8jOvZlWo/default.jpg
rVn8VPk3hLU,"–Ø —Ç–µ–±—è –Ω–µ –±–æ—é—Å—å, –±—ã–¥–ª–∞–Ω",2023-01-03T10:00:06Z,UCii_gXGV-mto1bdKWKCk92g,–°—Ç–æ–ø–•–∞–º –ú—Å–∫,2023-01-04T00:00:00Z,128616,9533,0,855,https://i.ytimg.com/vi/rVn8VPk3hLU/default.jpg
mos3Ud7aRIE,–ö–†–ò–ù–ñ–û–í–´–ô –ö–û–ù–¢–ï–ù–¢ –° –ò–í–ê–ù–û–ú –ó–û–õ–û,2023-01-03T14:45:04Z,UCw-NeLZsmZL1ZL04TMaPaHA,marazm,2023-01-04T00:00:00Z,331156,28572,0,2037,https://i.ytimg.com/vi/mos3Ud7aRIE/default.jpg
mDwrIVDI-TM,Harley Quinn Beauty Transformation üî• #shorts,2022-12-31T12:00:34Z,UCK0VZPHBtrpyrVBVU3PWPMg,5-Year Crafts,2023-01-04T00:00:00Z,1365302,22148,0,20,https://i.ytimg.com/vi/mDwrIVDI-TM/default.jpg
0OffJEx1Dus,What a day üòç #shorts,2022-12-30T21:19:26Z,UC_k6e2PPDUnxEdMJC9Q044g,Adam W,2023-01-04T00:00:00Z,8156652,370271,0,1571,https://i.ytimg.com/vi/0OffJEx1Dus/default.jpg
gbi_UyhSPJQ,–ü–µ—Ä–≤—ã–µ –≤—Å—Ç—Ä–µ—á–Ω—ã–µ - 2 —Å–µ—Ä–∏—è/ 2022/ –ö—Ä–∏–º–∏–Ω–∞–ª—å–Ω—ã–π –¥–µ—Ç–µ–∫—Ç–∏–≤ —Å –∑–∞–ø—É—Ç–∞–Ω–Ω—ã–º —Å—é–∂–µ—Ç–æ–º.,2023-01-02T09:00:22Z,UC28TtE_DvHNAwMRNdUd9aKg,MARS MEDIA,2023-01-04T00:00:00Z,281172,1711,0,179,https://i.ytimg.com/vi/gbi_UyhSPJQ/default.jpg
U61rjDJU9zQ,–ü–†–û–ñ–ò–õ 100 –õ–ï–¢ –∑–∞ –ê–ù–ò–ú–ê–¢–†–û–ù–ò–ö–û–í –§–ù–ê–§ –í–°–ï –°–ï–†–ò–ò Security Breach –ì–¢–ê 5 –ú–û–î–´! –û–ë–ó–û–† –ú–û–î–ê –≤ GTA 5 –í–ò–î–ï–û,2023-01-03T08:00:09Z,UCQXRhiyzUqZIz7-WJYJ7PaQ,–°–∫–æ—Ä—Ç–∏,2023-01-04T00:00:00Z,123140,7236,0,398,https://i.ytimg.com/vi/U61rjDJU9zQ/default.jpg
zHnvgWoHBAg,Highlights: Brentford 3-1 Liverpool | Defeat for the Reds,2023-01-02T23:30:06Z,UC9LQwHZoucFT94I2h6JOcjw,Liverpool FC,2023-01-04T00:00:00Z,1241702,18909,0,2161,https://i.ytimg.com/vi/zHnvgWoHBAg/default.jpg
gcylXhn--8A,Woman hides from police #Shorts,2022-12-31T11:01:00Z,UCRehQoB8xNozXLsfzFtDY4w,PaulVuTV,2023-01-04T00:00:00Z,1644651,17447,0,72,https://i.ytimg.com/vi/gcylXhn--8A/default.jpg
QWg-iExbxhM,–°—Ç–∞–∂—ë—Ä –§–°–ë –∏ —Å–∫—Ä–∏–ø—É—á–∞—è –¥–≤–µ—Ä—å,2023-01-03T11:31:41Z,UC9ejV2UE9AcLQTlaZSAmD9g,Neyrolix,2023-01-04T00:00:00Z,89496,11269,0,132,https://i.ytimg.com/vi/QWg-iExbxhM/default.jpg
GQsSuJOSYvc,–ö–í–ù 2022 –í—ã—Å—à–∞—è –ª–∏–≥–∞ –§–∏–Ω–∞–ª (01.01.2023),2023-01-01T18:00:10Z,UCSZ69a-0I1RRdNssyttBFcA,–û—Ñ–∏—Ü–∏–∞–ª—å–Ω—ã–π –∫–∞–Ω–∞–ª –ö–í–ù,2023-01-04T00:00:00Z,659038,8318,0,3937,https://i.ytimg.com/vi/GQsSuJOSYvc/default.jpg
m_L4vZOm39A,"–ú–∞–π–Ω–∫—Ä–∞—Ñ—Ç, –ù–û —É –º–µ–Ω—è —É–∫—Ä–∞–ª–∏ –∫–ª–∞–≤–∏–∞—Ç—É—Ä—É... | CLEX #shorts",2023-01-02T06:07:30Z,UCxb3T9s7kRVyRZAe90Vcg0w,CLEX,2023-01-04T00:00:00Z,551134,39924,0,511,https://i.ytimg.com/vi/m_L4vZOm39A/default.jpg
7e63f4pd3o0,–ü–†–û–ë–£–ï–ú –ï–î–£ –ö–û–°–ú–û–ù–ê–í–¢–û–í –° –ú–û–ò–ú –õ–£–ß–®–ò–ú –î–†–£–ì–û–ú!,2023-01-01T11:22:58Z,UCkEiEd4fV3pvUmcoJYacDqA,–≠–¥–∏—Å–æ–Ω –ü–µ—Ä–µ—Ü,2023-01-04T00:00:00Z,1232082,119029,0,7998,https://i.ytimg.com/vi/7e63f4pd3o0/default.jpg
VaJwq65fSd0,–¢—Ä–∞—É—Ä –ø–æ –ø–æ–≥–∏–±—à–∏–º –≤ –ú–∞–∫–µ–µ–≤–∫–µ. –ö–∏–µ–≤ –≥–æ—Ç–æ–≤–∏—Ç—Å—è –∫ –∞—Ç–∞–∫–µ –¥—Ä–æ–Ω–æ–≤. –ü—Ä–æ—â–∞–Ω–∏–µ —Å –ë–µ–Ω–µ–¥–∏–∫—Ç–æ–º XVI | –ù–û–í–û–°–¢–ò,2023-01-03T15:05:24Z,UCBG57608Hukev3d0d-gvLhQ,–ù–∞—Å—Ç–æ—è—â–µ–µ –í—Ä–µ–º—è,2023-01-04T00:00:00Z,660519,8142,0,4565,https://i.ytimg.com/vi/VaJwq65fSd0/default.jpg
Fn_vfwNMa3k,¬´–Ü —Ü—ñ –Ω–æ—Ä–º–∞–ª—å–Ω–æ –ø–∏**–∏ –¥–∞—é—Ç—å¬ª. –¢–∞–Ω–∫–∏ 28-—ó –Ω–∞ —Å—Ö–æ–¥—ñ / hromadske,2023-01-03T16:00:07Z,UC2oGvjIJwxn1KeZR3JtE-uQ,hromadske,2023-01-04T00:00:00Z,611342,17434,0,1295,https://i.ytimg.com/vi/Fn_vfwNMa3k/default.jpg
78FZMbJg5QU,–Ø –ø–æ—Ç–µ—Ä—è–ª–∞ —Å–µ—Å—Ç—Ä—É-–±–ª–∏–∑–Ω—è—à–∫—É! –ú–æ—è —Å–µ—Å—Ç—Ä–∞ –≤ –∫–æ–º–µ!,2023-01-02T12:00:06Z,UCq1JpGFxcZTbbOAz010U-og,–¢—Ä—É–º –¢—Ä—É–º,2023-01-04T00:00:00Z,366386,4559,0,244,https://i.ytimg.com/vi/78FZMbJg5QU/default.jpg
YZyQzOyf11w,–û–Ω –æ—Ç—ã–≥—Ä–∞–ª—Å—è —Å –ë–ï–ó–ù–ê–î–Å–ñ–ù–û–ì–û –°–ß–Å–¢–ê,2023-01-02T11:00:18Z,UCIw2rTM06cwxmGymygViTXQ,Rachel CSGO,2023-01-04T00:00:00Z,290189,29760,0,836,https://i.ytimg.com/vi/YZyQzOyf11w/default.jpg
RYKDNDbBSq4,–°–ú–û–¢–†–ò–ú –º–µ–ª–æ–¥—Ä–∞–º—É –ú–∞—Ä—à—Ä—É—Ç—ã –ª—é–±–≤–∏ (2020) @SMOTRIM_RU,2023-01-02T14:00:12Z,UCymA9jx0jKHHMWY-3SREmrw,–°–ú–û–¢–†–ò–ú –∫–∏–Ω–æ –∏ —Å–µ—Ä–∏–∞–ª—ã,2023-01-04T00:00:00Z,172670,810,0,35,https://i.ytimg.com/vi/RYKDNDbBSq4/default.jpg
UFWCcF4JKbI,Yor-Yor 1-son Durdona Qurbonova Mavluda Hikmatova Zarina Yuldashova  Yor-yorda!  (02.01.2023),2023-01-02T15:43:02Z,UCPweFCjXxLspLx0HPD7lQ_w,Muhabbat Hamroyeva Production,2023-01-04T00:00:00Z,142494,2413,0,480,https://i.ytimg.com/vi/UFWCcF4JKbI/default.jpg
Ky3BZx4gm6w,"üî¥–í–æ–π–Ω–∞ –¥—Ä–æ–Ω–æ–≤, —É–¥–∞—Ä –ø–æ —Ä–æ—Å—Å–∏–π—Å–∫–∏–º –≤–æ–µ–Ω–Ω—ã–º –≤ –ú–∞–∫–µ–µ–≤–∫–µ, –±–µ—Å–ø–æ—Ä—è–¥–∫–∏ –≤ –ë–µ—Ä–ª–∏–Ω–µ. DW –ù–æ–≤–æ—Å—Ç–∏ (02.01.2023)",2023-01-02T16:37:18Z,UCXoAjrdHFa2hEL3Ug8REC1w,DW –Ω–∞ —Ä—É—Å—Å–∫–æ–º,2023-01-04T00:00:00Z,191070,2987,0,247,https://i.ytimg.com/vi/Ky3BZx4gm6w/default.jpg
QKva9L9k2HI,"–ò–î–Å–ú –í –ì–û–°–¢–ò –ö –ë–õ–ê–î–ò –ù–ê –î–ï–ù–¨ –†–û–ñ–î–ï–ù–ò–Ø –í 2023. –î–µ–∑–µ—Ä—Ç–æ–¥, –ë–ª–∞–¥–∏ –∏ –õ–µ–≤—à–∞",2023-01-02T23:48:59Z,UC2-3h_JwOe0TUNc7fYqRBog,LeBwa,2023-01-04T00:00:00Z,99916,4684,0,68,https://i.ytimg.com/vi/QKva9L9k2HI/default.jpg
VOzJlNWZg9s,–ü–ª–∞—Ç–æ—à–∫–∏–Ω –ø—Ä–æ –°–í–û –∏ –∫–∞–ø–∏—Ç–∞–ª–∏–∑–º #shorts,2023-01-02T16:30:03Z,UC0mp0w9uWQxrliQJ8W9G2Pg,–ü—Ä–∞–≤–¥–∞.–†—É,2023-01-04T00:00:00Z,140308,10496,0,372,https://i.ytimg.com/vi/VOzJlNWZg9s/default.jpg
86Cm_3jMDS8,–†–∞–∑–æ—á–∞—Ä–æ–≤–∞–Ω—ã –≤ –í–° –†–§: —Ä–æ—Å—Å–∏–π—Å–∫–∏–µ —Å–æ–ª–¥–∞—Ç—ã –º–∞—Å—Å–æ–≤–æ —É–≤–æ–ª—å–Ω—è—é—Ç—Å—è –∏–∑ –∞—Ä–º–∏–∏,2023-01-01T18:04:38Z,UCt3igz3aIXfS108KV_jZsMA,FREE–îOM,2023-01-04T00:00:00Z,1633247,8899,0,1576,https://i.ytimg.com/vi/86Cm_3jMDS8/default.jpg
exr-2xLPZjU,–û–±—Ä–∞—â–µ–Ω–∏–µ –ó–µ–ª–µ–Ω—Å–∫–æ–≥–æ –∫ –ü—É—Ç–∏–Ω—É. –ì–ª–∞–≤–Ω–æ–µ,2023-01-03T09:10:00Z,UCt3igz3aIXfS108KV_jZsMA,FREE–îOM,2023-01-04T00:00:00Z,545666,11104,0,2749,https://i.ytimg.com/vi/exr-2xLPZjU/default.jpg
9gRWs_xvhSE,"–ú–∞–π–Ω–∫—Ä–∞—Ñ—Ç, –ù–û —Å –ö–∞–∂–¥—ã–º –ü—Ä—ã–∂–∫–æ–º –º–æ–∏ –í–µ—â–∏ –£–ú–ù–û–ñ–ê–Æ–¢–°–Ø",2023-01-02T01:41:00Z,UCykoYAl3FlyqKoPhGvQyF7Q,–ö–æ—Å–º–æ,2023-01-04T00:00:00Z,221492,10516,0,76,https://i.ytimg.com/vi/9gRWs_xvhSE/default.jpg
UdCTKR5vhBA,Brentford 3-1 Liverpool | An unreal night under the lights! üî•| Premier League Highlights,2023-01-02T22:10:26Z,UCAalMUm3LIf504ItA3rqfug,Brentford Football Club,2023-01-04T00:00:00Z,2059953,27198,0,1009,https://i.ytimg.com/vi/UdCTKR5vhBA/default.jpg
j8s9mhkKun0,HARD PLAY –†–ï–ê–ö–¶–ò–Ø –ù–ê –ú–ï–ù–Ø –ó–ê–ö–†–´–õ–ò –í –ó–ê–ë–†–û–®–ï–ù–ù–û–ú –ë–£–ù–ö–ï–†–ï! –°–ê–ú–´–ô –ñ–ï–°–¢–ö–ò–ô –†–û–õ–ò–ö –ú–ê–°–õ–ï–ù–ù–ò–ö–û–í–ê,2023-01-02T14:00:08Z,UCAf-RYRpQgxpj8voC29ck7w,Hard Play,2023-01-04T00:00:00Z,309651,32425,0,1009,https://i.ytimg.com/vi/j8s9mhkKun0/default.jpg
FxM1JLIoElc,–ò–°–¢–û–†–ò–Ø –ù–ê–®–ï–ì–û –ó–ù–ê–ö–û–ú–°–¢–í–ê - –§–ï–ô–ö! –ö–ê–ö –ú–´ –ü–û–ó–ù–ê–ö–û–ú–ò–õ–ò–°–¨ –ù–ê –°–ê–ú–û–ú –î–ï–õ–ï !?,2023-01-02T09:54:26Z,UCMiPeXEaXBJBRkpNHJ4fZjQ,Solyarchin,2023-01-04T00:00:00Z,184861,11381,0,467,https://i.ytimg.com/vi/FxM1JLIoElc/default.jpg
b8-zFArMxBs,QVZ 2022 FINAL,2023-01-01T18:30:34Z,UCobgMn6BCE-SMmgTsn82bqA,QVZ,2023-01-04T00:00:00Z,975363,18079,0,2754,https://i.ytimg.com/vi/b8-zFArMxBs/default.jpg
sBovNWnRwKY,Sevimli yulduzda OZODBEK NAZARBEKOV (konsert dasturi-2023),2023-01-01T17:15:07Z,UC647stBCZxmi6ua_4mZxr7g,Sevimli TV,2023-01-04T00:00:00Z,763241,12886,0,3059,https://i.ytimg.com/vi/sBovNWnRwKY/default.jpg
_ZAgIHmHLdc,NewJeans (Îâ¥ÏßÑÏä§) 'OMG' Official MV,2023-01-02T09:00:00Z,UC3IZKseVpdzPSBaWxBxundA,HYBE LABELS,2023-01-04T00:00:00Z,9657255,860824,0,41892,https://i.ytimg.com/vi/_ZAgIHmHLdc/default.jpg
F2RfUWPcI-g,–°–∞–Ω—ä–∞—Ç–Ω–∏ —Ç–∞—Ä–∫ —ç—Ç–≥–∞–Ω –£–∑–±–µ–∫ —Å–∞–Ω—ä–∞—Ç–∫–æ—Ä–ª–∞—Ä–∏,2023-01-03T14:45:58Z,UCh2ru_crV2EI9Ut02bdGAig,DUNYO TV,2023-01-04T00:00:00Z,361079,4309,0,56,https://i.ytimg.com/vi/F2RfUWPcI-g/default.jpg
vYYK5R7bge0,–û—Ç–µ—Ü –ü–µ—Ä–µ–∏–≥—Ä–∞–ª –∏ –£–Ω–∏—á—Ç–æ–∂–∏–ª –°—ã–Ω–∞üò± –ü–æ–¥–ø–∏—à–∏—Å—å üëá,2023-01-01T15:08:45Z,UCar2Ccj-qQjPkKDnrDsEARw,Kikkadim ,2023-01-04T00:00:00Z,456437,15588,0,112,https://i.ytimg.com/vi/vYYK5R7bge0/default.jpg
2cGyV7_t3gk,–≠—Ç–æ —Ç–µ–±–µ –∞ —ç—Ç–æ –º–Ω–µ - —Å–ª–∞–¥–∫–∏–π —á–µ–ª–ª–µ–Ω–¥–∂ Ôøº #shorts,2023-01-03T13:00:01Z,UCB99Xxp62Ptp6IRJSLVytAQ,clab_33,2023-01-04T00:00:00Z,155242,4308,0,67,https://i.ytimg.com/vi/2cGyV7_t3gk/default.jpg
0TcP_KKgGLw,–ü–†–û–ë–£–ï–ú –°–õ–ê–î–û–°–¢–ò –ò–ó –î–£–ë–ê–Ø –° –ë–†–ê–ô–ù–û–ú,2022-12-31T17:57:27Z,UCJm9mc6RBNUkHy429BK9pUg,Anastasiz,2023-01-04T00:00:00Z,2900504,250340,0,6800,https://i.ytimg.com/vi/0TcP_KKgGLw/default.jpg
9sPfvoHMPQI,¬´–ù–æ–≤–æ–≥–æ–¥–Ω–∏–π –º–∏–ª–ª–∏–∞—Ä–¥¬ª 2023,2023-01-01T14:27:11Z,UCeCL_BTYDdZeL0ZvAUwzK2Q,–°—Ç–æ–ª–æ—Ç–æ,2023-01-04T00:00:00Z,355068,1737,0,1163,https://i.ytimg.com/vi/9sPfvoHMPQI/default.jpg
hsDWX54bYfk,–ó–ê–®–Å–õ –í –ú–ê–ô–ù–ö–†–ê–§–¢ –°–ü–£–°–¢–Ø 10 –õ–ï–¢ –ò –£–ù–ò–ß–¢–û–ñ–ò–õ –°–ï–†–í–ï–†,2023-01-01T14:00:00Z,UC4pOZItoU2luCxT9w32YMnw,STRAYF,2023-01-04T00:00:00Z,291047,23751,0,1735,https://i.ytimg.com/vi/hsDWX54bYfk/default.jpg
D5947hYSvoE,Minecraft: Wednesday dancing music? üò≥ #Shorts,2022-12-31T15:00:08Z,UCGa9YJJiR-Jec5y10GQxEPg,Twi Shorts,2023-01-04T00:00:00Z,21563676,1146111,0,6906,https://i.ytimg.com/vi/D5947hYSvoE/default.jpg
YHeXyVvr90g,"–ù—É—Ä–ª–∞–Ω –°–∞–±—É—Ä–æ–≤ - –ö–û–ì–î–ê –ß–ë–î? –ü—Ä–æ –¢–£–† –ø–æ –ê–ú–ï–†–ò–ö–ï, –ü–û–°–õ–ï–î–ù–ï–ï –ò–ù–¢–ï–†–í–¨–Æ / –û–ø—è—Ç—å –Ω–µ –ì–∞–ª—å—Ü–µ–≤",2022-12-31T08:00:04Z,UCPn3K92O2tkAjzu6mlMPtvA,–ü–ª—é—à–∫–∏,2023-01-04T00:00:00Z,10318223,1157164,0,33966,https://i.ytimg.com/vi/YHeXyVvr90g/default.jpg
qxBpuLNaGMM,–ü–ï–†–í–´–ô –°–û–õ–û –°–¢–ê–†–¢ –≤ –ù–û–í–û–ú –ì–û–î–£ –≤ –†–ê–°–¢/RUST,2023-01-02T21:45:45Z,UCocvwThNlcQ8pdRFnXgpGbw,chistobzden,2023-01-04T00:00:00Z,119878,7651,0,27,https://i.ytimg.com/vi/qxBpuLNaGMM/default.jpg
eqDohGSXC7s,–°–ú–û–¢–†–ò–ú –º–µ–ª–æ–¥—Ä–∞–º—É –ú–∞—Ä—É—Å—è (2018) @SMOTRIM_RU,2023-01-01T15:00:14Z,UCymA9jx0jKHHMWY-3SREmrw,–°–ú–û–¢–†–ò–ú –∫–∏–Ω–æ –∏ —Å–µ—Ä–∏–∞–ª—ã,2023-01-04T00:00:00Z,465573,2386,0,198,https://i.ytimg.com/vi/eqDohGSXC7s/default.jpg
QuO8bYFCMtM,10 –°–ø–æ—Å–æ–±–æ–≤ –ü—Ä–æ–Ω–µ—Å—Ç–∏ –°–õ–ê–î–û–°–¢–ò –≤ –ë–û–õ–¨–ù–ò–¶–£ !,2023-01-02T09:00:10Z,UCQ9D4DFAfpyho6liNgjO7tA,GL Show Russian,2023-01-04T00:00:00Z,52442,885,0,9,https://i.ytimg.com/vi/QuO8bYFCMtM/default.jpg
TaG0mQL6-O8,"–í–°–£ –∑–∞–¥–≤—É—Ö—Å–æ—Ç–∏–ª–∏ —Å–æ—Ç–Ω–∏ —Ä–æ—Å—Å–∏—è–Ω –æ–¥–Ω–∏–º –º–∞—Ö–æ–º, –ü—Ä–∏–≥–æ–∂–∏–Ω –≤ –º–æ—Ä–≥–µ, –∞ –ì–∞–∑–º–∞–Ω–æ–≤ —Ä–∞—Å—Ç–µ—Ä—è–ª—Å—è | –í –¢–†–ï–ù–î–ï",2023-01-02T16:34:47Z,UCjAg2-3PgoksLAkYE88S_6g,–ì–†–û–®–Ü,2023-01-04T00:00:00Z,1232226,32428,0,4698,https://i.ytimg.com/vi/TaG0mQL6-O8/default.jpg
QyDmlVeE4xo,–ü–µ—Ä–≤–∞—è –û–≥—Ä–æ–º–Ω–∞—è –†–∞—Å–ø–∞–∫–æ–≤–∫–∞ –¢–æ–≤–∞—Ä–æ–≤ —Å –ê–ª–∏—ç–∫—Å—Ä–ø–µ—Å—Å –≤ 2023 –ì–æ–¥—É!,2023-01-02T07:45:00Z,UCZOINootuIq8tmgEY5Znj0g,–†–∞—Å–ü–∞–∫–æ–≤–∫–∞ –î–≤–∞–ü–∞–∫–æ–≤–∫–∞,2023-01-04T00:00:00Z,125238,9755,0,3052,https://i.ytimg.com/vi/QyDmlVeE4xo/default.jpg
i12xuC5dm6c,–ò–¥—É—Ç –∑–∞–¥–µ—Ä–∂–∞–Ω–∏—è –≤ –ú–æ—Å–∫–≤–µ! –û—Ç–º–µ–Ω–µ–Ω–æ –ø—Ä–∞–∑–¥–Ω–æ–≤–∞–Ω–∏–µ –Ω–æ–≤–æ–≥–æ –≥–æ–¥–∞ –Ω–∞ –ö—Ä–∞—Å–Ω–æ–π –ø–ª–æ—â–∞–¥–∏!,2022-12-31T21:30:07Z,UCk9F6pe9Z2IPxm1VO9lS6NA,sotavision,2023-01-04T00:00:00Z,1679893,12280,0,8080,https://i.ytimg.com/vi/i12xuC5dm6c/default.jpg
V2jJXZ6EwG0,üí£–ù–æ–≤–æ–≥–æ–¥–Ω—è—è —Ä–µ—á—å –ø—É—Ç–∏–Ω–∞- –ø–µ—Ä–µ–≤–æ–¥ —Å –∫—Ä–µ–º–ª–µ–≤—Å–∫–æ–≥–æ –Ω–∞ —Ä—É—Å—Å–∫–∏–π. –ö–∞–∫ —Å—É—Ä–æ–≤–∏–∫–∏–Ω –ø–æ–ª—É—á–∏–ª —Å–≤–æ—é –∫–ª–∏—á–∫—É.,2023-01-01T17:30:07Z,UC8kI2B-UUv7A5u3AOUnHNMQ,–ê–ª–µ–∫—Å–∞–Ω–¥—Ä –ù–µ–≤–∑–æ—Ä–æ–≤,2023-01-04T00:00:00Z,1120964,78710,0,5070,https://i.ytimg.com/vi/V2jJXZ6EwG0/default.jpg
YX-gQO7hb7c,–ë–ï–ó–£–ú–ù–û–ï –ù–ê–ß–ê–õ–û 2023 || –ú–ê–ö–ï–ï–í–ö–ê –¢–û–ñ–ï –ü–û –ü–õ–ê–ù–£ || –ü–ê–¢–†–ò–û–¢–´ –í –î–£–ë–ê–ï || –î–û–ë–ï–ô–¢–ï –í–´–ñ–ò–í–®–ò–• –ú–ò–•–ê–õ–ö–û–í–´–ú,2023-01-03T03:39:12Z,UCc3wvzU99elwjLO4_HOTmog,–ê–ª–µ–∫—Å–∞–Ω–¥—Ä –ë–∞–ª—É,2023-01-04T00:00:00Z,488462,52549,0,2198,https://i.ytimg.com/vi/YX-gQO7hb7c/default.jpg
jRjMMy1NzvU,"üì∫–ù–û–í–û–ì–û–î–ù–ò–ï –ö–û–®–ú–ê–†–´ –ó–û–ú–ë–û–Ø–©–ò–ö–ê / –ò–ª—å—è –®–µ–ø–µ–ª–∏–Ω, –ö—Å–µ–Ω–∏—è –õ–∞—Ä–∏–Ω–∞ @ishepelin –ß–µ–ª–æ–≤–µ–∫ –±–µ–∑ –¢–µ–ª–µ–≤–∏–∑–æ—Ä–∞",2023-01-02T18:01:31Z,UCmt9BtDz7nSiau3iLWgIGBQ,–ö—Å–µ–Ω–∏—è –õ–∞—Ä–∏–Ω–∞,2023-01-04T00:00:00Z,79293,7473,0,312,https://i.ytimg.com/vi/jRjMMy1NzvU/default.jpg
79f6gNOMbXM,–ö–£–ü–ò–õ –ë–†–ê–¢–£ –ï–ì–û –ü–ï–†–í–£–Æ –ú–ê–®–ò–ù–£ !,2023-01-02T11:00:50Z,UCUQH1Nzk3tgqO35wXZotZWg,–ê–Ω–¥—Ä–µ–π –ì–æ—Ä–¥–µ–µ–≤,2023-01-04T00:00:00Z,67825,4500,0,124,https://i.ytimg.com/vi/79f6gNOMbXM/default.jpg
fMQxVXmtpiw,[BadComedian] - –Å–ª–∫–∏ –í–ï–ß–ù–´–ï,2022-12-31T09:20:01Z,UC6cqazSR6CnVMClY0bJI0Lg,BadComedian,2023-01-04T00:00:00Z,4360238,417437,0,20346,https://i.ytimg.com/vi/fMQxVXmtpiw/default.jpg
jpyc_yX6vz0,–°–∞—Ä—Ö–∞—Ç.“≤–∞–≤–æ–∏ –Ω–æ–º—É—Å–æ–∏–¥ –º—É—Å–æ—Ñ–∏—Ä–æ–Ω—Ä–æ –¥–∞—Ä —Ñ—É—Ä—É–¥–≥–æ“≥“≥–æ–∏ –¢–æ“∑–∏–∫–∏—Å—Ç–æ–Ω —Å–∞—Ä—Å–æ–Ω –∫–∞—Ä–¥–∞–∞—Å—Ç,2023-01-03T10:00:11Z,UCyTDJHSzuKZ2JZO41c5Do1A,Ozodivideo,2023-01-04T00:00:00Z,217029,1246,0,61,https://i.ytimg.com/vi/jpyc_yX6vz0/default.jpg
nJxYxeFQCeU,–Ø –ü–†–û–ñ–ò–õ –ñ–ò–ó–ù–¨ –û–¢ –ë–û–ú–ñ–ê –î–û –ú–ò–õ–õ–ò–ê–†–î–ï–†–ê ! –û–ß–ï–ù–¨ –ö–†–£–¢–ê–Ø –ò–ì–†–ê –ù–ê –¢–ï–õ–ï–§–û–ù,2023-01-01T10:00:21Z,UCBYvr4SqfGQd5fTmOXVQ4Zw,–ì–õ–ï–ù–¢,2023-01-04T00:00:00Z,3506742,152758,0,7443,https://i.ytimg.com/vi/nJxYxeFQCeU/default.jpg
SAA5LY1oRok,"–ù–∞—á–∞–ª–æ 2023 –≥–æ–¥–∞ –≤ –¥–µ—Ä–µ–≤–Ω–µ : –¥–æ–∂–¥—å , –≥–æ–ª–æ–ª—ë–¥ –∏ –∏—Å–ø—ã—Ç–∞–Ω–∏–µ –¥–æ–º–∞ –Ω–∞ –±–µ—Ä–µ–≥—É !..",2023-01-03T06:00:14Z,UCdqYirwMU7IhIH3sMMLgFyA,–î–µ—Ä–µ–≤–µ–Ω—Å–∫–∏–π –±–ª–æ–∫–Ω–æ—Ç,2023-01-04T00:00:00Z,157100,16400,0,639,https://i.ytimg.com/vi/SAA5LY1oRok/default.jpg
P1jXYIFlqcc,ÏÜêÍ∞ÄÎùΩ ÌïòÌä∏ | Fancy Refill,2022-12-31T09:00:01Z,UC6u3fosnyufBiUiS3w609zw,ÌÇ§ÏóêÏª§,2023-01-04T00:00:00Z,34377508,1200593,0,4690,https://i.ytimg.com/vi/P1jXYIFlqcc/default.jpg
UZCn2AhKh-0,–ú–∞—Ä–∑“≥–æ–∏ –†—É—Å–∏—è –±–∞—Å—Ç–∞ –º–µ—à–∞–≤–∞–Ω–¥?,2023-01-02T04:00:31Z,UCyTDJHSzuKZ2JZO41c5Do1A,Ozodivideo,2023-01-04T00:00:00Z,360531,2152,0,193,https://i.ytimg.com/vi/UZCn2AhKh-0/default.jpg
GZ3rnAwx68M,–ó–ê –¢–ê–ö–£–Æ –†–´–ë–ê–õ–ö–£ –ò –ü–û–°–ê–î–ò–¢–¨ –ú–û–ì–£–¢ –®–¢–†–ê–§ 500—Ç –†—ã–±–∞–ª–∫–∞ –∑–∏–º–æ–π,2023-01-02T11:23:31Z,UCrxFUZ-qssXOMkarqLsw08g,–ù–∞ —Ä—ã–±–∞–ª–∫–µ,2023-01-04T00:00:00Z,99426,2350,0,126,https://i.ytimg.com/vi/GZ3rnAwx68M/default.jpg
6mrb5NcoBYY,–ù–æ–≤–æ–≥–æ–¥–Ω–µ–µ –ø–æ–∑–¥—Ä–∞–≤–ª–µ–Ω–∏–µ –í.–í. –ü—É—Ç–∏–Ω–∞ —Å 2023 –≥–æ–¥–æ–º –≤–º–µ—Å—Ç–µ —Å –≤–æ–µ–Ω–Ω—ã–º–∏,2022-12-31T12:41:35Z,UC5Z2ZmwAJhPLRIBUVkQljMg,–†–æ—Å—Å–∏—è - –£–∫—Ä–∞–∏–Ω–∞,2023-01-04T00:00:00Z,2122871,34545,0,25053,https://i.ytimg.com/vi/6mrb5NcoBYY/default.jpg
OgH37hH-4Co,VLOG: –¢–∞–∫ –∏ –≤—Å—Ç—Ä–µ—Ç–∏–ª–∏  2023,2023-01-02T16:18:54Z,UCVfQ8FrpFRLVtmPNbPoSPPA,Ekaterina Saibel,2023-01-04T00:00:00Z,68512,1895,0,1056,https://i.ytimg.com/vi/OgH37hH-4Co/default.jpg
8GEZ-k65xh0,üî• –ü–û–ß–ï–ú–£ –î–ï–í–£–®–ö–ò –õ–Æ–ë–Ø–¢ –ü–õ–û–•–ò–•?,2023-01-02T11:00:04Z,UCWY_d_CEgiK_RfWFT_eA5-g,SJBody,2023-01-04T00:00:00Z,507498,49474,0,1044,https://i.ytimg.com/vi/8GEZ-k65xh0/default.jpg
pXZGpnAGqHY,–°–ø—ë—Ä–ª–∏ –º–æ–π –±–ª–æ–∫ –ø–∏—Ç–∞–Ω–∏—è?,2023-01-02T13:00:21Z,UCnyhabl2L9nAapKCXGG5HdA,–ñ–ï–õ–ï–ó–ù–´–ô –ö–û–†–û–õ–¨,2023-01-04T00:00:00Z,333792,18308,0,411,https://i.ytimg.com/vi/pXZGpnAGqHY/default.jpg
kkGgeeOBsvo,–£–¥–∞—Ä –ø–æ –≤–æ–µ–Ω–Ω—ã–º –†–§ –≤ –ú–∞–∫–µ–µ–≤–∫–µ. –ù–æ–≤—ã–µ –æ–±—Å—Ç—Ä–µ–ª—ã –£–∫—Ä–∞–∏–Ω—ã. –†–∞–∑–±–æ—Ä –Ω–æ–≤–æ–≥–æ–¥–Ω–µ–≥–æ –æ–±—Ä–∞—â–µ–Ω–∏—è –ü—É—Ç–∏–Ω–∞,2023-01-02T18:18:38Z,UCdubelOloxR3wzwJG9x8YqQ,–¢–µ–ª–µ–∫–∞–Ω–∞–ª –î–æ–∂–¥—å,2023-01-04T00:00:00Z,445789,19149,0,1365,https://i.ytimg.com/vi/kkGgeeOBsvo/default.jpg
WI50RG17V70,–ü–æ—Å–ª–µ–¥—Å—Ç–≤–∏—è –∑–∏–º–Ω–µ–≥–æ —à—Ç–æ—Ä–º–∞ –≤ –°–®–ê | –£–±—ã—Ç–∫–∏ –≤—Å–µ—Ö —Ñ–æ—Ä–º –∏ –≤–∏–¥–æ–≤ | AfterShock.news,2023-01-03T05:04:30Z,UCYxi11Gi24mfldWI4HfW3-g,aftershock.news,2023-01-04T00:00:00Z,177328,9675,0,660,https://i.ytimg.com/vi/WI50RG17V70/default.jpg
YA3krR7EgyQ,–ü–µ—Ä–≤—ã–µ –≤—Å—Ç—Ä–µ—á–Ω—ã–µ - 1 —Å–µ—Ä–∏—è/ 2022/ –ö—Ä–∏–º–∏–Ω–∞–ª—å–Ω—ã–π –¥–µ—Ç–µ–∫—Ç–∏–≤ —Å –∑–∞–ø—É—Ç–∞–Ω–Ω—ã–º —Å—é–∂–µ—Ç–æ–º.,2023-01-01T09:00:13Z,UC28TtE_DvHNAwMRNdUd9aKg,MARS MEDIA,2023-01-04T00:00:00Z,665429,3117,0,228,https://i.ytimg.com/vi/YA3krR7EgyQ/default.jpg
5-gLgn1Jt-Y,"–†–µ—Å—Ç–æ—Ä–∞–Ω—ã –≤ 90-—Ö. –î—ã–º —Å–∏–≥–∞—Ä–µ—Ç, –º–æ—Ä–µ –≤–æ–¥–∫–∏, –±–∞–Ω–¥–∏—Ç—ã –∏ –ø—Ä–æ—Å—Ç–∏—Ç—É—Ç–∫–∏, –±–∏–∑–Ω–µ—Å–º–µ–Ω—ã –∏ —á–∏–Ω–æ–≤–Ω–∏–∫–∏",2023-01-02T08:00:02Z,UCtF3s7V8QTjgrFEDi7JLzLA,–†–æ—Å—Å–∏—è 90—Ö,2023-01-04T00:00:00Z,195663,1667,0,284,https://i.ytimg.com/vi/5-gLgn1Jt-Y/default.jpg
MpfnVKhAvp4,–û—Ç –ø–µ—Ä–≤–æ–≥–æ –ª–∏—Ü–∞: –®–∫–æ–ª–∞ 4 ü§Ø –ù–ê–ö–ê–ó–ê–õ–ò –ó–ê–î–ò–†–£ü•∂ –°–î–ï–õ–ê–õ–ò –î–ò–°–° –Ω–∞ –£–ß–ò–õ–ö–£ –∏ –ö–û–ù–ï–¶ –ò–°–¢–û–†–ò–ò –ì–õ–ê–ó–ê–ú–ò –®–ö–û–õ–¨–ù–ò–ö–ê,2022-12-31T18:30:01Z,UCLSI-9F_zowzLE_ozfXhjAw,–†—É—Å–ª–∞–Ω –ì–ª–∞–¥–µ–Ω–∫–æ,2023-01-04T00:00:00Z,4127240,235867,0,24652,https://i.ytimg.com/vi/MpfnVKhAvp4/default.jpg
xQ5bUdkuC5E,–ü–†–û–¢–ò–í–û–°–¢–û–Ø–ù–ò–ï –®–¢–ê–ë–û–í. –ë–µ—Å–µ–¥–∞ —Å –Æ—Ä–∏–µ–º –§—ë–¥–æ—Ä–æ–≤—ã–º,2023-01-02T20:08:44Z,UCQVtD_N4OeD-9PshBq7NwyQ,–§–ï–ô–ì–ò–ù LIVE,2023-01-04T00:00:00Z,803662,69748,0,997,https://i.ytimg.com/vi/xQ5bUdkuC5E/default.jpg
Anmdm5ZILU0,"–õ—É—á—à–µ–µ –∑–∞ 2022 –≥–æ–¥ –ë–∞–≥–∏, –ü—Ä–∏–∫–æ–ª—ã, VR",2022-12-31T13:07:03Z,UCf31Gf5nCU8J6eUlr7QSU0w,Marmok,2023-01-04T00:00:00Z,2745211,222744,0,6242,https://i.ytimg.com/vi/Anmdm5ZILU0/default.jpg
fnCB3JaRkek,Alparslan B√ºy√ºk Sel√ßuklu 40. B√∂l√ºm,2023-01-02T20:59:29Z,UCubM4jGmZ8sA0ASaG1ly2sw,Alparslan: B√ºy√ºk Sel√ßuklu,2023-01-04T00:00:00Z,957061,17765,0,1096,https://i.ytimg.com/vi/fnCB3JaRkek/default.jpg
D2DjWXsqrb8,üî• –ö–ê–ö –°–ü–ê–†–¢–ê–ö –£–ß–ò–õ–°–Ø –í –®–ö–û–õ–ï?,2023-01-02T07:00:02Z,UCWY_d_CEgiK_RfWFT_eA5-g,SJBody,2023-01-04T00:00:00Z,478533,62883,0,1169,https://i.ytimg.com/vi/D2DjWXsqrb8/default.jpg
21zL2gMxj98,–§–ê–†–ú –ú–ò–õ–õ–ò–û–ù–û–í –°–ï–†–ï–ë–†–ê –ù–ê –õ–£–ß–®–ò–• –ü–†–ï–ú–ê–• –ò–ì–†–´,2023-01-02T15:33:00Z,UCWyKpCMEyF22WziHeQ-2qJA,Sh0tnik,2023-01-04T00:00:00Z,40000,1502,0,3,https://i.ytimg.com/vi/21zL2gMxj98/default.jpg
B6grWxift5A,–ö–ò–õ–õ–ï–† –í–´–•–û–î–ò–¢ –ò–ó –¢–Æ–†–¨–ú–´ –ò –ü–û–õ–£–ß–ê–ï–¢ –ü–†–ê–í–û –ù–ê –ú–ï–°–¢–¨! –°–ò–õ–¨–ù–´–ô –ë–û–ï–í–ò–ö! –î–ñ–û–ö–ï–† 2. –û–ü–ï–†–ê–¶–ò–Ø ¬´–ö–ê–ü–ö–ê–ù¬ª,2023-01-01T15:08:56Z,UCyN8Cpug_YwyAKCXbJ9jXrg,–ö–∏–Ω–æ–ú–£–†,2023-01-04T00:00:00Z,830756,4115,0,148,https://i.ytimg.com/vi/B6grWxift5A/default.jpg
5DK1aOe9_E4,‚ùå –ú–æ–±—ñ–ª—ñ–∑–∞—Ü—ñ—è –ù–ï –ó–ê–ö–Ü–ù–ß–ò–¢–¨–°–Ø! –ü–æ—Ç–∞–ø–µ–Ω–∫–æ: –¶–ê–† –≤—ñ–¥–ø—Ä–∞–≤–∏—Ç—å –Ω–∞ –í–Ü–ô–ù–£ –ú–Ü–õ–¨–ô–û–ù–ò —Ä–æ—Å—ñ—è–Ω,2022-12-31T15:30:01Z,UCgdCCWYjIIuJWT1M-jGgtpw,–°–µ–π—á–∞—Å,2023-01-04T00:00:00Z,398326,10515,0,1779,https://i.ytimg.com/vi/5DK1aOe9_E4/default.jpg
4AMcT6eBffs,ETOLUBOV - –ø—Ä–∏—Ç—è–∂–µ–Ω–∏–µ                              –†–∞—Å—Ü–≤–µ—Ç–∞—Ç—å —è –≤ —Ç–µ–±–µ –±—É–¥—É,2023-01-01T16:45:17Z,UCxJngpor_wYosmdMF9Ly4Fw,ETOLUBOV official,2023-01-04T00:00:00Z,109062,5824,0,115,https://i.ytimg.com/vi/4AMcT6eBffs/default.jpg
arD0CZOdqxs,—Å–ø–æ—Ä–∏–º —Ç—ã –Ω–µ –∑–Ω–∞–µ—à—å —Ç—Ä–∏ —Å–ª–æ–≤–∞ –Ω–∞ –±—É–∫–≤—É –°? #shorts,2023-01-02T10:00:01Z,UCi0p3812Tt3gzuO-0c6pukQ,KATYA KLON LIFE,2023-01-04T00:00:00Z,388245,10771,0,301,https://i.ytimg.com/vi/arD0CZOdqxs/default.jpg
FWzqA0p38HQ,–í–∏–∑–≥–∏ —à–∞–º–ø–∞–Ω—Å–∫–æ–≥–æ | –£—Ä–∞–ª—å—Å–∫–∏–µ –ø–µ–ª—å–º–µ–Ω–∏ 2023,2022-12-31T22:15:00Z,UCdmauIL-k-djcct-yMrf82A,–°–¢–°,2023-01-04T00:00:00Z,1369339,15983,0,1603,https://i.ytimg.com/vi/FWzqA0p38HQ/default.jpg
